Date,Adj Close,Close,High,Low,Open,Volume,SMA_20,SMA_50,SMA_200,EMA_20,RSI,MACD,MACD_Signal,MACD_Histogram,BB_High,BB_Low,BB_Middle,Daily_Return,RSI_Signal
2021-07-22,663.5917358398438,678.7000122070312,713.9500122070312,670.0999755859375,687.4500122070312,719984,,,,,,,,,,,,,HOLD
2021-07-23,680.9954223632812,696.5,700.0,662.2000122070312,679.9000244140625,468334,,,,,,,,,,,,0.026226591237394903,HOLD
2021-07-26,687.8397827148438,703.5,709.9000244140625,700.0,701.0999755859375,323649,,,,,,,,,,,,0.01005025125628145,HOLD
2021-07-27,689.3552856445312,705.0499877929688,714.0,701.5999755859375,710.0,359641,,,,,,,,,,,,0.0022032520155916835,HOLD
2021-07-28,684.759765625,700.3499755859375,706.9000244140625,681.9500122070312,705.0499877929688,285523,,,,,,,,,,,,-0.0066662113160852465,HOLD
2021-07-29,675.9111938476562,691.2999877929688,723.9000244140625,686.0,700.3499755859375,435245,,,,,,,,,,,,-0.012922093393945233,HOLD
2021-07-30,657.4319458007812,672.4000244140625,689.0,666.0,682.9500122070312,781968,,,,,,,,,,,,-0.027339742098428044,HOLD
2021-08-02,722.7938842773438,739.25,755.0,680.0,680.0,5642093,,,,,,,,,,,,0.09941994818365951,HOLD
2021-08-03,703.6303100585938,719.6500244140625,744.9500122070312,712.8499755859375,742.0,760144,,,,,,,,,,,,-0.026513325107795027,HOLD
2021-08-04,702.407958984375,718.4000244140625,723.5999755859375,706.0,720.9000244140625,817621,,,,,,,,,,,,-0.0017369554055358671,HOLD
2021-08-05,687.6929931640625,703.3499755859375,722.5,693.5999755859375,722.5,449536,,,,,,,,,,,,-0.02094939910448923,HOLD
2021-08-06,682.5599365234375,698.0999755859375,706.6500244140625,688.5499877929688,703.3499755859375,339354,,,,,,,,,,,,-0.007464278356768883,HOLD
2021-08-09,684.075439453125,699.6500244140625,712.0499877929688,695.2000122070312,700.2999877929688,337434,,,,,,,,,,,,0.002220382298142809,HOLD
2021-08-10,684.2219848632812,699.7999877929688,706.0499877929688,680.0,696.6500244140625,421237,,,,,52.79816023754253,,,,,,,0.00021434056124247647,HOLD
2021-08-11,677.3290405273438,692.75,700.0,666.5499877929688,694.0,343497,,,,,49.24725658709903,,,,,,,-0.010074289676973325,HOLD
2021-08-12,674.7868041992188,690.1500244140625,697.25,681.3499755859375,685.8499755859375,231200,,,,,47.96604862099451,,,,,,,-0.0037531224625586557,HOLD
2021-08-13,676.2536010742188,691.6500244140625,696.5999755859375,681.2999877929688,690.1500244140625,172973,,,,,48.79373791027179,,,,,,,0.0021734404795152873,HOLD
2021-08-16,678.9910888671875,694.4500122070312,704.0,690.4000244140625,691.6500244140625,219056,,,,,50.380396121514345,,,,,,,0.004048272528206498,HOLD
2021-08-17,680.7021484375,696.2000122070312,703.0499877929688,688.2000122070312,695.5,181256,,,,,51.394110938213736,,,,,,,0.002519979795865046,HOLD
2021-08-18,669.3115844726562,684.5499877929688,698.0999755859375,676.2000122070312,696.4500122070312,108118,698.7875030517578,,,694.5546308855714,44.82830173937253,,,,727.4069152138495,670.168090889666,698.7875030517578,-0.016733731987637612,HOLD
2021-08-20,641.7393188476562,656.3499755859375,678.9500122070312,643.4500122070312,678.0,455423,697.6700012207032,,,690.9160922856063,33.62890226927175,,,,730.739062303974,664.6009401374323,697.6700012207032,-0.0411949641514856,HOLD
2021-08-23,649.3167114257812,664.0999755859375,684.0,652.2000122070312,659.7000122070312,513598,696.05,,,688.3621764094473,38.19850572935117,,,,732.2187811345814,659.8812188654185,696.05,0.011807724976421907,HOLD
2021-08-24,658.947509765625,673.9500122070312,676.0499877929688,652.8499755859375,667.4500122070312,218328,694.5725006103515,,,686.9895893425505,43.520911923718295,,,,731.8019258418198,657.3430753788833,694.5725006103515,0.01483215928806958,HOLD
2021-08-25,660.3652954101562,675.4000244140625,680.0,666.0499877929688,674.2000122070312,100760,693.0900024414062,,,685.8858212541231,44.281633807713,,,,730.8894749370489,655.2905299457635,693.0900024414062,0.0021515129917168974,HOLD
2021-08-26,650.9299926757812,665.75,676.5499877929688,662.0999755859375,675.7999877929688,169269,691.3600036621094,,,683.9681239918257,40.38327992663031,,,,730.8034092266741,651.9165980975447,691.3600036621094,-0.014287865065498506,HOLD
2021-08-27,663.2005615234375,678.2999877929688,684.2000122070312,657.5,660.0,171694,690.7100036621093,,,683.4283014966965,46.927082137743916,-5.257926199117378,,,730.5622849650695,650.8577223591492,690.7100036621093,0.018850901679262178,HOLD
2021-08-30,682.6577758789062,698.2000122070312,702.9500122070312,670.2999877929688,672.0,222947,692.0000030517579,,,684.8351310881569,55.30467375867458,-3.3719107415980716,,,731.0604294311115,652.9395766724042,692.0000030517579,0.02933808753087641,HOLD
2021-08-31,687.9375,703.5999755859375,711.0,688.5999755859375,702.0,251207,690.2175018310547,,,686.6222591355646,57.275485956101456,-1.425070660704705,,,723.2842086033754,657.150795058734,690.2175018310547,0.007734121003287964,HOLD
2021-09-01,761.2190551757812,778.5499877929688,803.2999877929688,716.0,717.5999755859375,6201915,693.1625,,,695.3772809124603,74.24831785042106,6.095389871162297,,,742.6194103162417,643.7055896837584,693.1625,0.10652361399617027,SELL
2021-09-02,739.366455078125,756.2000122070312,797.0,750.2999877929688,784.0,1630602,695.0524993896485,,,701.1699219881336,65.84775853322225,10.135121410685315,,,750.7216708276852,639.3833279516117,695.0524993896485,-0.02870718121683513,HOLD
2021-09-03,745.5752563476562,762.5499877929688,784.2999877929688,753.0,763.5,871908,698.0125,,,707.015642540975,66.99048023648535,13.691204043541006,,,760.9523347634477,635.0726652365524,698.0125,0.00839721698417395,HOLD
2021-09-06,799.693115234375,817.9000244140625,824.9000244140625,767.25,772.8499755859375,2585800,704.0025024414062,,,717.5760598622214,74.88028852548636,20.736671089842275,,,785.8102310169432,622.1947738658693,704.0025024414062,0.07258545342226297,SELL
2021-09-07,774.1251220703125,791.75,821.0999755859375,785.0499877929688,820.5,1116188,708.6075012207032,,,724.640244637248,66.76148382223278,23.934266730240324,,,798.8505965367594,618.3644059046469,708.6075012207032,-0.031972152626839945,HOLD
2021-09-08,756.9658203125,774.2000122070312,795.75,768.5,795.75,726451,712.3275024414063,,,729.3602225010368,61.909997872016675,24.766751277207277,12.970566175084407,11.79618510212287,806.8442927849059,617.8107120979067,712.3275024414063,-0.02216607236244872,HOLD
2021-09-09,756.57470703125,773.7999877929688,785.0,764.4500122070312,771.3499755859375,520119,716.3800018310546,,,733.5925811002684,61.79976022118131,25.104829800607035,15.397418900188935,9.7074109004181,814.0879862658776,618.6720173962317,716.3800018310546,-0.0005166938875680316,HOLD
2021-09-13,741.9086303710938,758.7999877929688,774.5499877929688,756.0,773.0,481247,719.8125,,,735.9932864995733,57.6541436531665,23.88703001352019,17.095341122855185,6.791688890665004,818.4127573340403,621.2122426659597,719.8125,-0.019384854273237995,HOLD
2021-09-14,753.4459838867188,770.5999755859375,784.5,759.1500244140625,760.7999877929688,659522,723.7599975585938,,,739.2891616506556,59.93124902781228,23.602006072494987,18.396674112783145,5.205331959711842,823.8446034053038,623.6753917118838,723.7599975585938,0.015550853957299049,HOLD
2021-09-15,758.7747192382812,776.0499877929688,784.5499877929688,767.6500244140625,774.0,425673,727.8399963378906,,,742.7901927118284,60.97504407095997,23.544486795358125,19.426236649298144,4.118250146059982,829.4538553080896,626.2261373676916,727.8399963378906,0.007072427173238971,HOLD
2021-09-16,753.885986328125,771.0499877929688,787.0,762.0,774.9000244140625,972972,731.5824951171875,,,745.4816017671751,59.4450754604821,22.832248195944885,20.107438958627494,2.724809237317391,833.7713110390521,629.3936791953229,731.5824951171875,-0.006442883936149113,HOLD
2021-09-17,724.5049438476562,741.0,779.2999877929688,735.0,775.0,593116,734.404995727539,,,745.0547825512537,51.13989277453724,19.616879917239658,20.00932715034993,-0.3924472331102713,834.3350442181406,634.4749472369374,734.404995727539,-0.03897281404411013,HOLD
2021-09-20,701.576904296875,717.5499877929688,737.0,710.0,737.0,1011981,737.4649963378906,,,742.4352782885599,45.766324188429905,15.003506304391294,19.008162981158204,-4.00465667676691,831.2032553414923,643.7267373342889,737.4649963378906,-0.0316464402254133,HOLD
2021-09-21,708.61669921875,724.75,736.0,705.5499877929688,718.2000122070312,1065170,740.4974975585938,,,740.7509660706017,47.58734125929894,11.792419617912628,17.56501430850909,-5.772594690596463,828.2809009945489,652.7140941226386,740.4974975585938,0.01003416114489375,HOLD
2021-09-22,733.989013671875,750.7000122070312,779.0,726.75,729.9500122070312,3025955,744.3349975585937,,,741.6984942740712,53.63052959439046,11.21231085592865,16.294473617993003,-5.082162762064353,826.6886556042854,661.9813395129021,744.3349975585937,0.035805466998318325,HOLD
2021-09-23,828.4385986328125,847.2999877929688,888.6500244140625,760.0,760.0,7669511,752.9299957275391,,,751.755779371109,68.28843114027202,18.3360150252646,16.702781899447324,1.6332331258172772,840.4318857512155,665.4281057038627,752.9299957275391,0.12867986414698063,HOLD
2021-09-24,911.2532348632812,932.0,967.0,847.0,854.9000244140625,14671223,766.2424957275391,,,768.9218956214795,75.5781316995568,30.465003424874908,19.455226204532842,11.009777220342066,875.0580878443525,657.4269036107257,766.2424957275391,0.09996460926153938,SELL
2021-09-27,927.67919921875,948.7999877929688,976.0,904.0499877929688,936.0,5038193,779.7674957275391,,,786.0531424949547,76.72117628030121,40.96076255420951,23.75633347446818,17.20442907974133,907.155883068035,652.3791083870432,779.7674957275391,0.01802573797528839,SELL
2021-09-28,866.86376953125,886.5999755859375,953.0,866.3499755859375,948.7999877929688,3411212,789.1874938964844,,,795.6290313607626,64.6553998694219,43.755322008777284,27.75613118133,15.999190827447283,918.8980973341597,659.4768904588091,789.1874938964844,-0.06555650612065933,HOLD
2021-09-29,913.7952880859376,934.5999755859376,949.0,881.0,881.0,2206118,800.7374938964844,,,808.8643593822078,68.74095584611455,49.27521534772609,32.05994801460922,17.21526733311687,938.7778646300903,662.6971231628784,800.7374938964844,0.054139410468940996,HOLD
2021-09-30,942.7363891601562,964.2000122070312,982.9500122070312,936.0,940.7000122070312,1499959,810.0199951171875,,,823.6582310798101,70.96948598750019,55.3996336731127,36.727885146309916,18.671748526802787,964.7973401315287,655.2426501028463,810.0199951171875,0.03167134324237075,SELL
2021-10-01,895.804931640625,916.2000122070312,989.5,908.8499755859376,960.0,3896753,818.0199951171875,745.7309985351562,,832.4717340443074,63.11192246977867,55.73757243319483,40.5298226036869,15.207749829507925,977.3170372223015,658.7229530120735,818.0199951171875,-0.04978220223222063,HOLD
2021-10-04,897.075927734375,917.5,941.9500122070312,905.0,922.0,2019471,825.7674957275391,750.5069982910156,,840.5696641353258,63.23065912359987,55.470855987305754,43.51802928041067,11.952826706895081,988.5536207271716,662.9813707279066,825.7674957275391,0.0014188908269463507,HOLD
2021-10-05,866.961669921875,886.7000122070312,924.0,882.25,921.9000244140624,1192687,829.2074951171875,754.3109985351563,,844.9630306183453,58.43173871907454,52.172764520719284,45.248976328472395,6.923788192246889,994.0776349276574,664.3373553067175,829.2074951171875,-0.03356946898416213,HOLD
2021-10-06,838.6070556640625,857.7000122070312,894.7000122070312,848.5999755859375,893.7000122070312,1449763,832.504995727539,757.3949987792969,,846.1760764839345,54.25633540268494,46.68083799253088,45.5353486612841,1.145489331246786,996.8838899869755,668.1261014681025,832.504995727539,-0.03270553693556166,HOLD
2021-10-07,916.5818481445312,937.4500122070312,952.0,867.0499877929688,867.0499877929688,5192469,840.6674957275391,762.0429992675781,,854.8688322670866,62.2460216027459,48.20789455315207,46.06985783965769,2.1380367134943796,1008.8243044777822,672.5106869772959,840.6674957275391,0.09298122754456717,HOLD
2021-10-08,897.369384765625,917.7999877929688,980.0,906.0,980.0,4095012,847.8674957275391,766.3919995117187,,860.862275650504,59.48892504466315,47.28740535760926,46.31336734324801,0.9740380143612484,1016.2865679017873,679.4484235532909,847.8674957275391,-0.0209611436963989,HOLD
2021-10-11,941.220947265625,962.6500244140624,997.4000244140624,912.5499877929688,916.0,4154112,858.0599975585938,771.8190002441406,,870.556346961319,63.46648080729359,49.605117252725904,46.97171732514359,2.6333999275823174,1028.3475105539098,687.7724845632775,858.0599975585938,0.04886689607497652,HOLD
2021-10-12,956.1314086914062,977.9000244140624,1004.0,936.0499877929688,960.0,3788357,868.425,777.9290002441406,,880.7795543377707,64.73438291073832,52.072212130635194,47.99181628624191,4.080395844393287,1041.3717527834533,695.4782472165465,868.425,0.015841686608050853,HOLD
2021-10-13,943.665283203125,965.1500244140624,986.75,962.4000244140624,980.8499755859376,1098707,877.8800018310546,782.4470007324219,,888.8148372021794,62.7728697716123,52.394611683064,48.87237536560633,3.5222363174576685,1050.2676712084506,705.4923324536587,877.8800018310546,-0.013038142633895022,HOLD
2021-10-14,935.0611572265624,956.3499755859376,1007.7000122070312,950.7000122070312,974.0499877929688,1731971,887.1450012207031,787.1809997558594,,895.2467551434897,61.39021130327941,51.348116136050294,49.367523519695126,1.9805926163551675,1055.4397565607092,718.850245880697,887.1450012207031,-0.009117804077627412,HOLD
2021-10-18,945.3762817382812,966.9000244140624,984.0,943.0499877929688,960.0,1148392,898.4400024414062,792.1509997558594,,902.0708760264014,62.45783049376702,50.784647837516104,49.650948383259326,1.133699454256778,1055.9624355523906,740.9175693304218,898.4400024414062,0.011031577453286312,HOLD
2021-10-19,879.2322387695312,899.25,982.7999877929688,871.0,975.6500244140624,1495246,907.5250030517578,796.0690002441406,,901.8022211667441,52.443754285252936,44.367858501217825,48.59433040685103,-4.226471905633204,1041.4617781665515,773.588227936964,907.5250030517578,-0.06996589379037199,HOLD
2021-10-20,862.5617065429688,882.2000122070312,920.8499755859376,867.7999877929688,904.7999877929688,1373791,915.3975036621093,799.7510009765625,,899.9353441229619,50.2567038568051,37.47472984113233,46.370410293707295,-8.895680452574965,1020.9346314838101,809.8603758404086,915.3975036621093,-0.018960231073637757,HOLD
2021-10-21,866.1304931640625,885.8499755859375,921.0,875.2000122070312,890.0,1364744,922.1550018310547,803.475,,898.5938804527691,50.73039279292545,31.938233185067702,43.48397487197938,-11.545741686911676,997.6863778783912,846.6236257837182,922.1550018310547,0.0041373422448443,HOLD
2021-10-22,895.2181396484375,915.5999755859376,934.4500122070312,888.0499877929688,893.7999877929688,2179432,925.5700012207031,807.7909997558594,,900.2135085606899,54.53103426876292,29.609773033620172,40.70913450430754,-11.09936147068737,992.9961010097713,858.143901431635,925.5700012207031,0.03358356473433588,HOLD
2021-10-25,887.7874145507812,908.0,912.9000244140624,848.7999877929688,910.0,1633988,924.3700012207031,812.0959997558593,,900.9550791739575,53.39782202688985,26.8417817225411,37.935663947954254,-11.093882225413154,992.1489872302632,856.591015211143,924.3700012207031,-0.00830054149037518,HOLD
2021-10-26,919.4171752929688,940.3499755859376,951.25,899.0,907.8499755859376,1564628,923.9475006103515,817.0999987792969,,904.7069740703365,57.45106518556829,26.947863144106122,35.73810378718463,-8.790240643078505,991.2155018054193,856.6794994152838,923.9475006103515,0.0356277264162308,HOLD
2021-10-27,910.3241577148438,931.0499877929688,949.6500244140624,922.1500244140624,937.4000244140624,680198,926.1700012207032,821.887998046875,,907.215832520111,55.94463843115962,25.981997845390424,33.786882598825784,-7.80488475343536,991.2572310639957,861.0827713774106,926.1700012207032,-0.00988992187421922,HOLD
2021-10-28,871.899169921875,891.75,931.2000122070312,884.0,926.7000122070312,878249,924.0275024414062,825.8339978027344,,905.7428960896243,49.98053022252033,21.7941328689476,31.38833265285015,-9.59419978390255,990.666235081241,857.3887698015715,924.0275024414062,-0.04221039504670254,HOLD
2021-10-29,885.1474609375,905.2999877929688,926.5499877929688,868.5,882.8499755859375,984476,921.0825012207031,830.0159973144531,,905.7007143470856,51.88510385531144,19.345586596028966,28.979783441485914,-9.634196845456948,985.5294283149505,856.6355741264557,921.0825012207031,0.015194827914739362,HOLD
2021-11-01,942.9807739257812,964.4500122070312,987.7000122070312,935.0,936.0,5039610,923.4950012207031,835.6139978027344,,911.2958855718424,59.19017034891918,21.925267827245534,27.568880318637838,-5.643612491392304,990.5882665230222,856.401735918384,923.4950012207031,0.06533748504544268,HOLD
2021-11-02,950.3627319335938,972.0,996.0,945.2000122070312,963.4500122070312,2963014,926.2200012207031,841.9269982910156,,917.0772298030955,60.024456439537204,24.298803227469648,26.914864900404204,-2.6160616729345563,996.4707145431745,855.9692878982318,926.2200012207031,0.00782828316388473,HOLD
2021-11-03,1012.4491577148438,1035.5,1051.9000244140625,974.25,978.3499755859376,6664796,933.6600006103515,849.3549987792969,,928.3555888694674,66.27010289440042,30.94702836180511,27.721297592684387,3.225730769120723,1016.0602802151967,851.2597210055063,933.6600006103515,0.06532921810699599,HOLD
2021-11-04,1008.978271484375,1031.949951171875,1043.199951171875,1020.0,1037.75,371425,942.3724975585938,856.5149975585938,,938.2217186125538,65.65254191242764,35.51988429145615,29.28101493243874,6.238869359017411,1027.6037980021222,857.1411971150653,942.3724975585938,-0.0034283426635682845,HOLD
2021-11-08,983.0191040039062,1005.4000244140624,1031.949951171875,982.5,1031.949951171875,1594382,945.7699981689453,863.1149975585937,,944.6196524984117,61.069044275022186,36.57987829222384,30.74078760439576,5.8390906878280795,1035.2565904026524,856.2834059352383,945.7699981689453,-0.025727920940024962,HOLD
2021-11-09,991.4766845703124,1014.0499877929688,1031.199951171875,991.5999755859376,1012.0,1663582,950.5824981689453,870.0809973144532,,951.2320653836076,61.9998653894093,37.68351878125986,32.129333839768584,5.554184941491279,1043.8089786620255,857.3560176758651,950.5824981689453,0.008603504245931815,HOLD
2021-11-10,959.553466796875,981.4000244140624,1008.9500122070312,975.0,1008.0,1026336,951.5199981689453,876.142998046875,,954.105204338889,56.50783488011959,35.5141970853922,32.80630648889331,2.707890596498885,1045.5863576550287,857.453638682862,951.5199981689453,-0.03219758766524661,HOLD
2021-11-11,935.9410400390624,957.25,985.9500122070312,949.0,985.0,1217830,950.4874969482422,881.3239978027344,,954.4047086875662,52.78341017470617,31.483368201349776,32.54171883138461,-1.0583506300348304,1043.8234556090938,857.1515382873906,950.4874969482422,-0.02460772754563667,HOLD
2021-11-12,952.3671264648438,974.0499877929688,978.4500122070312,953.2000122070312,967.6500244140624,1114116,950.9324951171875,886.732998046875,,956.2756876499855,55.005131548874196,29.3066965269511,31.89471437049791,-2.588017843546808,1044.6280090881517,857.2369811462235,950.9324951171875,0.017550261470847373,HOLD
2021-11-15,941.4654541015624,962.9000244140624,983.0,950.0,980.5999755859376,797557,951.2599975585938,890.4199987792969,,956.9065768656118,53.21542563103514,26.377891765763593,30.791349849551047,-4.413458083787454,1045.074681054596,857.4453140625916,951.2599975585938,-0.011447013519470639,HOLD
2021-11-16,948.4560546875,970.0499877929688,991.7999877929688,957.75,962.9000244140624,1430064,951.4174957275391,894.6969982910156,,958.1583302872649,54.243550453078285,24.35300885470872,29.503681650582582,-5.150672795873863,1045.3471836614176,857.4878077936605,951.4174957275391,0.007425447292160214,HOLD
2021-11-17,936.0388793945312,957.3499755859376,976.25,952.6500244140624,968.0,744125,954.3224945068359,898.592998046875,,958.0813441252337,52.055318893182935,21.475928576202136,27.898131035706495,-6.4222024595043585,1045.1618006748295,863.4831883388425,954.3224945068359,-0.013092121402862866,HOLD
2021-11-18,900.9869384765624,921.5,968.0,911.2999877929688,960.0,991855,956.2874938964844,900.6649975585938,,954.5974065894973,46.36887057609127,16.11723881181365,25.541952590927927,-9.424713779114278,1042.3773736338283,870.1976141591407,956.2874938964844,-0.037447095106464046,HOLD
2021-11-22,867.0592041015625,886.7999877929688,928.0,865.9000244140625,921.5,1275312,956.334994506836,902.5659973144532,,948.1405095612565,41.62869695969237,8.967070771212661,22.226976226984878,-13.259905455772216,1042.2702740589843,870.3997149546877,956.334994506836,-0.03765600890616527,HOLD
2021-11-23,869.8458862304688,889.6500244140625,897.0,870.5499877929688,886.5,1728578,955.0374969482422,904.8749975585938,,942.5699871662856,42.15177115279262,3.4902517716128614,18.479631335910476,-14.989379564297614,1044.1197452696965,865.9552486267877,955.0374969482422,0.003213843775738967,HOLD
2021-11-24,859.2862548828125,878.8499755859375,908.3499755859376,872.2999877929688,899.7000122070312,1388942,953.5799957275391,906.9759973144531,,936.5014146348238,40.66466798698934,-1.7020205906774208,14.443300950592896,-16.145321541270317,1046.5614572411494,860.5985342139287,953.5799957275391,-0.012139660014327647,HOLD
2021-11-25,860.4596557617188,880.0499877929688,890.75,867.0999755859375,872.0,1332338,950.5649963378906,909.4009973144531,,931.1250882689329,40.91410089345427,-5.654916532188054,10.423657454036707,-16.07857398622476,1048.8274867740222,852.3025059017592,950.5649963378906,0.0013654346479683444,HOLD
2021-11-26,820.5679321289062,839.25,874.5,825.0,868.0,1555190,945.9749969482422,910.7739978027344,,922.3750798623679,35.456570645035825,-11.942171164637557,5.950491730301854,-17.892662894939413,1055.3974956373243,836.5524982591601,945.9749969482422,-0.046360988988010665,HOLD
2021-11-29,809.5682983398438,828.0,840.0,800.0,825.0,1333300,942.7874969482422,911.812998046875,,913.3869770183329,34.10565956104705,-17.629425692458312,1.2345082457498209,-18.863933938208135,1061.6495704474974,823.9254234489871,942.7874969482422,-0.013404825737265424,HOLD
2021-11-30,814.2125854492188,832.75,855.7000122070312,819.5499877929688,826.0,1902499,939.1599975585938,913.0469982910156,,905.7072649213488,35.227792994931434,-21.50542937445516,-3.3134792782911755,-18.191950096163986,1066.5026258793891,811.8173692377984,939.1599975585938,0.005736714975845381,HOLD
2021-12-01,818.12353515625,836.75,845.7000122070312,820.7999877929688,835.1500244140625,929203,932.7749969482422,914.9619982910157,,899.1399063574108,36.212893081275645,-23.978019958646883,-7.446387414362317,-16.531632544284566,1067.0237087047358,798.5262851917488,932.7749969482422,0.004803362353647644,HOLD
2021-12-02,830.6874389648438,849.5999755859375,854.7999877929688,830.0,844.7000122070312,610249,926.654995727539,917.602998046875,,894.4218177125086,39.40135734019064,-24.616911737598116,-10.880492279009477,-13.736419458588639,1064.3096201008389,789.0003713542392,926.654995727539,0.015357006974529464,HOLD
2021-12-03,836.0160522460938,855.0499877929688,877.7000122070312,850.7999877929688,851.0,1978358,917.6324951171875,920.2089978027344,,890.6721196249334,40.75401357497251,-24.402174559433888,-13.584828735094359,-10.81734582433953,1049.0827974506042,786.1821927837709,917.6324951171875,0.0064147979798052646,HOLD
2021-12-06,823.2565307617188,842.0,877.3499755859375,835.0999755859375,861.9000244140625,1472636,908.1349975585938,922.0349975585938,,886.036679660654,38.53588269884944,-24.99687038840875,-15.867237065757237,-9.129633322651515,1032.4279211536716,783.8420739635161,908.1349975585938,-0.015262251306093821,HOLD
2021-12-07,845.5001220703125,864.75,869.0,847.4000244140625,849.0,957249,901.1024963378907,922.3839978027344,,884.0093768358299,44.23412939121997,-23.363120734318954,-17.366413799469584,-5.996706934849371,1018.3000264950057,783.9049661807757,901.1024963378907,0.027019002375296974,HOLD
2021-12-08,859.823974609375,879.4000244140625,884.9500122070312,870.0,874.0,870463,894.3699981689454,921.3319982910157,,883.5703908908997,47.602878429971256,-20.648208137721326,-18.022772667119934,-2.625435470601392,999.7110027249603,789.0289936129304,894.3699981689454,0.016941340750578293,HOLD
2021-12-09,857.1841430664062,876.7000122070312,886.5999755859375,869.0,881.0,666664,889.1349975585938,919.8899987792969,,882.9160691114837,47.038891148865886,-18.50121823795405,-18.118461781286758,-0.3827564566672912,986.7808213425249,791.4891737746627,889.1349975585938,-0.003070288983480829,HOLD
2021-12-10,885.8319091796875,906.0,909.7999877929688,870.5999755859375,872.0,1159082,886.5724975585938,920.2779992675781,,885.1145387199138,53.480020301921364,-14.270942586697856,-17.34895794236898,3.0780153556711234,979.5100907456012,793.6349043715863,886.5724975585938,0.033420768090567377,HOLD
2021-12-13,868.7705078125,888.5499877929688,914.1500244140624,885.0,904.0,1089715,882.2974975585937,919.3569995117188,,885.4417243459189,49.61021573591306,-12.186015997964546,-16.316369553488094,4.130353555523548,966.170100721832,798.4248943953554,882.2974975585937,-0.01926049912475858,HOLD
2021-12-14,866.3748779296875,886.0999755859375,892.5,868.0,884.8499755859375,530972,878.4574951171875,917.7949987792969,,885.5044149402064,49.07330758571773,-10.609097097404401,-15.174915062271356,4.565817964866955,953.8177590970223,803.0972311373527,878.4574951171875,-0.0027573149971187316,HOLD
2021-12-15,843.8869018554688,863.0999755859375,891.0,860.0,883.0,509026,873.109994506836,916.732998046875,,883.3706588112284,44.23353655661549,-11.087475769644584,-14.357427203746003,3.2699514341014186,935.8325588223793,810.3874301912927,873.109994506836,-0.025956439040404122,HOLD
2021-12-16,845.4512939453125,864.7000122070312,880.75,852.25,872.0,539890,868.4774963378907,915.6769982910156,,881.5925019917811,44.6425544395214,-11.208282625476159,-13.727598288092034,2.5193156626158757,917.9057331584719,819.0492595173095,868.4774963378907,0.0018538253578417319,HOLD
2021-12-17,817.830078125,836.4500122070312,870.0,831.2000122070312,870.0,773519,864.2249969482422,914.6719982910156,,877.2932172503763,39.17877390785188,-13.428763408529562,-13.66783131217954,0.23906790364997832,909.0991583330125,819.3508355634718,864.2249969482422,-0.032670289812874675,HOLD
2021-12-20,782.8760375976562,800.7000122070312,828.9500122070312,770.0,819.5499877929688,1264935,859.9199981689453,913.5319982910156,,869.9986262938673,33.5780743823734,-17.86727384073913,-14.50771981789146,-3.3595540228476715,911.3468102126033,808.4931861252874,859.9199981689453,-0.04274015120840413,HOLD
2021-12-21,800.2308959960938,818.4500122070312,831.9500122070312,801.0999755859375,813.0,809983,856.3599975585937,911.1519982910156,,865.0892344760734,38.294593965194274,-19.72516920682085,-15.551209695677338,-4.173959511143513,908.9071157918527,803.8128793253347,856.3599975585937,0.02216810257199109,HOLD
2021-12-22,829.269775390625,848.1500244140625,852.0,822.3499755859375,828.1500244140625,768534,854.825,909.7589990234375,,863.4759763749296,45.294384476325476,-18.58676523829763,-16.1583208042014,-2.4284444340962317,906.4398784176931,803.210121582307,854.825,0.03628811993898351,HOLD
2021-12-23,847.1134033203125,866.4000244140625,877.9500122070312,848.25,856.5999755859375,992912,854.1425018310547,907.8339990234375,,863.7544571405613,49.11425702359802,-16.027197852835684,-16.132096213928257,0.10489836109257311,904.7564198307208,803.5285838313886,854.1425018310547,0.021517419648260816,HOLD
2021-12-24,823.6965942382812,842.4500122070312,876.0,838.0,864.5,571663,854.3025024414062,905.1249987792969,,861.7254623849869,44.70282596901132,-15.74973494509652,-16.05562396016191,0.30588901506538946,904.7470446145657,803.8579602682468,854.3025024414062,-0.02764313427071796,HOLD
2021-12-27,844.5223999023438,863.75,867.9000244140625,825.6500244140625,835.0999755859375,657427,856.0900024414062,903.0969982910157,,861.9182754911787,49.08301539395918,-13.6537209917866,-15.575243366486848,1.921522374700249,905.195581810227,806.9844230725854,856.0900024414062,0.025283384752013305,HOLD
2021-12-28,845.5001220703125,864.75,883.5999755859375,854.25,865.0,671003,857.6900024414062,901.2649987792969,,862.187963539638,49.28612109468783,-11.776174777748452,-14.815429648739169,3.0392548709907174,905.7229691819435,809.657035700869,857.6900024414062,0.0011577424023154759,HOLD
2021-12-29,846.9669189453125,866.25,875.5,858.75,860.2000122070312,402201,859.1650024414063,899.2519982910156,,862.5748241549105,49.610813942907974,-10.051303245066151,-13.862604368004565,3.8113011229384135,906.3393743512577,811.9906305315549,859.1650024414063,0.0017346053772766545,HOLD
2021-12-30,827.8030395507812,846.6500244140625,870.25,841.0,870.25,486980,859.0175048828125,898.1999987792968,,861.058176560544,45.51059228077838,-10.148894219249541,-13.119862338253562,2.97096811900402,906.3288283712294,811.7061813943957,859.0175048828125,-0.02262623444264067,HOLD
2021-12-31,842.6157836914062,861.7999877929688,869.4000244140625,851.0,852.0,505322,859.3550048828125,897.7919982910156,,861.1288252493463,49.01801764078084,-8.901153382822258,-12.276120547167302,3.374967164345044,906.6446010862381,812.0654086793869,859.3550048828125,0.01789400926243534,HOLD
2022-01-03,868.5260009765625,888.2999877929688,901.5999755859376,862.0,862.0,1448481,861.6700042724609,897.8409985351562,,863.7165550154056,54.53127313295778,-5.708180894079305,-10.962532616549705,5.2543517224704,909.8591336340102,813.4808749109117,861.6700042724609,0.030749594308843387,HOLD
2022-01-04,876.0545654296875,896.0,912.6500244140624,885.0999755859375,892.0,1290009,863.2325042724609,897.4489990234375,,866.7911688234623,56.019541914819186,-2.5272677892999127,-9.275479651099747,6.748211861799835,913.692775875162,812.7722326697598,863.2325042724609,0.008668256571929378,HOLD
2022-01-05,903.2846069335938,923.8499755859376,934.0,883.0,896.0,1378550,865.4550018310547,897.7659985351562,,872.2253408960789,60.99270296812967,2.2153518442549966,-6.977313352028799,9.192665196283794,922.103910494936,808.8060931671733,865.4550018310547,0.031082562037876738,HOLD
2022-01-06,890.231689453125,910.5,929.0,903.6500244140624,928.0,1259217,867.1450012207031,897.1689990234376,,875.8705465250238,57.62873246637295,4.840877985121892,-4.61367508459866,9.454553069720554,926.9630150743711,807.326987367035,867.1450012207031,-0.014450371747285695,HOLD
2022-01-07,890.671630859375,910.9500122070312,931.5,905.0,917.0,1296506,867.3925018310547,896.7669995117187,,879.2114480185483,57.7133977944482,6.8786458443663605,-2.315210898805656,9.193856743172017,927.8886452342813,806.8963584278281,867.3925018310547,0.0004942473443505513,HOLD
2022-01-10,919.66162109375,940.5999755859376,950.0,925.2999877929688,939.9500122070312,2259639,869.9950012207031,897.7439990234375,,885.0579744535377,62.96435630537161,10.762037731899454,0.3002388273353658,10.461798904564088,937.9290159308609,802.0609865105453,869.9950012207031,0.03254839780623198,HOLD
2022-01-11,911.888671875,932.6500244140624,951.75,913.4500122070312,935.0,1089743,872.3225036621094,898.2909997558594,,889.5905506402544,60.784859692498884,13.047752789823903,2.849741619833073,10.19801116999083,945.3061842392908,799.338823084928,872.3225036621094,-0.008452000189477893,HOLD
2022-01-12,951.2914428710938,972.9500122070312,977.75,935.4500122070312,942.75,2374217,877.8150054931641,898.4609997558593,,897.5295469799473,67.01747675725176,17.904676687183155,5.86072863330309,12.043948053880065,962.7509543929322,792.8790565933961,877.8150054931641,0.04321019325366704,HOLD
2022-01-13,924.5994262695312,945.6500244140624,969.0,942.8499755859376,969.0,855970,881.8625061035157,897.9340002441406,,902.1124495927202,60.05436347065282,19.32814023938238,8.554210954518949,10.77392928486343,971.4978993327613,792.22711287427,881.8625061035157,-0.028058982938950594,HOLD
2022-01-14,952.2693481445312,973.9500122070312,981.7999877929688,935.0999755859376,944.0,1247444,888.7375061035157,896.7030004882813,,908.9541222226546,64.20612657677503,22.48067463852874,11.339503691320907,11.141170947207833,984.2833278596495,793.1916843473819,888.7375061035157,0.02992649189694041,HOLD
2022-01-17,953.931640625,975.6500244140624,982.75,951.5999755859376,975.0,707041,897.4850067138672,895.577001953125,,915.3061129075506,64.44518941084823,24.830032481856392,14.037609449428004,10.792423032428388,991.2056879365515,803.7643254911828,897.4850067138672,0.001745481991605402,HOLD
2022-01-18,920.639404296875,941.5999755859376,997.8499755859376,933.1500244140624,984.0,1987220,903.6425048828125,894.3010009765625,,917.8102903054922,56.330084298912865,23.671490914335664,15.964385742409537,7.707105171926127,991.8004709347774,815.4845388308477,903.6425048828125,-0.03489985955627262,HOLD
2022-01-19,929.1456909179688,950.2999877929688,964.0,923.0499877929688,940.0,1077245,908.7500030517579,893.0260009765625,,920.9045472090614,57.79253007018235,23.188059139610004,17.40912042184963,5.778938717760376,995.2773507103084,822.2226553932073,908.7500030517579,0.00923960538722124,HOLD
2022-01-20,915.1151733398438,935.9500122070312,954.75,928.3499755859376,951.0499877929688,514439,912.2275024414063,892.1170007324218,,922.3374486374395,54.547714905231096,21.400323267774525,18.20736099103461,3.192962276739916,997.2444057388706,827.210599143942,912.2275024414063,-0.01510046908373086,HOLD
2022-01-21,911.6443481445312,932.4000244140624,952.4500122070312,916.8499755859376,935.0,1017868,916.7250030517578,891.6200012207031,,923.295789187594,53.74380560691191,19.472607267691842,18.460410246366056,1.012197021325786,995.8108443837924,837.6391617197231,916.7250030517578,-0.0037929245650606402,HOLD
2022-01-24,873.7568359375,893.6500244140625,931.0,882.5,931.0,1496897,918.220004272461,890.012001953125,,920.4723830186862,45.80783910900358,14.649210318707674,17.69817026083438,-3.0489599421267073,994.317644989867,842.122363555055,918.220004272461,-0.04155941547122022,HOLD
2022-01-25,881.7254028320312,901.7999877929688,910.0,855.0499877929688,878.0,1696400,920.0725036621094,888.7900012207032,,918.694059663856,47.561674614881674,11.353392576154533,16.42921472389841,-5.075822147743878,992.5931146886223,847.5518926355965,920.0725036621094,0.009119860299058313,HOLD
2022-01-27,866.7659301757812,886.5,892.0,871.0,884.0,1212694,921.0850036621093,887.1190014648438,,915.6279587434888,44.64085331308807,7.421303950200581,14.627632569158846,-7.206328618958265,991.0934932829811,851.0765140412376,921.0850036621093,-0.01696605455763356,HOLD
2022-01-28,873.805908203125,893.7000122070312,926.0,889.5,899.9000244140625,973619,923.4375030517579,885.8460021972656,,913.5395828828738,46.31176616342103,4.83039441703454,12.668184938733987,-7.837790521699446,986.0548004203765,860.8202056831392,923.4375030517579,0.008121841181084388,HOLD
2022-01-31,895.4138793945312,915.7999877929688,926.9500122070312,893.7000122070312,895.0,825108,926.1375030517578,885.732001953125,,913.754859540978,51.18238571717859,4.508393326201144,11.03622661622742,-6.527833290026276,982.2052798951478,870.0697262083678,926.1375030517578,0.024728628492866056,HOLD
2022-02-01,947.1361694335938,968.7000122070312,974.0,920.25,927.4500122070312,2495695,930.157504272461,887.3700024414062,,918.9877312234594,60.43500974958333,8.424680535060816,10.5139173999941,-2.0892368649332838,986.3262846208813,873.9887239240406,930.157504272461,0.05776373129415391,HOLD
2022-02-02,933.6433715820312,954.9000244140624,974.2999877929688,942.0999755859376,968.0,1017403,933.102505493164,888.6750024414063,,922.4079496225645,57.37970731760776,10.296135241878574,10.470360968370994,-0.17422572649241985,987.95987690336,878.245134082968,933.102505493164,-0.014245883781427549,HOLD
2022-02-03,928.5103759765624,949.6500244140624,965.7000122070312,915.2999877929688,959.0,983355,934.3925079345703,890.0910034179688,,925.0024329360405,56.215351219241356,11.226236391187399,10.621536052934275,0.6047003382531244,989.5315774533021,879.2534384158384,934.3925079345703,-0.005497957760783878,HOLD
2022-02-04,924.9904174804688,946.0499877929688,998.9000244140624,938.0,960.0,3530406,936.1700073242188,891.4110034179688,,927.0069619700337,55.38539525267181,11.539831391485222,10.805195120644465,0.7346362708407579,990.3981176667323,881.9418969817052,936.1700073242188,-0.0037909087859128165,HOLD
2022-02-07,896.4893188476562,916.9000244140624,938.5,905.5499877929688,928.0999755859376,1067062,936.4675079345703,892.96400390625,,926.0443964885126,49.068306601991985,9.328664225976922,10.509888941710956,-1.181224715734034,990.2019544507162,882.7330614184244,936.4675079345703,-0.030812286618078222,HOLD
2022-02-08,889.4984130859375,909.75,928.7000122070312,898.0499877929688,921.0,592290,934.9250091552734,894.59900390625,,924.4925492038923,47.63319517899013,6.919586416824586,9.791828436733683,-2.8722420199090966,989.8542647548977,879.9957535556491,934.9250091552734,-0.00779804146982277,HOLD
2022-02-09,917.1685180664062,938.0499877929688,942.2999877929688,911.4000244140624,911.4000244140624,723669,935.1950073242188,896.7050036621093,,925.7837338314234,53.43790448084002,7.2108254909526295,9.275627847577471,-2.064802356624842,990.1299644268377,880.2600502215998,935.1950073242188,0.03110743368284563,HOLD
2022-02-10,918.2929077148438,939.2000122070312,949.0,930.4000244140624,942.4000244140624,484049,933.5075073242188,898.75400390625,,927.0614746291004,53.66268607637831,7.448569442562871,8.910216166574552,-1.4616467240116808,985.7050055492161,881.3100090992214,933.5075073242188,0.0012259734865178729,HOLD
2022-02-11,891.796142578125,912.0999755859376,934.0,909.0,929.7999877929688,412521,931.8300048828125,900.00400390625,,925.636569958323,47.805925584427655,5.388125805901609,8.205798094439963,-2.817672288538354,984.5129347743305,879.1470749912946,931.8300048828125,-0.02885438273942431,HOLD
2022-02-14,847.162353515625,866.4500122070312,902.5499877929688,861.0,900.0,1320077,926.4550048828125,900.2320043945313,,919.9997549343905,39.90515732909753,0.07082245001902265,6.578802965555775,-6.507980515536753,982.6690448284807,870.2409649371444,926.4550048828125,-0.050049297884895316,HOLD
2022-02-15,880.9921264648438,901.0499877929688,914.25,851.8499755859375,871.0,831729,922.7250030517578,901.4130041503906,,918.1950152066361,47.048274167975684,-1.3358510436036113,4.995872163723898,-6.331723207327509,975.1599114783539,870.2900946251616,922.7250030517578,0.03993303144840876,HOLD
2022-02-16,884.2675170898438,904.4000244140624,932.2999877929688,900.5999755859375,913.0,700381,920.8650054931641,902.2060046386719,,916.8812065597243,47.69651977789248,-2.155482898820651,3.565601151214988,-5.721084050035639,973.128657382549,868.6013536037791,920.8650054931641,0.003717925383140086,HOLD
2022-02-17,877.961181640625,897.9500122070312,915.0499877929688,892.4500122070312,910.0,388033,918.2475067138672,902.5770043945313,,915.0782356689916,46.51577670258026,-3.2876115893798215,2.194958603096026,-5.482570192475848,969.5877429447131,866.9072704830213,918.2475067138672,-0.007131813393315589,HOLD
2022-02-18,871.508056640625,891.3499755859375,910.0,887.3499755859375,889.0,310326,916.0175048828125,902.8700036621094,,912.8184013753674,45.28053828908881,-4.66363999090936,0.8232388842949491,-5.486878875204309,967.9592792035028,864.0757305621223,916.0175048828125,-0.0073501158543022305,HOLD
2022-02-21,872.6812744140625,892.5499877929688,904.5499877929688,874.4500122070312,883.3499755859375,484643,914.0250030517578,902.6010034179687,,910.8880762722819,45.563588836764744,-5.592850556892699,-0.45997900394258073,-5.132871552950118,966.356018213214,861.6939878903016,914.0250030517578,0.0013462862398603281,HOLD
2022-02-22,872.1435546875,892.0,898.9000244140625,865.0,872.0,911522,913.9425018310546,902.6700036621094,,909.0892118653979,45.44755496695239,-6.301002014502274,-1.6281836060545194,-4.672818408447754,966.4067765616899,861.4782271004194,913.9425018310546,-0.0006161983087678014,HOLD
2022-02-23,912.084228515625,932.8499755859376,939.7000122070312,897.6500244140625,897.6500244140625,1685020,915.4950012207031,903.6050036621094,,911.3521417435446,54.67935464549175,-3.525327730680033,-2.007612430979622,-1.5177152997004106,968.2668638836548,862.7231385577514,915.4950012207031,0.045795936755535394,HOLD
2022-02-24,839.4380493164062,858.5499877929688,914.75,841.5,900.0,1124077,914.0975006103515,903.51400390625,,906.323365176823,41.06668222000857,-7.237544024780391,-3.053598749739776,-4.183945275040615,971.1716834673399,857.0233177533631,914.0975006103515,-0.07964837834325922,HOLD
2022-02-25,879.1832885742188,899.2000122070312,912.0,880.0,880.0,822320,914.3725006103516,904.20400390625,,905.6449506082714,48.60535110992314,-6.820759469751238,-3.807030893742069,-3.0137285760091688,971.1028749640049,857.6421262566984,914.3725006103516,0.047347300672101245,HOLD
2022-02-28,887.0052490234375,907.2000122070312,911.8499755859376,876.0999755859375,889.2000122070312,490295,913.9425018310546,905.61900390625,,905.7930517129153,49.96193952737646,-5.778312773135781,-4.201287269620812,-1.5770255035149692,970.7533912146288,857.1316124474805,913.9425018310546,0.008896797032247106,HOLD
2022-03-02,871.3125610351562,891.1500244140625,901.1500244140624,888.0,894.0,492731,910.0650024414062,907.4280041503906,,904.3984776844532,47.266362271212905,-6.176072219122489,-4.596244259521147,-1.5798279596013414,961.7521339475325,858.37787093528,910.0650024414062,-0.017691785248020953,HOLD
2022-03-03,850.828857421875,870.2000122070312,911.4000244140624,861.0,904.9000244140624,918318,905.8300018310547,908.4630041503906,,901.1414809723178,43.934318874211975,-8.088550568315554,-5.2947055212800285,-2.793845047035526,955.9860213389115,855.6739823231978,905.8300018310547,-0.023508962164710767,HOLD
2022-03-04,826.4830932617188,845.2999877929688,874.0499877929688,841.9000244140625,863.0,702235,900.6125,908.4060034179688,,895.8232435266656,40.2981522277671,-11.481080560761484,-6.5319805291763195,-4.949100031585164,953.105115056781,848.119884943219,900.6125,-0.028614139352756585,HOLD
2022-03-07,779.6004638671875,797.3499755859375,833.0,786.0,833.0,1124903,893.1774993896485,907.0250024414063,,886.44483705612,34.39471176251347,-17.833279328500794,-8.792240289041215,-9.041039039459578,958.400765403253,827.9542333760439,893.1774993896485,-0.056725438187011035,HOLD
2022-03-08,813.9191284179688,832.4500122070312,838.9500122070312,788.2999877929688,796.5,778796,888.9549987792968,906.8250024414062,,881.3024727847783,41.18673096695822,-19.806842059052542,-10.99516064304348,-8.811681416009062,958.293085607965,819.6169119506286,888.9549987792968,0.04402086623919477,HOLD
2022-03-09,856.059814453125,875.5499877929688,878.3499755859375,828.2999877929688,835.0,694712,887.2449981689454,907.0610021972657,,880.7546170712726,48.26889455618505,-17.689186977170152,-12.333965909868814,-5.355221067301338,956.1327788376913,818.3572175001995,887.2449981689454,0.0517748512870686,HOLD
2022-03-10,884.1207885742188,904.25,924.5,880.0,886.0,1329937,885.5549987792969,907.8510021972656,,882.9922725882942,52.38096865656629,-13.53900966314393,-12.57497466052384,-0.9640350026200899,950.9438858858427,820.166111672751,885.5549987792969,0.032779410207492976,HOLD
2022-03-11,896.04931640625,916.4500122070312,923.0,900.5,900.5,658386,884.4174987792969,908.8550024414062,,886.1787239805549,54.052943485218684,-9.159935185062182,-11.891966765431508,2.732031580369327,946.7542761249395,822.0807214336544,884.4174987792969,0.013491857569290833,HOLD
2022-03-14,877.9122314453125,897.9000244140625,917.9500122070312,896.0,911.0,241599,883.7075012207031,909.8800024414063,,887.2950383075556,51.114218473528275,-7.104420757684466,-10.934457563882102,3.8300368061976364,945.0829785612156,822.3320238801906,883.7075012207031,-0.02024113431816743,HOLD
2022-03-15,869.8458862304688,889.6500244140625,918.0,867.0,904.0,1063003,884.8675018310547,910.4370031738281,,887.5193226986514,49.81700276507462,-6.071132579451842,-9.961792566996051,3.8906599875442094,945.7695982159988,823.9654054461106,884.8675018310547,-0.009188105329859697,HOLD
2022-03-16,905.9244995117188,926.5499877929688,930.9000244140624,897.8499755859375,901.25,1040788,886.1425018310547,911.2020031738281,,891.2365288981101,55.283340903315214,-2.2488027961437638,-8.419194612825594,6.17039181668183,949.3696653044586,822.9153383576507,886.1425018310547,0.04147694302960225,HOLD
2022-03-17,892.5783081054688,912.9000244140624,939.9000244140624,910.7999877929688,932.0,1033682,886.5675018310546,911.5400036621094,,893.2997189472485,52.98414457145006,-0.31735855971953697,-6.798827402204383,6.481468842484846,950.3913005089363,822.743703153173,886.5675018310546,-0.0147320312543745,HOLD
2022-03-21,890.6228637695312,910.9000244140624,929.7000122070312,907.5999755859376,923.0,500325,887.2150024414062,911.2810046386719,,894.9759385155164,52.63870651698855,1.0399536888716057,-5.231071183989186,6.271024872860791,951.7464077575142,822.6835971252982,887.2150024414062,-0.0021908204036731327,HOLD
2022-03-22,893.2137451171875,913.5499877929688,917.9500122070312,888.6500244140625,914.0,1403285,888.3250030517578,911.3420043945313,,896.7448955895595,53.07524329780904,2.30291673222348,-3.7242736007466526,6.027190332970132,953.8586627753235,822.791343328192,888.3250030517578,0.0029091703895944843,HOLD
2022-03-23,902.3068237304688,922.8499755859376,935.0,903.0,916.0,1261759,889.8400024414062,911.5800036621093,,899.2310936844527,54.654872323408846,4.008052994890022,-2.177808281619318,6.18586127650934,957.0732108331381,822.6067940496744,889.8400024414062,0.010180053546316126,HOLD
2022-03-24,909.88427734375,930.5999755859376,953.0,906.0,918.7000122070312,1689476,891.7700012207031,911.3800036621094,,902.2186062464989,55.984597110967755,5.916543764843823,-0.5589378723266896,6.475481637170512,961.316724319291,822.2232781221152,891.7700012207031,0.008397898038713603,HOLD
2022-03-25,900.3513793945312,920.8499755859376,950.0,916.2999877929688,935.0,836147,891.1700012207032,911.1440026855469,,903.9930223740645,53.845321658781614,6.566597288142702,0.8661691597671888,5.700428128375513,959.484881128367,822.8551213130394,891.1700012207032,-0.010477111815805795,HOLD
2022-03-28,922.4483032226562,943.4500122070312,950.0,917.2999877929688,923.0,1331881,895.4150024414063,910.5540026855468,,907.7508309295852,57.86448509299101,8.803917388271657,2.4537188054680827,6.350198582803574,965.6194861293051,825.2105187535075,895.4150024414063,0.024542582635910026,HOLD
2022-03-29,920.5416259765624,941.5,955.4500122070312,937.8499755859376,947.7000122070312,576443,897.5300018310547,910.4710021972656,,910.9650375077199,57.40002872871248,10.300917434384246,4.023158531251315,6.277758903132931,970.5551809162274,824.504822745882,897.5300018310547,-0.0020668950996879376,HOLD
2022-03-30,914.528564453125,935.3499755859376,961.7000122070312,930.0,945.0,1075771,898.9375,909.6990014648437,,913.2874125627882,55.8767200250866,10.865791107745167,5.391685046550086,5.474106061195081,973.7179843449741,824.1570156550259,898.9375,-0.006532155511484228,HOLD
2022-03-31,918.9284057617188,939.8499755859376,944.3499755859376,931.0499877929688,936.0,496394,901.3724975585938,908.9830004882813,,915.8171804697548,56.780526896976085,11.543503631230124,6.622048763486093,4.92145486774403,978.1256158205977,824.6193792965898,901.3724975585938,0.004811033428616884,HOLD
2022-04-01,963.611083984375,985.5499877929688,989.5999755859376,939.4500122070312,948.0,1477483,907.1399963378906,909.8620007324218,,922.4584002148229,64.6906919067711,15.588510101971906,8.415341031183257,7.173169070788649,990.6912392855414,823.5887533902397,907.1399963378906,0.048624794801468196,HOLD
2022-04-04,957.0113525390624,978.7999877929688,993.0499877929688,966.2999877929688,988.75,711565,913.8149963378906,910.4320007324219,,927.8242656984557,62.86066618250996,18.04156633857042,10.34058609266069,7.700980245909729,997.867249382045,829.7627432937363,913.8149963378906,-0.006848967666384875,HOLD
2022-04-05,956.0824584960938,977.8499755859376,991.0499877929688,974.3499755859376,985.0,571303,922.8399963378906,911.27,,932.588619021073,62.592288545061834,19.682090150289582,12.20888690418647,7.473203246103113,992.4550395649658,853.2249531108155,922.8399963378906,-0.0009705886993044421,HOLD
2022-04-06,966.5932006835938,988.5999755859376,1007.3499755859376,970.0,970.0,1510961,930.647494506836,912.3939990234375,,937.9230339320125,64.44226174442485,21.60065336288676,14.08724019592653,7.51341316696023,992.5605889278107,868.7344000858612,930.647494506836,0.010993506435952538,HOLD
2022-04-07,958.3313598632812,980.1500244140624,1016.0,974.9000244140624,996.0,1105004,935.8774963378906,914.1239990234375,,941.9446520731601,61.85288824053761,22.183569708186383,15.706506098378501,6.477063609807882,995.9339083885238,875.8210842872575,935.8774963378906,-0.008547391645308267,HOLD
2022-04-08,936.5765380859376,957.9000244140624,977.7999877929688,941.75,948.0999755859376,1214949,938.5599975585938,915.2459997558594,,943.4642113437222,55.52612227633801,20.61253756039332,16.687712390781464,3.9248251696118572,997.5085176490221,879.6114774681654,938.5599975585938,-0.02270060648450334,HOLD
2022-04-11,978.9127807617188,1001.2000122070312,1015.0,960.9500122070312,965.5499877929688,1729168,942.7974975585937,917.54,,948.9628590449898,63.37699897667985,22.60090128494744,17.87035016961466,4.73055111533278,1006.7512808120782,878.8437143051092,942.7974975585937,0.04520303443927243,HOLD
2022-04-12,974.3173828125,996.5,1006.25,960.7999877929688,1003.5,1238177,947.7274963378907,919.5959997558593,,953.4902058026099,62.09564188988104,23.526246234564837,19.001529382604698,4.5247168519601395,1012.2759430683834,883.1790496073979,947.7274963378907,-0.004694378895052753,HOLD
2022-04-13,975.2952270507812,997.5,1021.5,990.25,999.0,1115900,953.1199951171875,921.23,,957.68161477379,62.27042766486835,24.062898303529323,20.01380316678962,4.049095136739702,1015.3377391949562,890.9022510394188,953.1199951171875,0.0010035122930256435,HOLD
2022-04-18,974.8062133789062,997.0,1003.7999877929688,962.6500244140624,993.5,714099,956.6424957275391,921.7959997558594,,961.4262228905719,62.11619496178482,24.169245100540934,20.844891553539885,3.3243535470010492,1020.4023070806817,892.8826843743965,956.6424957275391,-0.0005012531328321135,HOLD
2022-04-19,940.5364990234376,961.9500122070312,1009.0,937.0,1009.0,421519,959.0949951171875,921.9369995117188,,961.4761075873776,52.331252028297946,21.1811218258199,20.912137607995888,0.2689842178240127,1019.6276946908673,898.5622955435077,959.0949951171875,-0.035155454155435084,HOLD
2022-04-20,942.6386108398438,964.0999755859376,986.7999877929688,958.0,968.0,407690,961.7549926757813,922.2259985351562,,961.7259997777167,52.82218158748137,18.77012634649759,20.48373535569623,-1.7136090091986382,1018.1142358867575,905.3957494648051,961.7549926757813,0.00223500530341858,HOLD
2022-04-21,960.0423583984376,981.9000244140624,987.2000122070312,962.0999755859376,975.7999877929688,436086,965.172494506836,922.9429992675781,,963.6473354573686,56.78993915948335,18.08721211569366,20.004430707695718,-1.9172185920020581,1017.5754236410913,912.7695653725806,965.172494506836,0.018462866174544512,HOLD
2022-04-22,944.8384399414062,966.3499755859376,986.4000244140624,955.9000244140624,968.0,483836,967.3474945068359,923.9319982910156,,963.9047297553276,52.626013259889255,16.10558354269847,19.224661274696267,-3.1190777319977983,1016.0217449132484,918.6732441004234,967.3474945068359,-0.015836692577132827,HOLD
2022-04-25,896.3426513671875,916.75,956.0,912.0,956.0,716573,966.654995727539,924.0719982910156,,959.4138031119631,42.0381256655535,10.412792921186337,17.462287603994284,-7.049494682807946,1017.7354195227107,915.5745719323673,966.654995727539,-0.05132713492941632,HOLD
2022-04-26,934.3277587890624,955.5999755859376,965.0,925.0,930.0,740261,968.3924957275391,924.422998046875,,959.0505814428178,50.447577922705555,8.933108373624123,15.756451757920253,-6.82334338429613,1015.3175081423066,921.4674833127716,968.3924957275391,0.04237793900838582,HOLD
2022-04-27,948.4071655273438,970.0,976.6500244140624,937.0999755859376,940.0,725322,969.7199951171875,925.0389978027343,,960.0933832101686,53.16024835442643,8.820729454876528,14.369307297311508,-5.54857784243498,1015.2282261174257,924.2117641169493,969.7199951171875,0.015069092488447122,HOLD
2022-04-28,943.5185546875,965.0,974.75,944.4500122070312,971.0,691635,970.8949951171875,926.0969982910157,,960.5606800472954,52.093872631274046,8.23330176121533,13.142106190092273,-4.908804428876943,1014.6060764887285,927.1839137456465,970.8949951171875,-0.005154639175257714,HOLD
2022-04-29,938.8743896484376,960.25,985.0,955.0,965.0,384555,972.1399963378906,927.972998046875,,960.5310914713625,51.04627243550895,7.300322209073784,11.973749393888575,-4.673427184814791,1013.0598206779933,931.2201719977878,972.1399963378906,-0.004922279792746065,HOLD
2022-05-02,927.8258666992188,948.9500122070312,962.0,941.0,944.5,371226,972.5949981689453,928.9309985351563,,959.4281315414262,48.54521095384756,5.584737240759409,10.695946963262742,-5.111209722503332,1012.2513961663102,932.9386001715803,972.5949981689453,-0.011767756097858628,HOLD
2022-05-04,895.804931640625,916.2000122070312,959.0,906.5499877929688,959.0,653874,969.1274993896484,929.1669982910156,,955.3111677952934,42.10613271393717,1.564438621815043,8.869645294973202,-7.305206673158159,1015.2474326949439,923.0075660843529,969.1274993896484,-0.034511828419530044,HOLD
2022-05-05,884.2675170898438,904.4000244140624,931.5999755859376,901.0,913.0,677296,965.4075012207031,929.2959985351563,,950.4624874732714,40.04511469623551,-2.5445059163618,6.586815052706202,-9.131320969068002,1019.1747077646331,911.6402946767731,965.4075012207031,-0.012879270503985185,HOLD
2022-05-06,856.0109252929688,875.5,901.5,867.8499755859375,901.5,1022364,960.2900024414063,928.9789990234375,,943.3232029520075,35.46629454944164,-8.04018229222197,3.6614155837205673,-11.701597875942538,1026.410090508479,894.1699143743334,960.2900024414063,-0.031954913350191405,HOLD
2022-05-09,848.8734130859375,868.2000122070312,880.0499877929688,852.5,862.0,633871,954.2700042724609,928.4919995117187,,936.1686133572478,34.396436634236494,-12.836620846056235,0.36180829776520707,-13.198429143821443,1030.182630880725,878.357377664197,954.2700042724609,-0.0083380785756354,HOLD
2022-05-10,824.9675903320312,843.75,880.5999755859375,836.4000244140625,873.4500122070312,576034,947.4500030517578,927.5269995117187,,927.3668406565575,31.021155948448012,-18.398656346674784,-3.390284631122791,-15.008371715551993,1036.2512214687094,858.6487846348061,947.4500030517578,-0.028161727555010563,HOLD
2022-05-11,834.4028930664062,853.4000244140625,860.0,822.6500244140625,841.7999877929688,890973,942.2250030517578,925.9380004882812,,920.322381966796,33.78300491228656,-21.77690265348292,-7.067608235594818,-14.709294417888103,1039.8144133347942,844.6355927687213,942.2250030517578,0.011437065972222271,HOLD
2022-05-12,806.48828125,824.8499755859375,846.7999877929688,812.0,846.7999877929688,502448,933.4075012207031,925.2640002441407,872.8105001831054,911.2297718352856,29.96090475678497,-26.45300376728858,-10.944687341933571,-15.508316425355007,1039.5793841218542,827.2356183195521,933.4075012207031,-0.03345447388254674,BUY
2022-05-13,803.6529541015625,821.9500122070312,865.9500122070312,810.0999755859375,832.0,988511,924.6800018310547,923.7190002441406,873.5267501831055,902.7269375849758,29.59464661552161,-30.04649312864683,-14.765048499276224,-15.281444629370606,1037.1798392860214,812.180164376088,924.6800018310547,-0.003515746456616231,BUY
2022-05-16,793.3378295898438,811.4000244140625,845.1500244140625,804.0,825.5999755859375,753860,915.3750030517579,921.8030004882812,874.1012503051758,894.029136330603,28.242036889570386,-33.36108931115973,-18.48425666165293,-14.876832649506802,1032.915641336212,797.8343647673038,915.3750030517579,-0.012835315574289963,BUY
2022-05-17,815.141357421875,833.7000122070312,840.2000122070312,805.0499877929688,811.4000244140625,868947,907.2100036621093,920.6540002441407,874.7522503662109,888.2835054616914,35.00414852917021,-33.798895393049634,-21.54718440793227,-12.251710985117363,1023.6177593690302,790.8022479551885,907.2100036621093,0.027483346218866833,HOLD
2022-05-18,800.9151611328125,819.1500244140625,864.6500244140625,816.0,839.0,704981,900.0700042724609,919.6330004882813,875.3227505493164,881.6993644095363,32.83029768771773,-34.91741604590027,-24.22123073552587,-10.696185310374396,1019.6461954875984,780.4938130573233,900.0700042724609,-0.017452306081237712,HOLD
2022-05-19,774.5651245117188,792.2000122070312,807.0,785.4000244140625,801.25,686101,891.4750061035156,918.5710009765625,875.7820007324219,873.1756165807263,29.21164235848252,-37.54568914318577,-26.88612241705785,-10.659566726127917,1016.0149158665337,766.9350963404976,891.4750061035156,-0.032899971194298105,BUY
2022-05-20,781.5560302734375,799.3499755859375,821.0,789.9000244140625,805.0,922121,882.3475036621094,918.6110009765625,876.3222506713868,866.1446031526511,31.372856765022235,-38.60663891689353,-29.230225717024986,-9.376413199868544,1005.7938943861382,758.9011129380806,882.3475036621094,0.009025452245307042,HOLD
2022-05-23,770.31201171875,787.8499755859375,822.2000122070312,782.5999755859375,816.0,1090013,873.4225036621094,917.7190002441406,876.899500427246,858.6879719558212,29.797101578533045,-39.91528459239794,-31.367237492099576,-8.548047100298362,997.0957117042244,749.7492956199944,873.4225036621094,-0.014386689624366733,BUY
2022-05-24,770.4097290039062,787.9500122070312,798.8499755859375,771.1500244140625,795.4000244140625,1054260,866.9825042724609,915.9670007324219,877.1430004882812,851.9510234083174,29.830118097432162,-40.47772162089791,-33.18933431785925,-7.288387303038661,994.3199417769092,739.6450667680126,866.9825042724609,0.0001269742009186725,BUY
2022-05-25,746.1619262695312,763.1500244140625,795.7000122070312,755.0,787.9500122070312,909329,857.3600067138672,913.1450012207031,877.3605004882812,843.4937854088645,26.502454115947316,-42.4354394401488,-35.03855534231716,-7.396884097831638,985.5398751934715,729.1801382342628,857.3600067138672,-0.03147406232472094,BUY
2022-05-26,751.3927612304688,768.5,780.0,730.0,760.5,720584,847.2850067138672,910.1860009765625,877.611000366211,836.3515201318297,28.359106099167576,-43.05889051173608,-36.64262237620095,-6.416268135535134,970.0275124915577,724.5425009361768,847.2850067138672,0.007010385133703112,BUY
2022-05-27,739.6109619140625,756.4500122070312,781.7999877929688,746.0,776.0,1219553,836.8575073242188,907.3570007324219,877.8765005493165,828.7418527104203,26.721753862926008,-44.017902309008605,-38.11767836276248,-5.900223946246122,953.0884286276414,720.6265860207961,836.8575073242188,-0.01567988001687537,BUY
2022-05-30,777.6940307617188,795.4000244140625,807.0,759.4000244140625,769.8499755859375,1095792,828.6150085449219,905.4720007324219,878.363000793457,825.5664404917195,38.984680829906026,-41.16051283099455,-38.726245256408895,-2.434267574585654,931.2623419278999,725.9676751619439,828.6150085449219,0.05149053021149408,HOLD
2022-05-31,787.8135375976562,805.75,815.2000122070312,786.1500244140625,795.0,1477286,821.4550079345703,903.0560009765625,878.8935006713867,823.679160444889,41.773106710638935,-37.62711261964387,-38.50641872905589,0.8793061094120205,908.2874426439298,734.6225732252108,821.4550079345703,0.013012289751388684,HOLD
2022-06-01,777.7428588867188,795.4500122070312,826.7999877929688,782.4000244140625,813.7999877929688,1409228,815.4175079345703,900.7070007324219,879.3717507934571,820.9906701365217,39.82266658359131,-35.25163156438214,-37.85546129612114,2.6038297317390047,891.1406542386914,739.6943616304492,815.4175079345703,-0.012783106165645375,HOLD
2022-06-02,767.7698974609375,785.25,803.9500122070312,780.25,793.0,795563,809.4600067138672,898.1940002441406,879.834250793457,817.5867967901863,37.93376031241324,-33.80244787589879,-37.04485861207667,3.242410736177881,874.1938128912307,744.7262005365037,809.4600067138672,-0.01282294556603325,HOLD
2022-06-03,746.992919921875,764.0,794.9000244140625,759.2000122070312,790.0,550284,803.8850067138671,895.2030004882813,880.2035006713867,812.4832923339782,34.28513808136789,-33.97699116411388,-36.43128512248411,2.4542939583702292,863.9450555121068,743.8249579156275,803.8850067138671,-0.02706144539955424,HOLD
2022-06-06,746.944091796875,763.9500122070312,771.9000244140625,746.8499755859375,761.4500122070312,565389,798.6725067138672,892.0250012207031,880.5650006103516,807.8610751790309,34.27678603668342,-33.73052705529858,-35.89113350904701,2.1606064537484286,853.3552792074231,743.9897342203112,798.6725067138672,-6.542904838846564e-05,HOLD
2022-06-07,749.5350341796875,766.5999755859375,769.9500122070312,747.8499755859375,762.9500122070312,578383,794.8150054931641,888.7450012207031,880.925750427246,803.9314466463553,35.178290701508914,-32.94164183377495,-35.3012351739926,2.35959334021765,847.0645769297723,742.5654340565559,794.8150054931641,0.003468765412085739,HOLD
2022-06-08,763.5656127929688,780.9500122070312,794.0,755.1500244140625,766.5999755859375,1530919,791.1925048828125,885.947001953125,881.3495004272461,801.742738604515,39.97945881261241,-30.80343377495808,-34.4016748941857,3.598241119227623,836.2428588436165,746.1421509220085,791.1925048828125,0.01871906741208229,HOLD
2022-06-09,777.1561279296875,794.8499755859375,800.0,772.5,776.7999877929688,823092,789.6925048828125,882.9750012207031,881.901000366211,801.0862849836981,44.28422842429865,-27.668334271015397,-33.05500676955164,5.386672498536242,832.0793512334934,747.3056585321316,789.6925048828125,0.01779878758132525,HOLD
2022-06-10,775.2006225585938,792.8499755859375,799.0,775.0,778.0,566272,788.2375030517578,880.0020007324218,882.583500366211,800.3018745648637,43.797484879507365,-25.056295237772474,-31.45526446319581,6.398969225423336,828.0126358703488,748.4623702331668,788.2375030517578,-0.002516198102070377,HOLD
2022-06-13,755.9393310546875,773.1500244140625,783.4000244140625,751.5,779.75,860021,786.3250030517578,876.7580017089844,883.1287506103515,797.7159840743112,39.224230224624286,-24.295790160050615,-30.023369602566774,5.727579442516159,825.1277927567944,747.5222133467212,786.3250030517578,-0.024847009873861903,HOLD
2022-06-14,771.9741821289062,789.5499877929688,801.0,763.0,773.2999877929688,604302,784.1175018310547,873.752001953125,883.7067504882813,796.9382701427547,44.426647929297324,-22.11481855998477,-28.441659394050372,6.326840834065603,816.3567023354009,751.8783013267085,784.1175018310547,0.02121187720499007,HOLD
2022-06-15,767.08544921875,784.5499877929688,800.9500122070312,780.9000244140625,789.9000244140625,335379,782.3875,869.732001953125,884.2525003051758,795.7584337284893,43.212161814547684,-20.55291980141476,-26.863911475523253,6.310991674108493,810.3513392380818,754.4236607619183,782.3875,-0.006332721268195507,HOLD
2022-06-16,742.4954223632812,759.4000244140625,799.9000244140625,754.25,799.9000244140625,459229,780.7475006103516,865.3440026855469,884.7207504272461,792.2957280794964,37.63858118986518,-21.10125352448324,-25.711379885315253,4.610126360832012,810.0330882012005,751.4619130195027,780.7475006103516,-0.032056546772317285,HOLD
2022-06-17,740.0999755859375,756.9500122070312,771.5,744.0,760.0,770810,778.6275024414062,860.9260034179688,885.1140005493164,788.9294694249759,37.13607676593391,-21.485832161357052,-24.866270340523613,3.3804381791665605,808.3549602441469,748.9000446386656,778.6275024414062,-0.0032262472060382574,HOLD
2022-06-20,724.5049438476562,741.0,766.2000122070312,725.9500122070312,755.0,706981,776.2850036621094,855.97400390625,885.3280004882813,784.3647580511687,33.957586297231316,-22.814653068171197,-24.45594688605313,1.6412938178819338,809.8696360272996,742.7003712969191,776.2850036621094,-0.021071420767305282,HOLD
2022-06-21,750.6594848632812,767.75,774.9500122070312,745.0,745.0,299794,775.2750030517578,851.7260034179687,885.6487506103516,782.7824001415336,42.79995664273904,-21.461852888972317,-23.85712808663697,2.3952751976646525,808.6096981726851,741.9403079308306,775.2750030517578,0.036099865047233504,HOLD
2022-06-22,740.2465209960938,757.0999755859375,763.2999877929688,746.0,759.2000122070312,408788,774.9725006103515,847.7100024414062,885.5415005493164,780.3364549457625,40.476370255645826,-21.006961785719227,-23.287094826453423,2.2801330407341958,808.8472577486793,741.0977434720237,774.9725006103515,-0.013871734827824778,HOLD
2022-06-23,733.0111694335938,749.7000122070312,757.6500244140625,737.2999877929688,747.0,940241,774.0325012207031,842.6800024414063,885.5090005493164,777.4186984944548,38.896261406976826,-21.00148051526878,-22.829971964216494,1.8284914489477124,809.5757967482639,738.4892056931424,774.0325012207031,-0.009774090103726762,HOLD
2022-06-24,741.8109130859375,758.7000122070312,765.75,750.0,754.9000244140625,407039,774.1450012207031,837.9240026855468,885.4897506713867,775.6359664670811,41.86857115224879,-20.039904243374394,-22.271958420048076,2.2320541766736817,809.4786040917269,738.8113983496793,774.1450012207031,0.012004801725299385,HOLD
2022-06-27,737.1177368164062,753.9000244140625,771.9500122070312,751.1500244140625,770.0,572430,772.0700012207031,833.0520031738281,885.1697506713867,773.565876747746,40.73060473080863,-19.44106255237341,-21.705779246513146,2.264716694139736,807.0393822108987,737.1006202305076,772.0700012207031,-0.006326595117622014,HOLD
2022-06-28,730.9579467773438,747.5999755859375,755.4500122070312,737.4000244140625,746.0,695308,769.1625,828.0640026855468,884.9490005493165,771.0929337799546,39.22372494180047,-19.252902016626194,-21.215203800535757,1.9623017839095631,802.0552244356927,736.2697755643073,769.1625,-0.00835661045776126,HOLD
2022-06-29,723.4783325195312,739.9500122070312,746.4500122070312,735.0,741.0,372132,766.3875,823.6240026855469,884.7777505493164,768.1269412492,37.41368420148959,-19.496329991590414,-20.87142903874669,1.3750990471562758,799.3055201380084,733.4694798619917,766.3875,-0.01023269613259492,HOLD
2022-06-30,721.2296752929688,737.6500244140625,746.7000122070312,726.5499877929688,744.5999755859375,897807,764.0075012207031,819.0950036621093,884.5970007324219,765.2243777410915,36.862902002919704,-19.648344325926246,-20.6268120961826,0.9784677702563549,797.9920299420047,730.0229724994016,764.0075012207031,-0.00310830158122255,HOLD
2022-07-01,725.5803833007812,742.0999755859375,751.0,731.3499755859375,734.3499755859375,563385,762.9125,814.2990026855468,884.5135006713867,763.0220537263149,38.741904291757066,-19.188549259903994,-20.339159528926878,1.1506102690228843,798.213208298128,727.611791701872,762.9125,0.006032604927261653,HOLD
2022-07-04,750.1216430664062,767.2000122070312,778.5,737.0,740.0,769700,763.075,810.3160034179688,884.4965008544922,763.4199545340022,48.120581436419364,-16.607355910654974,-19.592798805272498,2.985442894617524,798.4232057142746,727.7267942857255,763.075,0.033822985375084436,HOLD
2022-07-05,748.7528686523438,765.7999877929688,781.4000244140625,761.4000244140625,769.3499755859375,523831,763.0350006103515,807.2970031738281,884.4452508544922,763.6466243681895,47.68207179312196,-14.50747867107566,-18.57573477843313,4.06825610735747,798.368968241118,727.7010329795851,763.0350006103515,-0.0018248493115048392,HOLD
2022-07-06,766.5477294921875,784.0,791.5,763.0999755859375,768.0,586418,763.1875,803.8650036621094,884.5100009155274,765.5850410950285,53.60141802927973,-11.245095487698109,-17.109606920286126,5.864511432588017,798.8541925303768,727.5208074696232,763.1875,0.023766012662762792,HOLD
2022-07-07,778.12939453125,792.7999877929688,809.7999877929688,784.0,784.2999877929688,851257,763.0850006103516,800.3210034179688,884.7690008544922,768.1769407805466,56.182859664483615,-7.8589547025623006,-15.259476476741362,7.400521774179062,798.3971563951327,727.7728448255705,763.0850006103516,0.011224474225725478,HOLD
2022-07-08,788.4351196289062,803.2999877929688,807.0,780.2000122070312,787.0,818119,763.6075012207032,797.0870031738282,885.1977508544921,771.5219928769677,59.10637342330184,-4.278827823010602,-13.06334674599521,8.784518922984608,800.9185533417242,726.2964490996821,763.6075012207032,0.013244197983945938,HOLD
2022-07-11,806.838134765625,822.0499877929688,835.5,798.0499877929688,803.25,769256,766.0524993896485,794.3230029296875,885.6842507934571,776.3341828689679,63.756719443509944,0.07060295524797766,-10.436556805746573,10.50715976099455,811.1423590452705,720.9626397340264,766.0524993896485,0.023341217832599348,HOLD
2022-07-12,822.0513305664062,837.5499877929688,854.0499877929688,815.3499755859375,820.4500122070312,1010373,768.4524993896484,792.0950024414062,886.1185006713868,782.1642595283965,67.0886117332001,4.71393928630232,-7.406457587336794,12.120396873639114,822.5080931899893,714.3969055893076,768.4524993896484,0.018855301052450812,HOLD
2022-07-13,824.7503662109375,840.2999877929688,854.7000122070312,832.1500244140625,841.0,531107,771.2399993896485,790.577001953125,886.0835006713867,787.7009955535939,67.65672267804604,8.517533969763122,-4.221659275916811,12.739193245679932,833.4614835209475,709.0185152583495,771.2399993896485,0.0032833861143577447,HOLD
2022-07-14,818.615966796875,834.0499877929688,847.75,825.6500244140625,846.9000244140625,372659,774.9724975585938,789.1700012207032,885.5937506103515,792.1151852906772,64.91414884553055,10.901916881651005,-1.196944044403248,12.098860926054252,842.6243182609024,707.3206768562851,774.9724975585938,-0.007437819934301704,HOLD
2022-07-15,832.35693359375,848.0499877929688,852.5999755859375,830.0999755859375,832.5,583955,779.5274963378906,788.6210009765625,885.0900006103516,797.4423093385146,68.03946602856276,13.762593899436183,1.7949635443646383,11.967630355071545,853.66843448249,705.3865581932912,779.5274963378906,0.016785564660274366,HOLD
2022-07-18,841.1903686523438,857.0499877929688,884.75,846.0499877929688,870.0,1874410,785.3299957275391,788.3980004882812,884.9422506713868,803.1192310960816,69.895929718676,16.564975108248632,4.748965857141437,11.816009251107195,864.4961277144004,706.1638637406778,785.3299957275391,0.010612581958078016,HOLD
2022-07-19,882.1678466796875,898.7999877929688,905.0999755859376,856.9500122070312,859.5499877929688,1503871,791.8824951171875,789.4990002441406,884.7632507324219,812.2316841148328,76.66681083606206,21.902282606796803,8.17962920707251,13.722653399724292,884.6661791929207,699.0988110414544,791.8824951171875,0.04871361133498464,SELL
2022-07-20,880.9901123046875,897.5999755859375,905.9000244140624,884.0,905.0,765704,798.9074951171875,790.3829992675782,884.4302505493164,820.3619975882714,76.13674702560716,25.738607649180608,11.69142489549413,14.047182753686478,900.9108378712817,696.9041523630933,798.9074951171875,-0.0013351270842558716,SELL
2022-07-21,877.5057983398438,894.0499877929688,905.0,888.7000122070312,893.3499755859375,405934,806.1249938964844,791.7669995117187,884.3195004272461,827.3799014172902,74.49585965814506,28.167768041931822,14.98669352478167,13.181074517150153,913.4676987540302,698.7822890389386,806.1249938964844,-0.003954977595282738,SELL
2022-07-22,877.1622314453125,893.7000122070312,909.9000244140624,888.8499755859375,896.9000244140625,560065,812.8749938964844,793.2019995117188,884.2005004882812,833.6961024448846,74.32579284340537,29.722037897865107,17.933762399398358,11.78827549846675,924.339146317358,701.4108414756108,812.8749938964844,-0.00039144968482296427,SELL
2022-07-25,863.6175537109375,879.9000244140625,895.0,876.0999755859375,890.7000122070312,296716,819.1749938964844,794.5719995117188,884.1665005493164,838.0964759657587,67.75725258840092,29.50020428130415,20.247050775779517,9.253153505524633,930.8367994209773,707.5131883719914,819.1749938964844,-0.015441409426513397,HOLD
2022-07-26,869.801025390625,886.2000122070312,893.9000244140625,867.25,875.0999755859375,829797,826.1049957275391,795.6219995117187,884.3090005493164,842.6777651315942,69.0998197403012,29.492781479377072,22.09619691649903,7.396584562878044,936.33263780588,715.8773536491981,826.1049957275391,0.0071598904627421245,HOLD
2022-07-27,870.4880981445312,886.9000244140625,900.9000244140624,878.0,880.0,568938,833.4524963378906,796.9769995117188,884.0562506103515,846.8894088727817,69.25301913264047,29.206707249603483,23.518298983119923,5.68840826648356,939.2299083065601,727.675084369221,833.4524963378906,0.0007899031791795963,HOLD
2022-07-28,880.8919067382812,897.5,913.7999877929688,887.7000122070312,891.0,1856980,841.4449951171875,799.0829992675781,883.9547506713867,851.709465170612,71.55296185144122,29.49531714766647,24.71370261602923,4.7816145316372385,941.0348267043923,741.8551635299827,841.4449951171875,0.011951714166363203,SELL
2022-07-29,893.3078002929688,910.1500244140624,920.75,900.0,901.0,794917,849.8474975585938,801.2990002441406,883.6922506713868,857.2752327176073,74.04789185910636,30.394425800003773,25.84984725282414,4.544578547179633,942.6155739397524,757.0794211774352,849.8474975585938,0.014094734723189228,SELL
2022-08-01,916.9127807617188,934.2000122070312,939.0499877929688,904.0,916.9000244140624,1385430,858.1974975585938,804.2260009765625,883.4737506103515,864.6014021927906,77.99863748722882,32.67099797776973,27.21407739781326,5.456920579956471,949.7615405775438,766.6334545396438,858.1974975585938,0.02642420166768855,SELL
2022-08-02,899.7857055664062,916.75,939.7999877929688,913.8499755859376,930.0,404968,865.7449981689454,806.8020007324219,883.2317504882812,869.5679353172868,69.70686230206861,32.69029431730735,28.309320781712078,4.38097353559527,950.2099853433689,781.2800109945218,865.7449981689454,-0.018679096530737405,HOLD
2022-08-03,890.2652587890625,907.0499877929688,922.0,895.6500244140625,917.0,297079,871.8974975585937,809.68,882.9852505493164,873.1376546006851,65.536218411426,31.559083417896318,28.959273308948926,2.5998101089473913,949.2776794649257,794.5173156522618,871.8974975585937,-0.01058086960134308,HOLD
2022-08-04,879.9104614257812,896.5,916.0,878.2000122070312,907.3499755859376,342025,877.0824981689453,812.24,882.6332504272461,875.3626398768104,61.24424318146947,29.47156493011073,29.06173163318129,0.4098332969294418,946.0022271410684,808.1627691968223,877.0824981689453,-0.011631098544677698,HOLD
2022-08-05,880.2539672851562,896.8499755859375,905.25,889.0,894.0999755859375,442922,881.7599975585938,815.0479992675781,882.6212503051757,877.4090528014891,61.334705481798636,27.528104737930562,28.755006254131146,-1.2269015162005843,942.1900555152125,821.3299396019751,881.7599975585938,0.00039037990623258523,HOLD
2022-08-08,878.9290161132812,895.5,911.5,889.0499877929688,890.0999755859375,291278,885.4324981689454,817.0499987792969,882.6877502441406,879.1320001537283,60.74569938529836,25.584049785772436,28.120814960459406,-2.5367651746869697,939.4930507177673,831.3719456201234,885.4324981689454,-0.0015052412585009334,HOLD
2022-08-10,893.1605224609375,910.0,926.9500122070312,895.0,895.5,1041834,889.0549987792969,819.1349987792969,882.808500366211,882.0718096628971,64.67017604346206,24.926068842790755,27.481865736925677,-2.5557968941349216,939.3761550503787,838.733842508215,889.0549987792969,0.016192071468453362,HOLD
2022-08-11,919.7100219726562,937.0499877929688,942.6500244140624,912.5999755859376,913.0,863045,893.8924987792968,821.9669982910157,882.915750427246,887.3078266276658,70.57939248216704,26.2843327274403,27.2423591350286,-0.9580264075882994,943.1256859429138,844.6593116156798,893.8924987792968,0.029725261310954654,SELL
2022-08-12,923.2925415039062,940.7000122070312,951.0,927.5499877929688,935.9500122070312,652336,899.225,825.0759985351563,883.0792504882812,892.3927966828435,71.27750270922512,27.340133072063168,27.261913922435514,0.0782191496276532,944.3041290914133,854.1458709085867,899.225,0.00389522913570417,SELL
2022-08-16,940.861328125,958.5999755859376,966.5499877929688,947.0,950.0,1129397,904.7524993896484,828.967998046875,883.1705004882813,898.698242292662,74.47610582340813,29.2836759127822,27.666266320504853,1.6174095922773475,950.4823151767062,859.0226836025906,904.7524993896484,0.019028343942411707,SELL
2022-08-17,939.0945434570312,956.7999877929688,969.4500122070312,940.25,967.5,456355,909.7399993896485,832.8249975585937,883.2992504882812,904.2317418641198,73.58864121375413,30.329088788404647,28.19883081408481,2.1302579743198358,955.3294467893564,864.1505519899405,909.7399993896485,-0.001877725682048581,SELL
2022-08-18,960.5402221679688,978.6500244140624,994.7000122070312,952.9000244140624,956.0,1060074,913.7325012207032,837.0659985351563,883.7337506103515,911.3191973450668,77.14838169203267,32.5455366830862,29.06817198788509,3.477364695201107,967.95813141301,859.5068710283963,913.7325012207032,0.022836577027446125,SELL
2022-08-19,944.4929809570312,962.2999877929688,986.1500244140624,955.0,985.0,781693,916.9675018310547,840.692998046875,884.0187506103516,916.1745107210573,69.59004940619266,32.60690420136086,29.775918430580248,2.8309857707806145,974.5718986048697,859.3631050572397,916.9675018310547,-0.016706724787426186,HOLD
2022-08-22,919.268310546875,936.5999755859376,951.8499755859376,924.4000244140624,950.0,517944,919.0950012207031,843.527998046875,883.8795004272461,918.1197930891411,59.6907300663541,30.233252090030987,29.8673851624704,0.3658669275605888,976.298198930913,861.8918035104932,919.0950012207031,-0.026706861200293752,HOLD
2022-08-23,933.5982055664062,951.2000122070312,962.5,922.3499755859376,924.0,592825,921.9700012207031,846.6949987792968,883.7755004882813,921.2702901479878,62.91794084041887,29.19368994306467,29.732646118589255,-0.5389561755245857,979.5574007188478,864.3826017225584,921.9700012207031,0.015588337605881186,HOLD
2022-08-24,946.9954833984376,964.8499755859376,969.0,948.0,951.0,461626,926.2174987792969,850.5289978027344,883.422250366211,925.4207363801735,65.68411680670994,29.135412519763804,29.613199398824165,-0.47778687906036055,983.2955636512621,869.1394339073316,926.2174987792969,0.014350255680963375,HOLD
2022-08-25,954.8475952148438,972.8499755859376,988.5999755859376,957.0499877929688,974.5,1005532,930.5499969482422,854.1949975585937,883.1267504882812,929.9378067807224,67.22714350893568,29.39590271495797,29.56974006205093,-0.1738373470929595,987.9735205279105,873.1264733685739,930.5499969482422,0.008291444475750476,HOLD
2022-08-26,950.3326416015624,968.25,986.0,964.0499877929688,975.0,313064,934.6174957275391,857.8689978027344,882.9410003662109,933.5865870873203,65.40599223361141,28.89804481299882,29.435401012240508,-0.5373561992416889,990.6038949741418,878.6310964809364,934.6174957275391,-0.004728350415147076,HOLD
2022-08-29,938.9474487304688,956.6500244140624,965.0,942.7000122070312,944.0,403909,937.5749969482422,861.8139978027343,882.6540005493164,935.7831049279623,60.92395284296481,27.253308577394705,28.998982525271348,-1.745673947876643,991.6215917805338,883.5284021159506,937.5749969482422,-0.011980351754131258,HOLD
2022-08-30,988.218505859375,1006.8499755859376,1017.9500122070312,959.2999877929688,960.0,1752385,942.4099945068359,866.8119970703125,882.7812503051758,942.55137832396,70.38271455101221,29.658673060904107,29.130920632397903,0.5277524285062043,1002.7167463406895,882.1032426729823,942.4099945068359,0.05247472941070819,SELL
2022-09-01,1016.8290405273438,1036.0,1039.5999755859375,990.0,990.0,1275556,947.4999938964844,872.7119970703125,883.1750003051758,951.4512470550113,74.27651567190101,33.53058538089044,30.010853582096413,3.51973179879403,1020.1058408054835,874.8941469874853,947.4999938964844,0.028951705935234884,SELL
2022-09-02,1004.3639526367188,1023.2999877929688,1044.699951171875,1019.5999755859376,1036.0,663653,952.8274932861328,877.8229968261719,883.4212503051758,958.2939842681501,69.9609838633422,35.16891359934016,31.042465585545163,4.126448013794995,1031.045748165674,874.6092384065917,952.8274932861328,-0.012258699041535981,HOLD
2022-09-05,1021.0494384765624,1040.300048828125,1045.0,1016.0499877929688,1030.0,526676,959.4899963378906,883.4869982910157,883.8082504272461,966.1040856548144,72.28248113066044,37.40784896874379,32.31554226218489,5.092306706558901,1043.4644758034772,875.515516872304,959.4899963378906,0.016612978831184844,SELL
2022-09-06,1007.0140380859376,1026.0,1056.300048828125,1020.4500122070312,1043.6500244140625,1049263,965.9649963378906,889.012998046875,884.0880004882813,971.8084584495939,67.55314920735165,37.59495570242893,33.3714249502337,4.223530752195231,1049.4825327671551,882.4474599086262,965.9649963378906,-0.013746081089041295,HOLD
2022-09-07,1000.1436157226562,1019.0,1030.75,1000.0499877929688,1020.0,970132,972.0724975585938,894.2189978027344,884.3962506103516,976.302890978204,65.30082645047129,36.754712195174534,34.04808239922187,2.706629795952665,1052.279340848611,891.8656542685766,972.0724975585938,-0.006822612085769952,HOLD
2022-09-08,1010.7437133789062,1029.800048828125,1050.0,1023.0,1028.0,783262,978.7875,899.7369982910157,884.9377508544922,981.3978583924821,67.1222044157801,36.53908699264423,34.546283317906344,1.9928036747378854,1054.5938139721234,902.9811860278768,978.7875,0.01059867402171255,HOLD
2022-09-09,1000.5853271484376,1019.4500122070312,1057.699951171875,1014.2000122070312,1034.449951171875,883195,984.2600006103515,905.1739990234375,885.6010009765625,985.0218730414867,63.672863052187324,35.12810606940491,34.66264786820606,0.4654582011988495,1055.0494640556012,913.4705371651017,984.2600006103515,-0.010050530326612184,HOLD
2022-09-12,1039.501708984375,1059.0999755859375,1067.800048828125,1022.1500244140624,1031.0,1814243,990.3625,911.5569982910156,886.4482507324219,992.0769304266726,70.02735245203529,36.78527642963536,35.08717358049192,1.6981028491434387,1064.7710576294119,915.953942370588,990.3625,0.03889348462811548,SELL
2022-09-13,1033.8087158203125,1053.300048828125,1068.0,1049.199951171875,1063.300048828125,1024665,995.9925018310547,917.8699987792969,887.3205010986328,997.9077036077633,68.14943646367912,37.201751626575856,35.51008918970871,1.6916624368671478,1071.5491047043972,920.4358989577122,995.9925018310547,-0.005476278813625446,HOLD
2022-09-14,1050.9849853515625,1070.800048828125,1079.800048828125,1035.0,1039.5,1334953,1001.602505493164,924.4440002441406,888.2742514038086,1004.8498317239882,70.70237895810672,38.500109668320306,36.108093285431025,2.392016382889281,1081.7430401005017,921.4619708858262,1001.602505493164,0.016614449054160874,SELL
2022-09-15,1056.7760009765625,1076.699951171875,1088.949951171875,1068.3499755859375,1070.800048828125,681087,1007.5975036621094,930.6339990234375,889.4615011596679,1011.6927002428346,71.53087324041334,39.54924154419348,36.79632293718352,2.75291860700996,1091.2946805918327,923.900326732386,1007.5975036621094,0.005509807690246893,SELL
2022-09-16,1003.18603515625,1022.0999755859376,1083.199951171875,1010.0,1074.550048828125,731209,1009.7700012207031,935.7599987792969,890.4320010375976,1012.6838693231301,55.80364938432639,35.56495374727626,36.55004909920207,-0.985095351925807,1092.6000167395603,926.939985701846,1009.7700012207031,-0.05071048394356392,HOLD
2022-09-19,995.38330078125,1014.1500244140624,1034.949951171875,1002.2999877929688,1025.0,588235,1012.3625030517578,940.3629992675782,891.339001159668,1012.8235031413142,53.94388693715528,31.40387798672407,35.52081487670647,-4.116936889982398,1092.2817353650566,932.4432707384589,1012.3625030517578,-0.007778056317159998,HOLD
2022-09-20,1019.9696044921876,1039.199951171875,1051.300048828125,1016.0,1025.0,781540,1017.4925018310547,945.2909985351563,892.3512509155273,1015.3355458108914,58.62316470110814,29.784181699316832,34.37348824122854,-4.589306541911711,1090.1414781098906,944.8435255522187,1017.4925018310547,0.024700415278583243,HOLD
2022-09-21,988.512939453125,1007.1500244140624,1043.199951171875,1004.0,1038.0,516045,1020.2900024414063,949.3679992675782,893.1390011596679,1014.5559723445268,51.42428276931216,25.6190786934676,32.62260633167636,-7.003527638208759,1086.5397137420389,954.0402911407737,1020.2900024414063,-0.030840962532447058,HOLD
2022-09-22,988.66015625,1007.2999877929688,1015.0,991.9500122070312,1005.0,721823,1022.4125030517578,953.0729992675781,893.900251159668,1013.8649261967594,51.45432202870122,22.075828930581565,30.5132508514574,-8.437421920875835,1083.975746895952,960.8492592075636,1022.4125030517578,0.0001488987492141991,HOLD
2022-09-23,952.3448486328124,970.2999877929688,1009.3499755859376,958.75,1009.0,580944,1022.2850036621094,955.7279992675781,894.5417510986329,1009.7158844440174,44.19287109737188,16.096635196917646,27.62992772054945,-11.533292523631804,1084.2674365911396,960.3025707330792,1022.2850036621094,-0.03673185788582045,HOLD
2022-09-26,896.5958862304688,913.5,957.9500122070312,896.0499877929688,953.0,1593388,1019.5475036621094,957.1919995117188,894.7855010986328,1000.5524668779206,35.8327450097906,6.697591106466575,23.443460397732874,-16.7458692912663,1094.3454010055636,944.7496063186552,1019.5475036621094,-0.058538584466197086,HOLD
2022-09-27,900.325439453125,917.2999877929688,923.8499755859376,895.0,912.0,861750,1017.5800018310547,958.8569995117188,894.9750009155273,992.6236593460204,36.69555165458483,-0.4395252214444554,18.66686327389741,-19.106388495341864,1100.5193381818565,934.6406654802529,1017.5800018310547,0.004159811486555753,HOLD
2022-09-28,885.1123046875,901.7999877929688,925.2000122070312,878.2999877929688,911.7999877929688,654982,1012.3275024414063,959.9319995117188,895.1005007934571,983.9737858647775,34.64899023535372,-7.262741430247274,13.480942333068473,-20.743683763315747,1109.4179455985268,915.2370592842857,1012.3275024414063,-0.01689741655539878,HOLD
2022-09-29,890.1179809570312,906.9000244140624,913.4000244140624,885.0,911.9000244140624,740877,1005.8725036621094,960.9290002441406,895.1050009155274,976.6334276313761,35.91544880987041,-12.118959282979972,8.360962009858785,-20.479921292838757,1112.5064537530257,899.238553571193,1005.8725036621094,0.005655396640196431,HOLD
2022-09-30,900.8162841796876,917.7999877929688,931.2999877929688,890.0999755859375,890.0999755859375,719170,1000.5975036621094,961.3090002441406,895.2512509155273,971.0302428848611,38.65183078315848,-14.91606782360725,3.7055560431655783,-18.62162386677283,1113.513875290274,887.6811320339449,1000.5975036621094,0.012018925003280945,HOLD
2022-10-03,894.2401733398438,911.0999755859376,935.0,906.6500244140624,924.0,878131,994.1375,961.5790002441406,895.3762509155273,965.3225983802017,37.58934442266924,-17.472024858293707,-0.5299601371262788,-16.94206472116743,1111.9079694744357,876.3670305255644,994.1375,-0.007300078771130369,HOLD
2022-10-04,913.624755859375,930.8499755859376,957.4500122070312,919.6500244140624,927.0,575566,989.3799987792969,962.315,895.7150009155273,962.0394914474147,42.5983748697747,-17.699945328679973,-3.9639571754370175,-13.735988153242957,1109.2856557634905,869.4743417951032,989.3799987792969,0.021677094203957692,HOLD
2022-10-06,928.4943237304688,946.0,959.5499877929688,933.2000122070312,939.7000122070312,741635,985.7299987792969,963.3609997558593,896.1215008544922,960.5119208333751,46.16756642125942,-16.46825776300409,-6.464817292950432,-10.003440470053658,1106.249592792746,865.2104047658479,985.7299987792969,0.016275473826516507,HOLD
2022-10-07,924.6176147460938,942.0499877929688,948.0,931.0999755859376,946.0,648972,981.342495727539,964.6039990234375,896.6495007324219,958.7536414961935,45.375365052129865,-15.630688618229215,-8.297991558006188,-7.332697060223026,1101.51373446103,861.1712569940479,981.342495727539,-0.004175488590942078,HOLD
2022-10-10,914.115478515625,931.3499755859376,951.9000244140624,928.0,936.0,485677,976.9374938964844,965.5069982910156,897.3027505493164,956.1437685523596,43.21226714546656,-15.649908198032108,-9.768374886011372,-5.881533312020736,1097.6558616198347,856.219126173134,976.9374938964844,-0.011358221268171875,HOLD
2022-10-11,877.9964599609375,894.5499877929688,929.0999755859376,889.0,928.0,1032483,968.709994506836,965.6599975585938,897.6832504272461,950.2776941943223,36.72748589831223,-18.422231303037393,-11.499146169416576,-6.923085133620816,1088.332579639748,849.0874093739241,968.709994506836,-0.03951252349560319,HOLD
2022-10-12,889.3818969726562,906.1500244140624,912.2999877929688,889.0,900.5,852795,961.3524932861328,965.832998046875,897.9732504272461,946.0750589771546,39.79453388069267,-19.45898031521301,-13.091112998575863,-6.367867316637149,1077.3037161801417,845.4012703921238,961.3524932861328,0.012967454898426878,HOLD
2022-10-13,882.511474609375,899.1500244140625,915.7999877929688,890.75,908.0,377775,952.7699920654297,965.612998046875,898.1370004272461,941.6060080663839,38.57923674739512,-20.60789785677275,-14.594469970215243,-6.013427886557508,1060.139097145687,845.4008869851725,952.7699920654297,-0.0077249901356304385,HOLD
2022-10-14,883.689208984375,900.3499755859375,928.9000244140624,892.4500122070312,915.0,741979,943.9524932861328,964.9359973144532,898.4265002441406,937.6768621158651,38.923573112632695,-21.17747648836621,-15.911071273845437,-5.266405214520773,1037.1993498527788,850.7056367194868,943.9524932861328,0.0013345394420212209,HOLD
2022-10-17,841.730224609375,857.5999755859375,890.5,833.2999877929688,885.0499877929688,3499997,935.7274932861328,963.7529968261719,898.3957501220704,930.0504919701577,32.03342855031194,-24.792645199861227,-17.687386059048595,-7.105259140812631,1028.9708277622951,842.4841588099706,935.7274932861328,-0.047481536246145595,HOLD
2022-10-18,847.8155517578125,863.7999877929688,877.0,850.0,870.0,1207767,928.2099914550781,962.8879968261718,898.3910000610351,923.7409201437588,33.86198305875436,-26.847917202894905,-19.519492287817858,-7.328424915077047,1019.1658193096218,837.2541636005344,928.2099914550781,0.007229492051693764,HOLD
2022-10-19,857.4832153320312,873.6500244140625,884.0,855.0,861.0,843609,919.9324951171875,962.4309973144532,898.4280001831055,918.9703586456924,36.772361687164526,-27.36645596822848,-21.088885023899984,-6.277570944328495,998.2299957626504,841.6349944717246,919.9324951171875,0.011403145126525072,HOLD
2022-10-20,844.7238159179688,860.6500244140625,874.4500122070312,846.5,868.1500244140625,576756,912.6074951171875,961.7069982910157,898.4980001831054,913.4160410998229,34.60783499595429,-28.49788712661541,-22.57068544444307,-5.927201682172342,984.0034256071626,841.2115646272123,912.6074951171875,-0.014880100311012723,HOLD
2022-10-21,851.49609375,867.5499877929688,879.5999755859375,831.2999877929688,850.0999755859375,1157495,905.6199951171875,961.147998046875,898.5267501831055,909.0478455467892,36.73638351503877,-28.509149364337645,-23.758378228421982,-4.750771135915663,964.9055787354092,846.3344114989658,905.6199951171875,0.00801715352718868,HOLD
2022-10-24,852.232177734375,868.2999877929688,878.0,858.9500122070312,874.8499755859375,103003,900.5199951171875,960.3139978027343,898.4267501831055,905.1670971892825,36.976520677413625,-28.13325340398535,-24.633353263534655,-3.499900140450695,953.9297013865656,847.1102888478093,900.5199951171875,0.0008645034989949174,HOLD
2022-10-25,850.367431640625,866.4000244140625,872.0499877929688,856.0,871.0,596256,898.1649963378907,958.9009985351563,898.2787503051758,901.4749950202139,36.5975323682814,-27.669705175770332,-25.240623645981792,-2.42908152978854,953.2063537119974,843.123638963784,898.1649963378907,-0.0021881416625785244,HOLD
2022-10-27,868.0343627929688,884.4000244140625,888.0,861.5999755859375,866.9000244140625,511441,896.5199981689453,957.7749987792969,898.0815005493164,899.8488073434376,42.5999223408243,-25.555304653085955,-25.303559847402628,-0.2517448056833267,951.1404362530212,841.8995600848694,896.5199981689453,0.02077562268326716,HOLD
2022-10-28,888.2041015625,904.9500122070312,907.9000244140624,879.7999877929688,884.0,711293,896.6774993896485,956.7019995117188,898.0537506103516,900.3346363780655,48.58452900633486,-21.968179238403195,-24.63648372560274,2.6683044871995456,951.3760404964164,841.9789582828805,896.6774993896485,0.02323607782189252,HOLD
2022-10-31,907.5394897460938,924.6500244140624,927.5499877929688,906.5499877929688,907.0,549586,897.5649993896484,956.0590002441406,898.1222506713867,902.650387619589,53.58094964638698,-17.33589277746796,-23.176365535975787,5.8404727585078255,953.4610833480272,841.6689154312696,897.5649993896484,0.02176917171257431,HOLD
2022-11-01,913.1339721679688,930.3499755859376,932.9000244140624,915.0999755859376,927.5,354163,898.1924987792969,955.0929992675781,898.0710006713867,905.288443616384,54.94520454242026,-13.054351521970602,-21.15196273317475,8.097611211204146,955.2527928693894,841.1322046892044,898.1924987792969,0.0061644417037540755,HOLD
2022-11-02,900.0310668945312,917.0,941.6500244140624,910.7999877929688,934.0499877929688,637749,898.4875,954.1869995117188,897.9927505493164,906.4038299386332,51.15322237513249,-10.616055411020739,-19.044781268743947,8.428725857723208,955.8717564445818,841.1032435554181,898.4875,-0.01434941251815458,HOLD
2022-11-03,914.1646118164062,931.4000244140624,936.3499755859376,902.4000244140624,915.0,386229,898.5150024414063,954.0830004882813,897.7850006103515,908.784419888674,54.77855892924691,-7.436008870425212,-16.7230267890802,9.287017918654989,955.9617669248092,841.0682379580034,898.5150024414063,0.015703407212718012,HOLD
2022-11-04,909.6007080078124,926.75,936.5499877929688,917.4500122070312,935.0,146180,897.5525024414062,953.5940002441406,897.6905004882813,910.495427518324,53.400293870919725,-5.230720692215186,-14.424565569707198,9.193844877492012,952.3694992891941,842.7355055936183,897.5525024414062,-0.0049925105133937775,HOLD
2022-11-07,915.342529296875,932.5999755859376,946.0,922.1500244140624,929.9500122070312,451881,897.0800018310547,952.9490002441406,897.4837503051758,912.6006225723826,54.93643525914988,-2.97665673727829,-12.134983803221418,9.158327065943128,950.4997542672471,843.6602493948623,897.0800018310547,0.006312355636296285,HOLD
2022-11-09,893.994873046875,910.8499755859376,945.75,907.5999755859376,935.0,415165,896.0550018310547,951.7090002441406,897.1597500610352,912.4338942879592,48.53088927847596,-2.911772935122144,-10.290341629601565,7.378568694479421,947.557464544541,844.5525391175685,896.0550018310547,-0.02332189638578408,HOLD
2022-11-10,859.789794921875,876.0,892.7000122070312,852.25,888.0,2979771,895.1275024414062,949.8640002441406,896.8317501831054,908.9639995938679,40.40207426314013,-5.607810482338323,-9.353835400148917,3.746024917810594,947.3678149531112,842.8871899297013,895.1275024414062,-0.03826093925458918,HOLD
2022-11-11,869.9973754882812,886.4000244140625,903.5999755859376,881.8499755859375,884.0,636987,894.1400024414063,948.4590002441406,896.512250366211,906.8150495767436,43.44636469078862,-6.826552362570055,-8.848378792633145,2.02182643006309,946.2560671694401,842.0239377133724,894.1400024414063,0.01187217398865581,HOLD
2022-11-14,900.4237060546875,917.4000244140624,923.9500122070312,886.4500122070312,889.9000244140625,576480,895.0525024414062,946.6700012207032,896.4195004272461,907.8231424183931,51.41319074911854,-5.230677170585523,-8.124838468223622,2.8941612976380995,948.1179265717851,841.9870783110273,895.0525024414062,0.03497292322446843,HOLD
2022-11-15,893.2586669921875,910.0999755859376,921.0499877929688,902.5999755859376,914.5,253116,895.5400024414063,944.1520007324219,896.3080001831055,908.0399836724449,49.639803362031316,-4.503078825028297,-7.400486539584557,2.8974077145562607,948.9690325505209,842.1109723322917,895.5400024414063,-0.007957323559902085,HOLD
2022-11-16,877.8001708984375,894.3499755859375,912.7000122070312,886.2000122070312,907.9500122070312,410549,897.3775024414062,941.5730004882812,896.3114999389649,906.7361733784918,45.956672808528296,-5.13811625999017,-6.94801248366568,1.8098962236755103,947.9101625596436,846.8448423231689,897.3775024414062,-0.017305791036704488,HOLD
2022-11-17,871.7149658203125,888.1500244140625,896.0,877.5,887.2000122070312,493890,898.595004272461,938.53,896.2432501220703,904.9660639533081,44.55522134701131,-6.071681679896301,-6.7727463229118054,0.7010646430155045,946.9598661863198,850.2301423586022,898.595004272461,-0.006932354605156732,HOLD
2022-11-18,879.5670166015625,896.1500244140625,901.2000122070312,887.5999755859375,889.5499877929688,585875,899.720004272461,935.9330004882812,896.2915002441406,904.1264411400466,46.80921297878761,-6.095737986889617,-6.637344655707368,0.5416066688177512,946.7396017741522,852.7004067707697,899.720004272461,0.009007487226358801,HOLD
2022-11-21,873.0891723632812,889.5499877929688,897.7000122070312,882.1500244140625,894.0,330786,901.1650024414063,933.3440002441406,896.2707501220704,902.7382074879439,45.177459699546354,-6.571617069129502,-6.624199138391796,0.05258206926229381,944.9586509786031,857.3713539042094,901.1650024414063,-0.007364879139973413,HOLD
2022-11-22,872.5491943359375,889.0,897.0,884.0,894.0,297978,902.2375030517578,930.5279992675781,896.1367501831055,901.4298067748064,45.036569803530725,-6.9134402530114585,-6.682047361315729,-0.2313928916957293,943.6728290053408,860.8021770981749,902.2375030517578,-0.0006182764324839107,HOLD
2022-11-23,866.0222778320312,882.3499755859375,894.7000122070312,875.0999755859375,890.0,271830,902.9400024414062,927.7859985351563,895.705,899.6126799949141,43.27908730977874,-7.6329510739495845,-6.872228103842501,-0.7607229701070839,942.4831937221121,863.3968111607004,902.9400024414062,-0.007480342423017428,HOLD
2022-11-24,861.2620239257812,877.5,889.2999877929688,866.9000244140625,887.0,323416,903.4950012207031,924.1539990234374,895.3179998779297,897.5067104715889,41.992042412769344,-8.4965778200135,-7.197098047076701,-1.299479772936798,941.2420094210679,865.7479930203383,903.4950012207031,-0.0054966574716759364,HOLD
2022-11-25,877.9474487304688,894.5,905.0,880.0499877929688,882.9500122070312,510793,904.0,920.977998046875,895.0422497558594,897.2203570933423,47.846578182336955,-7.72025600772713,-7.301729639206788,-0.4185263685203422,940.9739761799148,867.0260238200852,904.0,0.019373219373219452,HOLD
2022-11-28,889.3818969726562,906.1500244140624,915.0,890.25,897.4000244140625,316631,904.0600006103516,917.6849975585938,894.8427499389649,898.0708016000776,51.46192554123893,-6.09469986526733,-7.060323684418897,0.9656238191515669,941.0438420903472,867.076159130356,904.0600006103516,0.013024063067705205,HOLD
2022-11-29,887.7625122070312,904.5,923.3499755859376,896.75,906.8499755859376,537198,903.0524993896485,914.2409985351562,894.7807498168945,898.683106209594,50.9234901459458,-4.883286603034435,-6.624916268142005,1.7416296651075704,938.8155137987229,867.289484980574,903.0524993896485,-0.0018209174745973389,HOLD
2022-11-30,906.803466796875,923.9000244140624,940.9500122070312,902.0499877929688,904.2999877929688,1355158,902.7300018310547,912.2769995117187,894.8514999389648,901.0847174671625,56.664496247833114,-2.330943363376491,-5.766121687188903,3.435178323812412,937.6079404099586,867.8520632521507,902.7300018310547,0.021448340977404445,HOLD
2022-12-01,943.0205078125,960.7999877929688,966.2000122070312,918.0,930.5,903010,904.9200012207032,911.2099987792968,894.9652499389648,906.7718860696202,65.04129399361173,2.6389060353950526,-4.085116142672112,6.724022178067164,947.7100034943909,862.1299989470155,904.9200012207032,0.03993934668668109,HOLD
2022-12-02,936.5917358398438,954.25,976.9000244140624,948.7000122070312,965.0,1347966,906.0625,909.5109997558594,895.0404998779297,911.2936112058469,62.723557281060934,5.980083534875007,-2.072076207162688,8.052159742037695,952.6695221210102,859.4554778789898,906.0625,-0.006817223018512508,HOLD
2022-12-05,939.0454711914062,956.75,961.0999755859376,944.5999755859376,954.75,418300,907.5625,908.5029992675782,895.26375,915.6227910910043,63.26167645033183,8.729096293329462,0.08815829293574207,8.64093800039372,958.468928975016,856.656071024984,907.5625,0.0026198585276395736,HOLD
2022-12-06,926.8257446289062,944.2999877929688,959.0,939.2999877929688,956.9000244140624,337804,908.1475006103516,907.2429992675782,895.6529998779297,918.3539526816676,58.7158407221223,9.790240970266154,2.028574828401825,7.76166614186433,960.4413738007773,855.8536274199258,908.1475006103516,-0.013012816521590032,HOLD
2022-12-07,895.12353515625,912.0,951.25,904.8499755859376,942.5,574416,908.2050018310547,906.0769995117188,895.7077499389649,917.7488143310326,48.89865101071441,7.9334152268857,3.2095429080985998,4.7238723187871,960.5131620338902,855.8968416282191,908.2050018310547,-0.0342052189034342,HOLD
2022-12-08,889.2347412109375,906.0,923.75,898.5499877929688,915.0,376013,909.7050018310547,905.9269995117188,895.7157498168946,916.629879632839,47.31604111865536,5.909595453845213,3.7495534172479226,2.1600420365972908,959.9114117986361,859.4985918634733,909.7050018310547,-0.006578947368421018,HOLD
2022-12-09,886.2410278320312,902.9500122070312,927.0,895.0,908.2999877929688,682205,910.5325012207031,905.64,895.7407498168945,915.3270351160954,46.49230220252258,4.013331984886122,3.8023091307755625,0.21102285411055943,959.7102010790354,861.3548013623708,910.5325012207031,-0.0033664324425703995,HOLD
2022-12-12,901.0125122070312,918.0,925.0,898.25,905.0,506705,910.5625,905.9640002441406,895.8739999389649,915.5816032002768,51.023296005459194,3.6824883276207174,3.7783449701445937,-0.09585664252387627,959.7576491134104,861.3673508865896,910.5625,0.016667575823143155,HOLD
2022-12-13,891.7373657226562,908.5499877929688,923.9500122070312,906.0,921.7000122070312,402583,910.4850006103516,905.9969995117187,895.9539999389649,914.911925542438,48.259891574261054,2.6274675274629544,3.548169481608266,-0.9207019541453114,959.6877030460823,861.2822981746208,910.4850006103516,-0.010294130944478508,HOLD
2022-12-14,896.9395141601562,913.8499755859376,928.9500122070312,908.0499877929688,911.0499877929688,531324,911.4600006103516,905.9179992675781,896.0632498168945,914.8107874513427,49.89878744103442,2.193732678602373,3.2772821210070875,-1.0835494424047143,960.1149102473927,862.8050909733105,911.4600006103516,0.005833457557842703,HOLD
2022-12-15,884.9651489257812,901.6500244140624,921.6500244140624,893.0499877929688,911.5,290086,912.1350006103515,905.7290002441406,895.9072500610351,913.5573814477922,46.265892207872795,0.85569664736704,2.792965026279078,-1.9372683789120382,959.8430068601277,864.4269943605753,912.1350006103515,-0.013350059088257815,HOLD
2022-12-16,863.6668701171875,879.9500122070312,906.1500244140624,862.6500244140625,892.2999877929688,656320,911.325,904.7110009765624,896.0142501831054,910.3566796153389,40.603351544502644,-1.9334288141031948,1.8476862582026237,-3.7811150723058184,960.6149610395341,862.035038960466,911.325,-0.024067001186111936,HOLD
2022-12-19,868.7214965820312,885.0999755859375,891.5,860.5499877929688,870.0999755859375,523379,911.1024993896484,903.4930004882813,895.94375,907.9512792315863,42.40497573171585,-3.6857844039566316,0.7409921257707727,-4.426776529727404,960.821936061565,861.3830627177318,911.1024993896484,0.005852563563229607,HOLD
2022-12-20,863.0286254882812,879.2999877929688,885.75,864.5499877929688,881.0,469747,910.6174987792969,902.2380004882813,895.8042498779297,905.2225848088608,40.900321844946575,-5.479386420472338,-0.5030835834778493,-4.976302836994488,961.3684330911109,859.8665644674828,910.6174987792969,-0.006552918261159335,HOLD
2022-12-21,847.2756958007812,863.25,887.0,853.0,881.0,493325,909.6625,900.8760009765625,895.6647497558594,901.2251957794455,36.988990720063875,-8.102527922076433,-2.022972451197566,-6.0795554708788675,963.1502056665561,856.174794333444,909.6625,-0.01825314229021424,HOLD
2022-12-22,838.0496215820312,853.8499755859375,867.5499877929688,845.0,866.7000122070312,397590,908.4799987792969,900.0620007324219,895.5829995727539,896.7132700467305,34.88485504541825,-10.815218762095128,-3.781421713377079,-7.033797048718049,965.6767094886405,851.2832880699533,908.4799987792969,-0.010889110239284627,HOLD
2022-12-23,801.783447265625,816.9000244140625,854.9500122070312,810.0499877929688,852.0,672114,904.6,898.2770007324219,895.4409997558594,889.112008557905,28.114628790153674,-15.764870439500328,-6.178111458601729,-9.586758980898598,974.2386130076735,834.9613869923265,904.6,-0.04327452389574504,BUY
2022-12-26,817.634521484375,833.0499877929688,840.4500122070312,802.4000244140625,810.0,472586,900.9449981689453,896.955,895.6194998168945,883.772768485054,34.13169898424742,-18.17482985522406,-8.577455137926195,-9.597374717297866,977.2306495217447,824.6593468161459,900.9449981689453,0.01976981625198282,HOLD
2022-12-27,830.1976928710938,845.8499755859375,850.2000122070312,828.4000244140625,833.0,308145,898.0124969482422,895.865,895.686499633789,880.1610739232334,38.52381840472052,-18.83477248115014,-10.628918606570984,-8.205853874579155,977.9478898838112,818.0771040126732,898.0124969482422,0.01536520974795308,HOLD
2022-12-28,833.0438842773438,848.75,856.0,835.0,840.0,375473,894.254995727539,895.6880004882812,895.5524996948242,877.1695430734017,39.50799367742101,-18.90583928631054,-12.284302742518896,-6.621536543791642,976.0138954726178,812.4960959824602,894.254995727539,0.0034285328341514543,HOLD
2022-12-29,833.4857177734375,849.2000122070312,854.0499877929688,826.7999877929688,841.2000122070312,511131,888.6749969482422,895.3960009765625,895.2772497558594,874.5057782289855,39.66939628974361,-18.710168837527135,-13.569475961520546,-5.1406928760065895,966.6513732184115,810.6986206780729,888.6749969482422,0.0005302058403902077,HOLD
2022-12-30,851.8887329101562,867.9500122070312,880.9500122070312,850.9000244140625,850.9000244140625,510278,884.3599975585937,895.2820007324219,895.0347497558594,873.8814195602279,46.12001932066378,-16.84791798634319,-14.225164366485076,-2.6227536198581145,956.6906768776312,812.0293182395562,884.3599975585937,0.02207960401610176,HOLD
2023-01-02,855.5693969726562,871.7000122070312,876.6500244140625,864.3499755859375,867.0999755859375,176520,880.1074981689453,895.5030004882813,894.9037496948242,873.6736664789711,47.33289999511665,-14.897745177166712,-14.359680528621404,-0.5380646485453084,944.4766268071719,815.7383695307187,880.1074981689453,0.004320525315120838,HOLD
2023-01-03,860.9185180664062,877.1500244140625,885.3499755859375,865.0999755859375,870.0999755859375,242793,876.75,895.6950012207031,894.8412496948242,874.004748187075,49.12533372947042,-12.765298325232038,-14.040804087943531,1.275505762711493,933.9855460461657,819.5144539538343,876.75,0.006252164885523603,HOLD
2023-01-04,844.2821044921875,860.2000122070312,879.7999877929688,851.5,877.5,346596,874.1600006103515,895.5330017089843,894.5094998168945,872.6900114270709,44.09860157657045,-12.301242097921204,-13.692891689939067,1.3916495920178633,929.4351601581875,818.8848410625155,874.1600006103515,-0.019323960252242922,HOLD
2023-01-05,843.0553588867188,858.9500122070312,870.5499877929688,847.5,860.5,468558,871.8075012207031,895.3840014648438,894.2397497558594,871.3814400727814,43.74312197260515,-11.897195286234137,-13.333752409198082,1.4365571229639453,925.4425446787333,818.1724577626729,871.8075012207031,-0.0014531504095109948,HOLD
2023-01-06,837.8533325195312,853.6500244140625,861.7000122070312,844.2999877929688,858.8499755859375,386125,869.3425018310547,894.7690014648438,893.9534997558594,869.6927338195701,42.1901953133919,-11.867844869836063,-13.04057090132568,1.172726031489617,921.5381011998802,817.1469024622293,869.3425018310547,-0.006170309933811735,HOLD
2023-01-09,843.9385986328125,859.8499755859375,870.5999755859375,854.2000122070312,857.1500244140625,266298,866.4350006103516,893.8670007324218,893.6849996948242,868.7553282735099,44.664990387346734,-11.215020434504709,-12.675460807961487,1.4604403734567786,913.7116071443239,819.1583940763793,866.4350006103516,0.0072628723652068405,HOLD
2023-01-10,837.068115234375,852.8499755859375,864.2000122070312,845.75,860.0,334984,863.65,892.4309997558594,893.3349996948242,867.2405327794554,42.45514193208476,-11.134146356287602,-12.36719791762671,1.2330515613391082,907.0807352421505,820.2192647578495,863.65,-0.008140955048850151,HOLD
2023-01-11,834.516357421875,850.25,858.7000122070312,844.0,850.0999755859375,339029,860.4700012207031,890.8290002441406,892.9332498168945,865.6223868004597,41.63124932761812,-11.151304075579333,-12.124019149217236,0.9727150736379038,897.5871628169607,823.3528396244456,860.4700012207031,-0.0030485732079094108,HOLD
2023-01-12,833.3385009765625,849.0499877929688,854.4500122070312,839.2000122070312,850.25,342208,857.8399993896485,889.47,892.5742498779297,864.0440630854606,41.23351620873782,-11.133393814325132,-11.925894082238816,0.7925002679136846,890.041560310419,825.638438468878,857.8399993896485,-0.001411363960048484,HOLD
2023-01-13,834.8597412109375,850.5999755859375,862.5,839.0,846.0,309541,856.3724975585938,887.8539990234375,892.1099996948242,862.7636737997917,42.00423489968976,-10.868839525706107,-11.714483170932276,0.8456436452261684,887.0488619914302,825.6961331257573,856.3724975585938,0.0018255554033959065,HOLD
2023-01-16,825.0448608398438,840.5999755859375,856.0999755859375,834.0499877929688,851.0,495776,854.1474975585937,886.1309985351562,891.605499572754,860.6528453984722,38.49637361432866,-11.335427025782792,-11.63867194190238,0.3032449161195885,882.5365399152754,825.758455201912,854.1474975585937,-0.011756407579381234,HOLD
2023-01-17,835.0560913085938,850.7999877929688,854.0499877929688,837.0,841.5,350729,852.7224975585938,884.4949987792969,891.1827496337891,859.7144780074718,43.664322714700454,-10.758132189945513,-11.462563991511008,0.7044318015654945,878.6748931562565,826.770101960931,852.7224975585938,0.012134204738611043,HOLD
2023-01-18,834.1726684570312,849.9000244140625,862.9000244140625,847.5,851.9000244140625,407890,852.0549987792969,883.2759997558594,890.7329998779297,858.7797681414329,43.31846347913834,-10.255027819559018,-11.22105675712061,0.9660289375615925,877.5730752776478,826.5369222809459,852.0549987792969,-0.0010577848987055605,HOLD
2023-01-19,826.12451171875,841.7000122070312,851.4500122070312,839.0499877929688,847.5,275572,851.4475006103515,882.59,890.01375,857.1531247191089,40.19444876441518,-10.39812334281362,-11.056470074259213,0.6583467314455937,877.3414530531458,825.5535481675573,851.4475006103515,-0.009648207990915703,HOLD
2023-01-20,816.1622924804688,831.5499877929688,842.7999877929688,827.0499877929688,840.0,255003,852.1799987792969,881.4929992675782,889.2775,854.7147307261431,36.669281718740464,-11.201426645142533,-11.085461388435878,-0.11596525670665514,874.7371958524398,829.622801706154,852.1799987792969,-0.01205895719004213,HOLD
2023-01-23,813.7085571289062,829.0499877929688,837.9500122070312,821.5499877929688,828.0,390950,851.9799987792969,879.7259985351562,888.5335000610352,852.2704694944123,35.835626954085654,-11.902573943033985,-11.2488838993555,-0.6536900436784858,875.2710948757612,828.6889026828327,851.9799987792969,-0.0030064338123980683,HOLD
2023-01-24,811.3040161132812,826.5999755859375,833.0,817.5,829.0999755859375,319697,851.0174987792968,878.0559985351563,887.7235000610351,849.825660550748,34.99594563789212,-12.511706572506569,-11.501448433985713,-1.0102581385208556,876.7095833767677,825.325414181826,851.0174987792968,-0.0029552044425613655,HOLD
2023-01-25,793.342529296875,808.2999877929688,827.7000122070312,799.2000122070312,820.0,788468,848.9949981689454,876.3349987792968,886.8642498779296,845.8708345738166,29.44595380084347,-14.306191771988438,-12.062397101586258,-2.2437946704021794,880.7385016762569,817.2514946616338,848.9949981689454,-0.02213886805403875,BUY
2023-01-27,787.4046020507812,802.25,821.7000122070312,790.0999755859375,808.5,590446,846.6474975585937,874.6169982910156,886.0859997558593,841.7164693763103,27.872208744810948,-16.031714053961764,-12.856260492061361,-3.1754535619004027,884.3651001211648,808.9298949960227,846.6474975585937,-0.007484829746797317,BUY
2023-01-30,788.7294921875,803.5999755859375,828.0,793.75,803.7999877929688,554817,843.4299957275391,872.7659973144531,885.0979995727539,838.0863271105605,28.786796483388088,-17.093231019547375,-13.703654597558565,-3.38957642198881,884.1861814478024,802.6738100072758,843.4299957275391,0.0016827367852134678,BUY
2023-01-31,805.7586059570312,820.9500122070312,829.1500244140625,798.0499877929688,808.5,804016,840.8924957275391,871.3939978027344,884.2202496337891,836.4542971197482,39.41889718285245,-16.346060694952712,-14.232135817037395,-2.1139248779153164,880.5981907212159,801.1868007338622,840.8924957275391,0.02159038968168603,HOLD
2023-02-01,809.6353149414062,824.9000244140625,851.25,810.1500244140625,823.9000244140625,1426197,838.279995727539,870.1119982910157,883.3572497558594,835.3538901953972,41.55816485621387,-15.259290256661416,-14.437566704962201,-0.8217235516992147,874.8514564637818,801.7085349912962,838.279995727539,0.004811513671109102,HOLD
2023-02-02,829.6578369140625,845.2999877929688,849.9000244140625,806.5,820.0499877929688,1236566,837.5349945068359,869.3709985351562,882.5987496948242,836.3011375856421,51.15196533343206,-12.60658938439326,-14.071371240848414,1.4647818564551542,872.876333846689,802.1936551669828,837.5349945068359,0.024730225209287138,HOLD
2023-02-03,814.0029907226562,829.3499755859375,849.4500122070312,817.5,849.0,630870,836.0549926757812,868.407998046875,881.9357495117188,835.6391221570988,44.940160883430764,-11.65696330002163,-13.588489652683059,1.9315263526614288,870.142042342511,801.9679430090515,836.0549926757812,-0.018869055290862913,HOLD
2023-02-06,806.1510620117188,821.3499755859375,836.8499755859375,815.7000122070312,832.7999877929688,667235,834.439990234375,866.9449975585937,881.2219995117188,834.2782510550834,42.17378206301313,-11.418288011126151,-13.15444932437168,1.7361613132455282,868.0974485547443,800.7825319140057,834.439990234375,-0.009646108682101251,HOLD
2023-02-07,813.561279296875,828.9000244140625,835.7999877929688,820.7999877929688,822.2000122070312,137970,832.8924926757812,865.3999975585938,880.4569995117188,833.7660389940338,45.578580082555135,-10.49888566446441,-12.623336592390226,2.1244509279258157,864.5192262876594,801.265759063903,832.8924926757812,0.009192243322024618,HOLD
2023-02-08,823.4744873046875,839.0,845.0,822.2999877929688,829.0,206087,832.1999938964843,864.0899975585937,879.8202496337891,834.2645114707925,49.83389941655395,-8.853214711769056,-11.869312216265993,3.016097504496937,862.6324135347687,801.7675742581999,832.1999938964843,0.012184793447288289,HOLD
2023-02-09,829.4615478515625,845.0999755859375,888.0,839.8499755859375,882.0,2016343,831.9424926757813,862.5139965820313,879.4619995117188,835.2964604341397,52.26174618533029,-6.976372297966918,-10.890724232606178,3.91435193463926,861.842129780205,802.0428555713576,831.9424926757813,0.007270531091701393,HOLD
2023-02-10,843.1043701171875,859.0,861.6500244140625,823.5999755859375,848.5499877929688,768275,832.4399932861328,860.4779968261719,878.978999633789,837.5539403927932,57.32945098660288,-4.317575042749922,-9.576094394634929,5.258519351885006,863.7591046118098,801.1208819604558,832.4399932861328,0.016447787025937632,HOLD
2023-02-13,841.5830078125,857.4500122070312,879.8499755859375,850.75,859.4500122070312,710773,832.7824951171875,858.5419970703125,878.4162496948243,839.4488043751015,56.60781436459784,-2.3089143955916143,-8.122658394826265,5.813743999234651,865.0247146758957,800.5402755584794,832.7824951171875,-0.0018044095377982572,HOLD
2023-02-14,839.7672119140625,855.5999755859375,862.0,840.0,858.0999755859375,456906,833.5324951171875,856.5189965820313,877.8692495727539,840.9870111570859,55.70648551351196,-0.8564462754767419,-6.6694159709563605,5.812969695479619,867.1362985460323,799.9286916883427,833.5324951171875,-0.0021576028861809426,HOLD
2023-02-15,848.0118408203125,864.0,868.5,845.5999755859375,848.9000244140625,319960,834.192495727539,854.9129968261718,877.3879995727539,843.1787243802205,58.90590518589682,0.9613748120651735,-5.1432578143520535,6.104632626417227,869.5972088566832,798.7877825983949,834.192495727539,0.009817700623834025,HOLD
2023-02-16,867.6907958984375,884.0499877929688,894.0,865.6500244140625,868.0,977344,835.8999938964844,854.3539965820313,877.0634994506836,847.0712256576251,65.34112991339462,3.9740670001816625,-3.3197928514453103,7.293859851626973,877.0052262068907,794.794761586078,835.8999938964844,0.023206004390010193,HOLD
2023-02-17,845.1163940429688,861.0499877929688,889.0,855.0999755859375,883.2999877929688,454565,836.8674926757812,853.4549963378906,876.7877493286132,848.4025363371816,54.749498655943924,4.454392025057132,-1.764955876144822,6.219347901201954,879.3606957070757,794.3742896444868,836.8674926757812,-0.02601662837801688,HOLD
2023-02-20,841.1903686523438,857.0499877929688,869.0,850.5,865.0,335159,838.1424926757812,852.5369958496094,876.5509991455078,849.2261031424946,53.136312582537926,4.460864428876334,-0.5197918151405909,4.9806562440169255,881.4435464049243,794.8414389466382,838.1424926757812,-0.004645491036185612,HOLD
2023-02-21,840.4052734375,856.25,866.7000122070312,849.5999755859375,858.0999755859375,354864,839.5024932861328,851.3019958496094,876.4547491455078,849.8950457003523,52.80122650759706,4.351282648624647,0.45442307761245665,3.89685957101219,883.2817632972241,795.7232232750415,839.5024932861328,-0.0009334202256146007,HOLD
2023-02-22,826.075439453125,841.6500244140625,855.4500122070312,836.5999755859375,851.0,426164,840.254995727539,849.9639965820312,876.321999206543,849.1098055778484,46.97860528150517,3.0511702937244536,0.9737725208348561,2.0773977728895976,883.6368678447617,796.8731236103164,840.254995727539,-0.017051066377737234,HOLD
2023-02-23,821.4624633789062,836.9500122070312,842.2000122070312,825.0,831.0,458044,841.6874969482421,848.4259973144531,876.2879992675781,847.951730018723,45.24873894095354,1.6228628277150392,1.103590582210893,0.5192722455041463,882.5743978603958,800.8005960360885,841.6874969482421,-0.005584283337130902,HOLD
2023-02-24,829.6087646484375,845.25,852.0,836.2999877929688,838.0,376385,843.8374969482422,847.2979968261719,876.2472491455078,847.6944223978923,48.83196586039794,1.1474316417882164,1.1123587941263577,0.0350728476618587,880.5079717023344,807.16702219415,843.8374969482422,0.00991694566212109,HOLD
2023-02-27,837.6079711914062,853.4000244140625,861.4500122070312,838.6500244140625,844.0,295101,846.3274993896484,846.7669970703125,876.3899993896484,848.2378130660989,52.14391381069432,1.41201107454242,1.1722892502095703,0.2397218243328496,878.1771466606656,814.4778521186313,846.3274993896484,0.009642146600488122,HOLD
2023-02-28,841.5339965820312,857.4000244140625,869.0,849.0999755859375,856.9500122070312,602997,848.15,846.212998046875,876.5672494506836,849.1104046230478,53.726977558153195,1.92229967770254,1.3222913357081643,0.6000083419943758,878.0971332239292,818.2028667760708,848.15,0.00468713368358098,HOLD
2023-03-01,852.4776611328125,868.5499877929688,873.2000122070312,852.0499877929688,856.9000244140625,306092,850.3324981689453,845.997998046875,876.8529992675781,850.9617934963735,57.906917915675976,3.189647659946445,1.6957626005558204,1.4938850593906245,879.5369023358392,821.1280940020515,850.3324981689453,0.013004388921642462,HOLD
2023-03-02,855.7656860351562,871.9000244140625,874.4500122070312,862.7999877929688,864.7999877929688,222949,851.6625,846.1709985351563,877.0439993286133,852.9559107266296,59.1022870477502,4.413474240766732,2.2393049285980027,2.174169312168729,882.2204451009186,821.1045548990814,851.6625,0.003857045268754522,HOLD
2023-03-03,874.1195678710938,890.5999755859375,899.0,872.0999755859375,872.9000244140625,514498,854.725,846.9059985351563,877.4012490844726,856.5410597608494,65.06598236144002,6.813750723886301,3.1541940876556627,3.659556636230638,887.8901629823558,821.5598370176442,854.725,0.02144735709170531,HOLD
2023-03-06,868.4269409179688,884.7999877929688,904.9000244140624,881.5999755859375,895.0999755859375,287921,857.8975006103516,848.2639978027344,877.8642489624024,859.2323862400988,62.0440293332824,8.153982552260231,4.154151780576576,3.999830771683655,889.8003456618059,825.9946555588973,857.8975006103516,-0.006512449979748647,HOLD
2023-03-08,887.7133178710938,904.4500122070312,910.0,872.5999755859375,876.0,762736,861.675,849.6919982910156,878.3897491455078,863.5388268083781,67.5438812934664,10.67862217102811,5.459045858666883,5.219576312361227,896.6888552270791,826.6611447729208,861.675,0.022208436579070456,HOLD
2023-03-09,872.8927001953125,889.3499755859375,909.75,887.0,909.5499877929688,232740,864.1924987792969,850.5619982910156,878.8972491455078,865.9970314538599,60.31165906736259,11.330361148482211,6.633308916629948,4.697052231852263,899.5615330774547,828.8234644811391,864.1924987792969,-0.016695269409358282,HOLD
2023-03-10,862.9796752929688,879.25,888.0499877929688,873.7999877929688,883.0999755859375,206808,865.9,851.1719982910156,879.3537490844726,867.2592189344447,55.99302241050708,10.906165871558414,7.487880307615642,3.4182855639427725,900.7101583698487,831.0898416301512,865.9,-0.011356581619382466,HOLD
2023-03-13,846.3923950195312,862.3499755859375,883.4500122070312,856.2999877929688,872.0,447970,866.0674987792969,851.4349975585938,879.849748840332,866.7916719488726,49.59383570154393,9.101382258356125,7.810580697763738,1.2908015605923868,900.7753284008359,831.3596691577579,866.0674987792969,-0.01922095469327556,HOLD
2023-03-14,838.0988159179688,853.9000244140625,866.4500122070312,841.25,866.4500122070312,571314,865.8899993896484,851.1539978027344,880.2767489624024,865.5638959931764,46.71885700501167,6.9095883681093255,7.630382231832856,-0.7207938637235305,900.807970184435,830.9720285948619,865.8899993896484,-0.009798749244624871,HOLD
2023-03-15,831.669921875,847.3499755859375,870.5999755859375,844.9500122070312,858.0,266153,865.4774993896484,850.6669970703125,880.7312487792968,863.8292369067726,44.56235395187538,4.591118167317973,7.02252941892988,-2.431411251611907,901.060552068948,829.8944467103488,865.4774993896484,-0.00767074439729587,HOLD
2023-03-16,838.3931884765625,854.2000122070312,861.6500244140625,840.4500122070312,843.2000122070312,305799,864.9875,850.2079968261719,881.0252487182618,862.9121678877497,47.301943533349295,3.2687741431120685,6.271778363766318,-3.0030042206542493,900.9067564359553,829.0682435640446,864.9875,0.00808407012268697,HOLD
2023-03-17,850.072998046875,866.0999755859375,871.9500122070312,851.0499877929688,858.5,836837,864.0899993896485,850.32599609375,881.3269985961914,863.2157686209105,51.76169050453206,3.1447834632838294,5.646379383669821,-2.5015959203859914,898.9402904321067,829.2397083471902,864.0899993896485,0.013931120591019308,HOLD
2023-03-20,844.0858764648438,860.0,872.0,850.0999755859375,870.3499755859375,505106,864.0375,850.3469958496094,881.6497485351563,862.9095049427285,49.45142655864246,2.5251940410271345,5.022142315141283,-2.496948274114149,898.9091080199962,829.1658919800038,864.0375,-0.007043038630512255,HOLD
2023-03-21,846.048828125,862.0,865.4000244140625,854.0999755859375,862.7000122070312,134744,864.2850006103515,850.5139953613282,882.0334985351562,862.8228854243735,50.23568243922214,2.1705277524666826,4.451819402606364,-2.281291650139681,899.0247362969264,829.5452649237766,864.2850006103515,0.0023255813953488857,HOLD
2023-03-22,846.1470336914062,862.0999755859375,872.4000244140625,858.0,862.2000122070312,193236,864.5774993896484,850.5589953613281,882.5239984130859,862.7540368683319,50.2772115853333,1.8758952055785585,3.936634563200803,-2.0607393576222446,899.1397567427109,830.015242036586,864.5774993896484,0.00011598095816411913,HOLD
2023-03-23,839.865478515625,855.7000122070312,867.75,852.1500244140625,863.0999755859375,200314,865.2799987792969,850.61599609375,882.9827484130859,862.0822249958271,47.5420614392394,1.1131416277269182,3.3719359761060264,-2.258794348379108,898.4945098513234,832.0654877072703,865.2799987792969,-0.007423690476915268,HOLD
2023-03-24,828.47998046875,844.0999755859375,860.4500122070312,836.1500244140625,855.0,376893,865.6374969482422,850.4929956054688,883.370248413086,860.3696298139329,42.978273003594566,-0.42250175065134954,2.613048430754551,-3.0355501814059007,897.7605972756993,833.5143966207851,865.6374969482422,-0.013556195460573628,HOLD
2023-03-27,809.4881591796875,824.75,845.9500122070312,821.0,844.9500122070312,265163,864.6124969482422,850.0069958496093,883.5892483520507,856.9772841173678,36.65693033549521,-3.164414110929556,1.45755592241773,-4.621970033347286,900.3744676660797,828.8505262304047,864.6124969482422,-0.02292379593128835,HOLD
2023-03-28,803.2556762695312,818.4000244140625,828.8499755859375,814.2999877929688,817.0,341824,862.8624969482422,849.3629968261719,883.7069985961914,853.3032593837197,34.8456516314114,-5.783125105342833,0.009419716865617378,-5.79254482220845,903.7115258853171,822.0134680111673,862.8624969482422,-0.007699273217262825,HOLD
2023-03-29,811.6474609375,826.9500122070312,831.5999755859375,820.5499877929688,821.9000244140625,540246,861.3399963378906,849.0899975585937,883.8774987792968,850.7934263192733,39.201756643511196,-7.086866885511313,-1.4098376036097688,-5.677029281901544,905.0589250014352,817.621067674346,861.3399963378906,0.010447198848863914,HOLD
2023-03-31,827.0077514648438,842.5999755859375,849.5499877929688,832.0,833.0,437577,860.0424957275391,848.9259973144531,884.2247485351562,850.0130976780032,46.28141087194555,-6.779124855297368,-2.4836950539472893,-4.295429801350079,904.364629840789,815.7203616142891,860.0424957275391,0.018924920669797674,HOLD
2023-04-03,829.2653198242188,844.9000244140625,851.9000244140625,832.9500122070312,850.0,476819,858.692495727539,848.8259973144532,884.5014987182617,849.5261383195326,47.2535373430382,-6.277281764364261,-3.2424123960306837,-3.0348693683335775,903.1323456658372,814.2526457892409,858.692495727539,0.002729704361224883,HOLD
2023-04-05,846.048828125,862.0,866.5,841.4500122070312,844.75,614244,857.2624969482422,849.2319970703124,884.8887487792969,850.7141251462438,53.928832954561486,-4.448463264448833,-3.4836225697143135,-0.9648406947345194,899.2778648417041,815.2471290547803,857.2624969482422,0.02023905206748733,HOLD
2023-04-06,880.1557006835938,896.75,901.0,856.5499877929688,862.5,860736,857.8599975585937,850.5359973144531,885.5754986572266,855.0984941799348,63.921287764702,-0.19285374725654947,-2.825468805222761,2.6326150579662113,901.7240262193689,813.9959688978186,857.8599975585937,0.04031322505800472,HOLD
2023-04-10,890.1670532226562,906.9500122070312,927.0,891.4000244140625,892.0,1233453,857.9849975585937,852.0939978027344,886.3254986572266,860.0367339920393,66.23615178315055,3.9571872043497933,-1.4689376033082502,5.426124807658043,902.3902959474317,813.5796991697557,857.9849975585937,0.011374421195462725,HOLD
2023-04-11,884.8668212890625,901.5499877929688,918.8499755859376,899.4000244140625,912.75,824604,858.5949981689453,853.592998046875,887.1282485961914,863.9903772111755,63.898681653364676,6.732776461559524,0.1714052096653047,6.5613712518942195,904.9972764267669,812.1927199111236,858.5949981689453,-0.005954048559877911,HOLD
2023-04-12,889.9216918945312,906.7000122070312,925.5,890.8499755859375,900.2000122070312,2196315,859.9674987792969,855.5609985351563,887.8229986572265,868.0579614964952,65.16140962079226,9.241484790562822,1.9854211258448082,7.256063664718014,910.1982567947535,809.7367407638402,859.9674987792969,0.005712411384608762,HOLD
2023-04-13,896.9884643554688,913.9000244140624,916.6500244140624,901.0999755859376,907.0,572541,862.5450012207032,857.7939990234376,888.6069989013672,872.4238722505492,66.90428804678228,11.676040896290942,3.9235450799340352,7.752495816356907,918.0171852464618,807.0728171949445,862.5450012207032,0.007940897882537046,HOLD
2023-04-17,899.8347778320312,916.7999877929688,922.5,904.5499877929688,910.0,450640,865.6899993896484,860.0579992675781,889.4424987792969,876.6501689688748,67.60719690259039,13.681732463525805,5.87518255665239,7.806549906873415,925.7846974540438,805.595301325253,865.6899993896484,0.0031731735435347463,HOLD
2023-04-18,906.607177734375,923.7000122070312,943.5499877929688,917.2000122070312,917.2000122070312,1159264,869.5075012207031,862.1129992675782,890.2674987792968,881.1311064201278,69.27907413767349,15.647655354492258,7.829677116220363,7.817978238271895,933.996573762653,805.0184286787533,869.5075012207031,0.007526204740330611,HOLD
2023-04-19,906.3128051757812,923.4000244140624,936.3499755859376,913.9500122070312,925.8499755859376,875720,872.9675018310547,864.0829992675781,891.1149987792969,885.1567176576455,69.11206226554555,16.985656822853116,9.660873057546915,7.324783765306201,941.1215261265794,804.8134775355301,872.9675018310547,-0.0003247675533230021,HOLD
2023-04-20,896.5958862304688,913.5,925.75,908.75,923.0499877929688,297066,875.3375030517578,865.4469995117188,891.9444989013672,887.8560778807268,63.658051664899354,17.050634295542864,11.138825305146106,5.911808990396757,945.6343557746791,805.0406503288366,875.3375030517578,-0.010721273719203506,HOLD
2023-04-21,857.1888427734375,873.3499755859375,932.0,869.2999877929688,926.0,1551921,876.0050018310546,866.3269995117188,892.6114987182617,886.4745443288421,47.341220852433075,13.704382398716007,11.651936723860087,2.0524456748559192,945.9593264820694,806.0506771800399,876.0050018310546,-0.043951860332854364,HOLD
2023-04-24,861.4093017578125,877.6500244140625,884.9000244140625,873.9000244140625,878.0,700909,876.7875030517578,867.4530004882813,893.3114987182618,885.6341138607678,48.853292623576365,11.269523612292119,11.575454101546494,-0.3059304892543757,946.4471865806119,807.1278195229037,876.7875030517578,0.004923626207512077,HOLD
2023-04-25,874.806640625,891.2999877929688,895.9000244140625,879.25,880.9500122070312,401663,878.2475036621094,868.7009997558594,894.0574987792969,886.1737209019299,53.42518061009778,10.322329064980522,11.3248290942333,-1.0025000292527775,947.8386155390735,808.6563917851452,878.2475036621094,0.015552854781744285,HOLD
2023-04-26,888.9892578125,905.75,913.0999755859376,891.0499877929688,891.2999877929688,548836,880.7500030517579,870.0359997558594,894.7502487182617,888.0381284350794,57.73248917203719,10.615299221750547,11.18292311973675,-0.567623897986202,950.5172763700634,810.9827297334523,880.7500030517579,0.01621228812401565,HOLD
2023-04-27,898.0191040039062,914.9500122070312,922.4000244140624,901.5499877929688,905.5999755859376,562568,884.2925048828125,871.4330004882812,895.495998840332,890.6011649847891,60.25286610231465,11.457766281641284,11.237891752117656,0.21987452952362752,953.4485485230769,815.1364612425482,884.2925048828125,0.010157341658328711,HOLD
2023-04-28,898.1661987304688,915.0999755859376,928.0,910.0,916.9500122070312,386511,888.8100036621094,872.555,896.1514987182617,892.9343850420413,60.29442765661535,11.999208876948273,11.39015517708378,0.6090536998644929,953.475955010336,824.1440523138828,888.8100036621094,0.0001639033574574178,HOLD
2023-05-02,898.558837890625,915.5,932.6500244140624,913.9000244140624,917.0,347382,893.6650024414063,873.7159997558593,896.7649987792969,895.0834912285135,60.413338321188775,12.31858369687825,11.575840881042675,0.7427428158355749,950.5715869158287,836.7584179669839,893.6650024414063,0.00043713738906636657,HOLD
2023-05-03,906.4107666015624,923.5,931.2000122070312,906.25,915.0,554552,898.4925018310547,875.0740002441406,897.365998840332,897.7898253972265,62.81195508768468,13.066600052129502,11.87399271526004,1.192607336869461,947.8178278470688,849.1671758150407,898.4925018310547,0.008738394320043641,HOLD
2023-05-04,910.9747314453124,928.1500244140624,932.0499877929688,915.0999755859376,923.5,423947,902.7700042724609,876.3570007324219,897.8964990234375,900.6812729226396,64.17088782705974,13.874687747512212,12.274131721710477,1.600556025801735,946.4840581817158,859.0559503632061,902.7700042724609,0.005035218640024208,HOLD
2023-05-05,906.2635498046876,923.3499755859376,941.0,918.0999755859376,925.0499877929688,448391,906.6925018310546,877.1430004882812,898.3254989624023,902.8401969858108,61.66584914407369,13.966778910055496,12.612661159379481,1.3541177506760143,942.2494236731233,871.135579988986,906.6925018310546,-0.005171630341932132,HOLD
2023-05-08,921.4765625,938.8499755859376,951.9000244140624,924.5,924.5,729667,910.5350006103515,878.6990002441406,898.8182489013672,906.2696997096325,66.24778861151917,15.11623177062279,13.113375281628143,2.002856488994647,942.3559399912502,878.7140612294528,910.5350006103515,0.016786701044924968,HOLD
2023-05-09,914.2628784179688,931.5,950.7000122070312,927.6500244140624,939.0,550978,912.2725006103516,880.1880004882812,899.3054989624023,908.6725854515722,62.4367556120161,15.258212662837195,13.542342757869953,1.7158699049672421,944.6823378453479,879.8626633753553,912.2725006103516,-0.007828700833006352,HOLD
2023-05-10,922.360107421875,939.75,944.7999877929688,923.0499877929688,930.0,576245,913.9125,881.8580004882813,899.7639990234375,911.6323392180891,64.87900952531152,15.853688146334775,14.004611835562919,1.8490763107718564,948.3359800040279,879.4890199959722,913.9125,0.008856682769726287,HOLD
2023-05-11,932.1258544921876,949.7000122070312,956.0,939.7999877929688,942.5499877929688,622434,916.3200012207031,884.0190002441407,900.2272491455078,915.2578318837027,67.61390453297238,16.93329312403671,14.590348093257678,2.342945030779031,953.5674788729798,879.0725235684265,916.3200012207031,0.010587935309424035,HOLD
2023-05-12,923.6851806640624,941.0999755859376,955.0,936.7000122070312,949.75,231674,918.0399993896484,886.1019995117188,900.4387490844726,917.7189884267726,63.044275630013274,16.90012267099189,15.052303008804522,1.8478196621873693,956.5087088147884,879.5712899645084,918.0399993896484,-0.009055529652050698,HOLD
2023-05-15,968.6376953125,986.9000244140624,1001.9000244140624,939.0,939.0,1760246,921.6899993896484,888.935,900.8852493286133,924.3076585208003,73.36735969599656,20.335105582433926,16.108863523530403,4.226242058903523,970.3876824510504,872.9923163282464,921.6899993896484,0.048666507296006634,SELL
2023-05-16,957.1051025390624,975.1500244140624,1002.5499877929688,972.25,990.4000244140624,728149,924.6075012207032,891.37,901.2907495117188,929.1497886058729,68.11081422314443,21.85727047792352,17.25854491440903,4.598725563514492,978.4984047226023,870.716597718804,924.6075012207032,-0.01190596788866849,HOLD
2023-05-17,897.969970703125,914.9000244140624,973.5,910.8499755859376,973.5,3206907,924.1675018310547,892.52,901.396749572754,927.7926682066528,48.80252816840345,17.99449630227673,17.405735191982572,0.5887611102941577,978.2242997044743,870.110703957635,924.1675018310547,-0.06178536480702279,HOLD
2023-05-18,873.5797119140625,890.0499877929688,917.0,888.4500122070312,907.9500122070312,1125395,922.5,892.95,901.4474993896484,924.1981272148735,43.34471718348371,12.780701690018532,16.480728491589765,-3.7000268015712336,978.5686926493934,866.4313073506066,922.5,-0.02716147771119426,HOLD
2023-05-19,901.4542236328124,918.4500122070312,924.0999755859376,884.75,894.0499877929688,1276153,922.7475006103516,893.8809997558594,901.6087493896484,923.6506876903171,50.199396468804096,10.815699862276801,15.347722765727173,-4.532022903450372,978.6986735152003,866.7963277055029,922.7475006103516,0.03190834762492978,HOLD
2023-05-22,908.4227905273438,925.5499877929688,931.0,908.5499877929688,918.0,622274,925.3575012207032,894.58,901.801999206543,923.8315734143791,51.77042120284711,9.719292495690524,14.222036711719845,-4.5027442160293205,976.512491474425,874.2025109669813,925.3575012207032,0.007730388689174639,HOLD
2023-05-23,908.5210571289062,925.6500244140624,934.4000244140624,918.25,926.0499877929688,295798,927.7575012207031,895.3970007324219,901.9427493286133,924.0047592238727,51.793496159531784,8.757502836421622,13.1291299366602,-4.3716271002385785,974.0026033740219,881.5123990673844,927.7575012207031,0.0001080834340803083,HOLD
2023-05-24,907.6376342773438,924.75,929.0,916.5999755859376,924.1500244140624,382577,929.4300018310547,895.8030004882812,902.015749206543,924.0757345358849,51.554509289077274,7.832366508107043,12.06977725094957,-4.237410742842528,972.5971119457729,886.2628917163365,929.4300018310547,-0.0009723160917455287,HOLD
2023-05-25,923.8324584960938,941.25,947.0,913.7999877929688,920.0,908420,931.2050018310547,896.8410009765626,902.0509991455078,925.7113788658006,55.599359016946,8.334526176714235,11.322727036102505,-2.98820085938827,973.2358342003432,889.1741694617662,931.2050018310547,0.017842660178426506,HOLD
2023-05-26,915.6369018554688,932.9000244140624,950.0,928.7999877929688,940.0,733396,932.1025024414063,897.9140014648438,902.1317492675781,926.396011775159,53.179557757052685,7.966880842679643,10.651557797417933,-2.68467695473829,973.4679291048516,890.737075777961,932.1025024414063,-0.008871156000996083,HOLD
2023-05-29,912.447021484375,929.6500244140624,939.5999755859376,926.5499877929688,935.0,428091,932.8300048828125,899.2600024414063,902.2447494506836,926.7059177407688,52.226792080156685,7.328789702422455,9.98700417841884,-2.6582144759963846,973.4793250449088,892.1806847207163,932.8300048828125,-0.0034837602261199585,HOLD
2023-05-30,915.8822021484376,933.1500244140624,936.0,925.0,928.0499877929688,457307,933.7125061035156,900.8450024414062,902.427999572754,927.3196421858444,53.199234083453995,7.0245440546151485,9.394512153658102,-2.3699680990429535,973.5773611098348,893.8476510971964,933.7125061035156,0.0037648576432900427,HOLD
2023-05-31,913.526611328125,930.75,937.9500122070312,917.0,931.4500122070312,828343,934.0750061035156,902.5130029296874,902.5974996948243,927.6463429300496,52.41139535608506,6.514668234218448,8.818543369770172,-2.303875135551724,973.6928969102541,894.4571152967771,934.0750061035156,-0.0025719598684781353,HOLD
2023-06-01,923.1453247070312,940.5499877929688,952.9000244140624,928.0,930.75,674688,934.6950042724609,904.2400024414062,902.822749633789,928.8752614884229,55.32097463376944,6.822717050905453,8.419378105997229,-1.5966610550917757,974.310704153043,895.0793043918787,934.6950042724609,0.010529130048851698,HOLD
2023-06-02,941.1066284179688,958.8499755859376,965.4000244140624,941.25,943.9500122070312,835559,936.470004272461,906.0950024414062,903.0669995117188,931.7299961643768,60.21289634460489,8.446142163693025,8.424730917536388,0.02141124615663692,977.0625130601638,895.8774954847581,936.470004272461,0.01945668814042567,HOLD
2023-06-05,941.9409790039062,959.7000122070312,972.5499877929688,952.2000122070312,964.7999877929688,457416,937.5125061035156,908.0890026855469,903.1802496337891,934.3938072160581,60.42962557390378,9.689613282645837,8.677707390558279,1.011905892087558,979.3478778652936,895.6771343417377,937.5125061035156,0.0008865168094458475,HOLD
2023-06-06,966.9199829101562,985.1500244140624,991.9500122070312,958.0,960.2000122070312,982778,940.1950073242188,910.5520031738281,903.4024996948242,939.2277326634871,66.34126565105956,12.583620252384549,9.458889962923532,3.1247302894610165,986.757349012309,893.6326656361285,940.1950073242188,0.02651871614391621,HOLD
2023-06-07,962.7977294921876,980.9500122070312,995.75,975.8499755859376,986.4500122070312,751214,942.2550079345704,912.92900390625,903.5142498779297,943.2012830962057,64.6253806415155,14.372557841762728,10.44162353869137,3.930934303071357,992.0870431299721,892.4229727391686,942.2550079345704,-0.00426332244119787,HOLD
2023-06-08,949.1549072265624,967.0499877929688,987.0999755859376,961.5,986.0,445030,943.1225067138672,915.1560034179688,903.5654998779297,945.4725883054211,59.1707977522665,14.501523431843111,11.25360351732172,3.2479199145213915,994.0351191267039,892.2098943010305,943.1225067138672,-0.014169962017523186,HOLD
2023-06-09,947.9771118164062,965.8499755859376,982.0,962.5499877929688,970.0,317442,944.3600067138672,917.5910034179688,903.5014996337891,947.4132918559466,58.710089534851235,14.34157785277705,11.871198384412786,2.470379468364264,996.2103482704397,892.5096651572946,944.3600067138672,-0.001240899872994028,HOLD
2023-06-12,945.7195434570312,963.5499877929688,970.5499877929688,961.0999755859376,968.4000244140624,322310,943.1925048828125,920.3670031738282,903.5077496337891,948.950120040425,57.78148293039101,13.869352770562386,12.270829261642707,1.5985235089196799,992.1284439359034,894.2565658297216,943.1925048828125,-0.00238130957302507,HOLD
2023-06-13,965.889404296875,984.0999755859376,985.9500122070312,958.25,966.0,481815,943.6400024414063,923.6810021972656,903.7452496337891,952.2977253304739,63.35806553464488,14.980635817604707,12.812790572835109,2.167845244769598,993.8829396136637,893.3970652691489,943.6400024414063,0.021327370715907623,HOLD
2023-06-14,1000.1926879882812,1019.0499877929688,1025.6500244140625,977.25,985.7999877929688,1367277,948.8475006103515,927.5230017089843,904.0844995117187,958.6550836602353,70.49592000140905,18.468614838866984,13.943955426041484,4.5246594128255,1007.0541711706858,890.6408300500173,948.8475006103515,0.03551469675245311,SELL
2023-06-15,975.8024291992188,994.2000122070312,1043.0999755859375,988.1500244140624,1019.0,1664584,954.0550018310547,930.5550024414063,904.2312496948242,962.0403149504062,61.34560459354569,19.00855915534953,14.956876171903094,4.051682983446437,1008.822554093212,899.2874495688974,954.0550018310547,-0.024385433377764776,HOLD
2023-06-16,995.5797119140624,1014.3499755859376,1024.0,996.2999877929688,996.9500122070312,992730,958.85,933.9440014648437,904.4387496948242,967.0221873918854,65.28086890904625,20.822375181049665,16.12997597373241,4.692399207317255,1016.996972972137,900.7030270278631,958.85,0.02026751471685806,HOLD
2023-06-19,990.4267578125,1009.0999755859376,1021.5499877929688,1003.0499877929688,1018.0,492210,963.0274993896485,936.8860009765625,904.6429995727539,971.0295957913189,63.46786541804912,21.587360669207328,17.221452912827395,4.365907756379933,1022.9816344255254,903.0733643537716,963.0274993896485,-0.005175728423483572,HOLD
2023-06-20,1001.3213500976562,1020.2000122070312,1024.0999755859375,995.3499755859376,1008.0499877929688,555424,967.7549987792969,939.3550012207031,904.9607495117187,975.7124925928152,65.64060658807455,22.82617147250403,18.34239662476272,4.483774847741309,1030.040032481177,905.469965077417,967.7549987792969,0.010999937458771925,HOLD
2023-06-21,998.5624389648438,1013.4000244140624,1024.0999755859375,1002.4500122070312,1018.75,442261,972.1875,941.4840014648438,904.9934997558594,979.301781337696,63.16227663927984,22.994173258297224,19.272751951469623,3.721421306827601,1034.2168869387438,910.1581130612561,972.1875,-0.006665347688301071,HOLD
2023-06-22,983.2399291992188,997.8499755859376,1018.9500122070312,990.2999877929688,1013.5,360176,975.0174987792968,943.4100012207032,904.8027496337891,981.0682760280047,57.78899065489213,21.623296992976634,19.742860959771026,1.8804360332056085,1036.302864251185,913.7321333074087,975.0174987792968,-0.015344433050626383,HOLD
2023-06-23,969.5435791015624,983.9500122070312,1007.75,977.0,999.9500122070312,459635,977.5699981689453,944.9550012207031,904.6059997558593,981.3427270926738,53.414682130984644,19.194000310513843,19.63308882991959,-0.4390885194057468,1035.8024344766627,919.3375618612278,977.5699981689453,-0.013929913032010965,HOLD
2023-06-26,967.9176635742188,982.2999877929688,988.5,977.5,983.9000244140624,290340,980.2024963378906,946.3230004882812,904.3159994506836,981.4338947784162,52.90275985454485,16.940344263467978,19.09453991662927,-2.154195653161292,1034.1330649917563,926.2719276840248,980.2024963378906,-0.0016769392688572582,HOLD
2023-06-27,969.7406005859376,984.1500244140624,992.6500244140624,976.25,984.9000244140624,511927,982.7524963378906,947.6700012207032,904.1067495727539,981.6925737913348,53.441546183847166,15.129188238964161,18.30146958109625,-3.172281342132088,1032.1774476083092,933.3275450674722,982.7524963378906,0.001883372334402944,HOLD
2023-06-28,965.7991943359376,980.1500244140624,992.0,975.0,990.0,866909,985.2224975585938,948.7990014648437,903.9124996948242,981.5456643268327,52.05495780073177,13.218690632996982,17.2849137914764,-4.066223158479417,1028.5690640997923,941.8759310173954,985.2224975585938,-0.004064420973196148,HOLD
2023-06-30,970.3811645507812,984.7999877929688,999.8499755859376,981.25,987.7000122070312,484315,987.4349975585938,950.0270007324219,903.6874993896485,981.8555998950362,53.56331424545733,11.94215892483885,16.21636281814889,-4.274203893310041,1025.6482581242533,949.2217369929342,987.4349975585938,0.004744134329523808,HOLD
2023-07-03,983.8805541992188,998.5,1003.3499755859376,980.8499755859376,988.9000244140624,254835,989.4174987792969,951.7270007324219,903.5827493286133,983.4407808574138,57.777911630013136,11.898812732115289,15.352852800942172,-3.454040068826883,1025.5505611774504,953.2844363811433,989.4174987792969,0.013911466670236461,HOLD
2023-07-04,976.53955078125,991.0499877929688,1011.0,988.5999755859376,1010.0,551916,990.9849975585937,954.0810009765624,903.2424993896484,984.1654672322286,54.86191795765096,11.134950066233955,14.509272254000528,-3.3743221877665732,1024.4465753907562,957.5234197264311,990.9849975585937,-0.007461204013050837,HOLD
2023-07-05,996.8380126953124,1011.6500244140624,1022.5499877929688,988.0,992.25,474628,992.3099975585938,956.7610009765625,903.0342492675782,986.783044106689,60.7592753433065,12.052895912411486,14.017996985682721,-1.965101073271235,1026.8245448638365,957.795450253351,992.3099975585938,0.02078607222120965,HOLD
2023-07-06,1024.822265625,1040.050048828125,1057.9000244140625,1015.5,1020.0,1683704,995.2649993896484,959.7360021972656,902.8804992675781,991.8560921753972,67.13443238415044,14.900258327348524,14.194449254015883,0.7058090733326416,1035.0938642743731,955.4361345049236,995.2649993896484,0.028072973586405592,HOLD
2023-07-07,1005.7061767578124,1020.6500244140624,1055.0,1017.2000122070312,1039.9000244140625,624390,997.9450012207031,962.0340026855469,902.6002496337891,994.5983714362224,59.967429958570094,15.41371401739002,14.438302206690711,0.9754118106993097,1037.0253205894817,958.8646818519247,997.9450012207031,-0.018652971975648303,HOLD
2023-07-10,1003.0457153320312,1017.9500122070312,1025.699951171875,1004.3499755859376,1025.699951171875,320453,1000.5500030517578,964.0940026855469,902.5794998168946,996.8223372239185,59.02301735935318,15.424953666663555,14.63563249868528,0.7893211679782741,1037.619521292759,963.4804848107568,1000.5500030517578,-0.0026453849433660803,HOLD
2023-07-11,1025.708740234375,1040.949951171875,1044.9000244140625,1018.1500244140624,1018.1500244140624,535151,1004.4200012207032,966.6110021972656,902.7134994506836,1001.0249671237239,64.19581789580747,17.092729677772354,15.127051934502697,1.9656777432696568,1041.3912410579183,967.4487613834882,1004.4200012207032,0.022594369751985477,HOLD
2023-07-12,1018.4667358398438,1033.5999755859375,1041.0,1021.0999755859376,1040.0,282617,1006.8950012207031,968.9730017089844,902.6854995727539,1004.12734888203,61.52301305297376,17.61828001377671,15.625297550357502,1.9929824634192101,1044.7114469491494,969.0785554922568,1006.8950012207031,-0.0070608347477830735,HOLD
2023-07-13,1013.490478515625,1028.550048828125,1059.0,1025.0,1034.0,650868,1007.370004272461,971.0740026855469,902.7924996948242,1006.4533203054676,59.684338916598236,17.42641469505122,15.985520979296247,1.4408937157549744,1046.0148038397683,968.7252047051536,1007.370004272461,-0.004885765167466971,HOLD
2023-07-14,1044.7264404296875,1060.25,1065.8499755859375,1027.5,1035.0,643714,1010.6725036621094,973.7160021972657,903.0572497558594,1011.5768136097088,66.46047702807256,19.60627227733835,16.70967123890467,2.8966010384336798,1055.1063148440358,966.2386924801832,1010.6725036621094,0.030820037593690452,HOLD
2023-07-17,1054.0380859375,1069.699951171875,1075.449951171875,1054.6500244140625,1064.949951171875,854776,1013.4400024414062,976.6430017089843,903.5542495727539,1017.1123505203913,68.17758368266361,21.844546860905552,17.736646363304846,4.107900497600706,1064.8002062000653,962.0797986827473,1013.4400024414062,0.008912946165409164,HOLD
2023-07-18,1038.4693603515625,1053.9000244140625,1080.5,1048.25,1069.949951171875,571889,1015.6800048828125,978.9440026855468,904.2562496948242,1020.6159385102648,62.42322675181036,22.0888470712149,18.60708650488686,3.4817605663280418,1069.9150082972612,961.4450014683636,1015.6800048828125,-0.014770428605239583,HOLD
2023-07-19,1054.13671875,1069.800048828125,1075.050048828125,1045.0,1045.0,313062,1018.1600067138672,981.7100036621093,905.01875,1025.300139492918,65.5723520830829,23.296903632878752,19.545049930485238,3.7518537023935146,1077.3084952585752,959.0115181691591,1018.1600067138672,0.015086843197391842,HOLD
2023-07-20,1059.8515625,1075.5999755859375,1091.5999755859375,1065.0999755859375,1069.699951171875,681573,1021.2700042724609,984.4270031738281,905.8877499389648,1030.0906000732057,66.66963821521395,24.44056713471582,20.524153371331355,3.9164137633844653,1085.4197811728652,957.1202273720568,1021.2700042724609,0.005421505415115435,HOLD
2023-07-21,1040.78515625,1056.25,1067.0,1029.75,1049.0,1091714,1024.190005493164,986.5580029296875,906.6344998168945,1032.5819714948052,59.81952013299305,23.514487015228838,21.12222010011085,2.392266915117986,1089.1215750055378,959.2584359807904,1024.190005493164,-0.01798993680284955,HOLD
2023-07-24,1051.6732177734375,1067.300048828125,1072.5,1049.050048828125,1054.8499755859375,465462,1028.3575073242187,989.0820043945313,907.3820001220703,1035.8884550503594,62.20756919553748,23.40243968265804,21.57826401662029,1.8241756660377497,1093.1223140376467,963.5927006107906,1028.3575073242187,0.010461584689349213,HOLD
2023-07-25,1049.0125732421875,1064.5999755859375,1099.0,1055.800048828125,1070.5,874792,1032.4725067138672,990.6360034179687,908.1495001220703,1038.6228855775573,61.24965240507755,22.832568383601483,21.829124890016534,1.0034434935849497,1095.4422739739305,969.502739453804,1032.4725067138672,-0.0025298164702157733,HOLD
2023-07-26,1070.9862060546875,1086.9000244140625,1092.800048828125,1065.199951171875,1065.199951171875,244317,1037.6100067138673,992.8710034179687,908.9297503662109,1043.2207083238911,65.9176350171698,23.90480908563154,22.244261729139534,1.6605473564920068,1100.7374527358993,974.4825606918353,1037.6100067138673,0.020946880837425796,HOLD
2023-07-27,1097.6895751953125,1114.0,1119.949951171875,1081.8499755859375,1090.5,732836,1044.302505493164,996.8530029296875,909.7697503662109,1049.9615932454253,70.55907599680832,26.634285647232673,23.122266512758163,3.51201913447451,1109.9734471895745,978.6315637967537,1044.302505493164,0.024933273509260223,SELL
2023-07-28,1103.1087646484375,1119.5,1125.800048828125,1101.25,1118.300048828125,495768,1051.0375061035156,1001.4420031738281,910.6570004272461,1056.584298650623,71.41004749911659,28.90798625079765,24.27941046036606,4.62857579043159,1118.5212401725216,983.5537720345096,1051.0375061035156,0.004937163375224429,SELL
2023-07-31,1103.158447265625,1119.550048828125,1124.5,1106.25,1123.949951171875,409293,1057.0900085449218,1005.46400390625,911.598000793457,1062.581036762766,71.41814348834866,30.363932370925113,25.496314842477872,4.867617528447241,1126.330740872695,987.8492762171486,1057.0900085449218,4.4706411902684096e-05,SELL
2023-08-01,1092.0234375,1108.25,1113.8499755859375,1066.0,1109.949951171875,1676437,1062.9500091552734,1009.1180041503907,912.6665008544921,1066.9304618329788,66.8175077265915,30.25717478221827,26.448486830425953,3.8086879517923187,1128.5863760689451,997.3136422416018,1062.9500091552734,-0.010093384248389015,HOLD
2023-08-02,1092.5162353515625,1108.75,1149.800048828125,1076.75,1081.0,1806627,1067.8050079345703,1012.7800036621094,913.6795007324218,1070.9132749917428,66.91905343876334,29.868607728020834,27.13251100994493,2.7360967180759026,1131.8911901771096,1003.718825692031,1067.8050079345703,0.00045116174148440713,HOLD
2023-08-03,1086.2098388671875,1102.3499755859375,1120.25,1075.0,1110.0,1045239,1070.920004272461,1016.3320031738281,914.6955004882813,1073.9072464769042,64.21039502950379,28.713248598647397,27.448658527685424,1.2645900709619724,1135.3624542002096,1006.4775543447123,1070.920004272461,-0.005772288084836541,HOLD
2023-08-04,1105.4736328125,1121.9000244140625,1138.0999755859375,1091.0,1102.5,1034552,1075.982504272461,1019.9450036621093,915.8032507324219,1078.477987232824,68.41594874947842,29.040384245984114,27.767003671345165,1.2733805746389493,1139.7374416767539,1012.2275668681683,1075.982504272461,0.017734883894503062,HOLD
2023-08-07,1083.451171875,1099.550048828125,1117.449951171875,1087.0999755859375,1113.0999755859375,695139,1080.0625061035157,1023.2780041503906,917.0130010986328,1080.4848502419004,59.76911697780955,27.182838518426706,27.650170640761473,-0.46733212233476706,1138.6768233636483,1021.4481888433832,1080.0625061035157,-0.019921539441636327,HOLD
2023-08-08,1090.3978271484375,1106.5999755859375,1113.4000244140625,1083.5,1099.9000244140625,861160,1083.3450073242188,1026.8170031738282,918.2270010375977,1082.9720050365706,61.425249248631,25.980107806366277,27.316158073882434,-1.336050267516157,1140.1554640858556,1026.5345505625821,1083.3450073242188,0.006411646987170894,HOLD
2023-08-09,1073.1046142578125,1089.050048828125,1110.75,1074.199951171875,1110.0,732767,1086.1175109863282,1029.9350036621095,919.304001159668,1083.550866350052,55.32013149149296,23.341733657474833,26.521273190600915,-3.179539533126082,1138.1586173775638,1034.0764045950925,1086.1175109863282,-0.015859323283031856,HOLD
2023-08-10,1079.3616943359375,1095.4000244140625,1100.0,1079.050048828125,1092.9000244140625,766566,1089.460009765625,1033.2280041503907,920.477751159668,1084.6793575942436,56.985991361442245,21.515179500298927,25.52005445254052,-4.004874952241593,1134.3823653728894,1044.5376541583607,1089.460009765625,0.005830747257915547,HOLD
2023-08-11,1063.4974365234375,1079.300048828125,1103.949951171875,1076.5,1096.800048828125,390965,1090.4125122070313,1036.0030053710936,921.5365014648437,1084.1670424736608,51.72062945618444,18.55460278340206,24.12696411871283,-5.57236133531077,1133.5910834762465,1047.2339409378162,1090.4125122070313,-0.01469780466231918,HOLD
2023-08-14,1054.13671875,1069.800048828125,1086.949951171875,1053.4000244140625,1086.949951171875,981405,1090.4175170898438,1038.2220068359375,922.5440017700196,1082.798757364562,48.85230516032643,15.265779397988126,22.35472717456789,-7.088947776579765,1133.586506063847,1047.2485281158406,1090.4175170898438,-0.008802000898929685,HOLD
2023-08-16,1064.38427734375,1080.199951171875,1089.0,1057.5999755859375,1075.5,556370,1091.7325134277344,1040.6320056152344,923.6130014038085,1082.5512520128775,51.99119236008183,13.344718762786442,20.552725492211604,-7.208006729425161,1131.8675233810834,1051.5975034743853,1091.7325134277344,0.009721351532131939,HOLD
2023-08-17,1060.886474609375,1076.6500244140625,1089.199951171875,1069.0,1087.0,359307,1092.0750122070312,1042.4620056152344,924.5742514038086,1081.9892303368,50.8441861775267,11.40435266891086,18.723050927551455,-7.318698258640595,1131.5672835596267,1052.5827408544358,1092.0750122070312,-0.0032863607834469066,HOLD
2023-08-18,1057.9302978515625,1073.6500244140625,1081.0999755859375,1056.3499755859375,1076.4000244140625,611819,1091.9775146484376,1044.316005859375,925.4177514648437,1081.1950202489202,49.84342510303369,9.514842450986635,16.881409232238493,-7.3665667812518585,1131.641253027368,1052.3137762695071,1091.9775146484376,-0.0027864207792431817,HOLD
2023-08-21,1062.4630126953125,1078.25,1082.4000244140625,1065.1500244140625,1072.6500244140625,504800,1093.0775146484375,1046.5400061035157,926.1857513427734,1080.9145421299754,51.422290452526866,8.292975319001243,15.163722449591043,-6.8707471305898,1129.8303378500093,1056.3246914468657,1093.0775146484375,0.004284427403099089,HOLD
2023-08-22,1076.8984375,1092.9000244140625,1101.5,1076.1500244140625,1078.4000244140625,378980,1094.3575134277344,1049.081007080078,926.998501586914,1082.0560166332218,56.15593398339394,8.409828085445042,13.812943576761844,-5.403115491316802,1129.1616392969352,1059.5533875585336,1094.3575134277344,0.013586853154706757,HOLD
2023-08-23,1081.1353759765625,1097.199951171875,1107.4000244140625,1090.449951171875,1104.0,266037,1095.9875122070312,1051.7540063476563,927.8995013427734,1083.4982961130936,57.466026206097,8.748555001823888,12.800065861774254,-4.0515108599503655,1128.0064639734742,1063.9685604405881,1095.9875122070312,0.003934419125041,HOLD
2023-08-24,1081.9730224609375,1098.050048828125,1109.0999755859375,1093.199951171875,1105.0,616385,1096.5450134277344,1054.0330078125,928.7327514648438,1084.884177324049,57.734910406225204,8.982054763567248,12.036463642132853,-3.0544088785656047,1128.2988221183887,1064.79120473708,1096.5450134277344,0.0007747882738620149,HOLD
2023-08-25,1065.2220458984375,1081.050048828125,1099.0,1073.1500244140625,1099.0,388624,1094.8975158691405,1055.2730090332032,929.5042517089844,1084.519022229199,50.816604617180104,7.7065112177699575,11.170473157260274,-3.463961939490316,1126.2747504171596,1063.5202813211215,1094.8975158691405,-0.01548199011342244,HOLD
2023-08-28,1067.192626953125,1083.050048828125,1099.0,1075.199951171875,1085.9000244140625,411115,1093.075018310547,1057.050009765625,930.2565020751953,1084.3791200005253,51.55213673785435,6.77887440875179,10.292153407558578,-3.513278998806788,1122.7104853804758,1063.4395512406181,1093.075018310547,0.0018500531054672642,HOLD
2023-08-29,1083.7464599609375,1099.8499755859375,1105.0,1081.5,1090.0,552972,1092.0900146484375,1058.760009765625,931.2015020751953,1085.8525348181836,57.32532165708256,7.3150064005003514,9.696724006146933,-2.381717605646582,1119.3549104052654,1064.8251188916097,1092.0900146484375,0.015511680901533875,HOLD
2023-08-30,1110.7947998046875,1127.300048828125,1130.1500244140625,1099.0999755859375,1104.949951171875,1085585,1093.0425170898438,1061.1240112304688,932.458002319336,1089.7999171048446,64.72240642865272,9.841440368905296,9.725667278698607,0.11577309020668913,1123.6279020490292,1062.4571321306585,1093.0425170898438,0.02495801595809799,HOLD
2023-08-31,1104.4390869140625,1120.8499755859375,1134.9000244140625,1112.5,1128.0,1001798,1093.6475158691405,1063.137010498047,933.6302520751954,1092.7570655316154,62.002791573147164,11.194151277892388,10.019364078537365,1.1747871993550234,1125.8858102523363,1061.4092214859447,1093.6475158691405,-0.005721700490382009,HOLD
2023-09-01,1111.3858642578125,1127.9000244140625,1138.550048828125,1116.0,1129.949951171875,786235,1094.9250183105469,1065.427010498047,934.6827520751954,1096.1040139966103,63.79360442543297,12.688795899110119,10.553250442651915,2.1355454564582033,1130.3125850831564,1059.5374515379374,1094.9250183105469,0.006289912996107816,HOLD
2023-09-04,1110.8438720703125,1127.3499755859375,1139.4000244140625,1123.5999755859375,1129.800048828125,343501,1095.1975158691407,1068.0170104980468,935.7690020751953,1099.0798198622606,63.54197984937178,13.671333563072949,11.176867066736122,2.494466496336827,1131.4842661013313,1058.9107656369501,1095.1975158691407,-0.00048767516288572565,HOLD
2023-09-05,1129.6151123046875,1146.4000244140625,1155.0,1127.0,1130.0,550816,1097.5400146484376,1071.2660107421875,937.0292523193359,1103.5865060100514,68.21762736256281,15.804991370836433,12.102491927556185,3.7024994432802476,1140.1466984893107,1054.9333308075645,1097.5400146484376,0.01689807889357864,HOLD
2023-09-06,1128.0386962890625,1144.800048828125,1160.949951171875,1138.050048828125,1151.0,398708,1099.450018310547,1074.5160119628906,938.3125024414062,1107.5116053260585,67.4353900953451,17.168913351592437,13.115776212363437,4.053137139228999,1146.6837206813573,1052.2163159397367,1099.450018310547,-0.0013956520864131239,HOLD
2023-09-07,1137.497802734375,1154.4000244140625,1165.0,1135.0999755859375,1144.800048828125,349570,1102.7175170898438,1077.9210119628906,939.6037524414063,1111.9771690487255,69.6817891968192,18.807666080104582,14.254154185911668,4.553511894192914,1155.3538658202763,1050.0811683594113,1102.7175170898438,0.00838572255108172,HOLD
2023-09-08,1162.3291015625,1179.5999755859375,1187.5,1154.4000244140625,1155.0,602950,1106.9275146484374,1081.9100109863282,941.0540023803711,1118.4174363379839,74.62930943307347,21.887509296152757,15.780825207959886,6.106684088192871,1169.1461793316896,1044.7088499651852,1106.9275146484374,0.021829479070451185,SELL
2023-09-11,1179.1295166015625,1196.6500244140625,1206.9000244140625,1175.25,1190.0,565821,1112.7950134277344,1086.14701171875,942.5922525024414,1125.868159011896,77.32539877742735,25.41117942269443,17.706896050906796,7.704283371787636,1184.8423759434077,1040.747650912061,1112.7950134277344,0.014454093914045618,SELL
2023-09-12,1123.604248046875,1140.300048828125,1197.199951171875,1130.8499755859375,1197.199951171875,630273,1116.3200134277345,1088.9830126953125,943.8820028686523,1127.2426247086798,56.10490052901959,23.387148797913824,18.842946600308203,4.544202197605621,1186.482054046262,1046.157972809207,1116.3200134277345,-0.04708977097420708,HOLD
2023-09-13,1117.3472900390625,1133.949951171875,1151.5,1122.8499755859375,1140.300048828125,524956,1119.0075134277345,1091.8410119628907,945.1642526245117,1127.8814177051745,54.296572640212034,21.028289107368664,19.280015101720295,1.7482740056483692,1187.527966434519,1050.48706042095,1119.0075134277345,-0.005568795390981429,HOLD
2023-09-14,1147.1544189453125,1164.199951171875,1173.800048828125,1140.199951171875,1140.199951171875,708135,1123.385009765625,1094.8920104980468,946.5127523803711,1131.340325654384,60.781396276113774,21.35364645400864,19.694741372177965,1.6589050818306745,1191.7080841566749,1055.0619353745751,1123.385009765625,0.02667666237715194,HOLD
2023-09-15,1156.71240234375,1173.9000244140625,1179.0,1157.1500244140625,1166.4000244140625,396305,1128.397509765625,1097.5690100097656,947.8515023803711,1135.3936302981629,62.613292783062406,22.139004674211492,20.183594032584672,1.9554106416268198,1196.0967081113022,1060.698311419948,1128.397509765625,0.00833196499658273,HOLD
2023-09-18,1142.2279052734375,1159.199951171875,1177.8499755859375,1150.5999755859375,1170.199951171875,274416,1132.4450073242188,1100.3400085449218,949.1250021362305,1137.660898952802,58.17824226457836,21.32936205619899,20.412747637307536,0.9166144188914522,1197.2867843115785,1067.603230336859,1132.4450073242188,-0.012522423491323154,HOLD
2023-09-20,1126.2156982421875,1142.949951171875,1156.5999755859375,1131.050048828125,1153.25,601776,1134.9475036621093,1102.8400073242187,950.2202517700196,1138.1646182117613,53.653934381096164,19.155660722358107,20.16133025431765,-1.0056695319595441,1197.3070716975715,1072.587935626647,1134.9475036621093,-0.014018289065292233,HOLD
2023-09-21,1117.396484375,1134.0,1152.25,1128.0,1137.449951171875,294423,1136.7875061035156,1104.7010083007813,951.0862518310547,1137.7679879058792,51.2882259545233,16.520364020055695,19.43313700746526,-2.9127729874095643,1196.7072632664856,1076.8677489405457,1136.7875061035156,-0.007830571376024387,HOLD
2023-09-22,1104.4390869140625,1120.8499755859375,1141.0,1116.550048828125,1134.800048828125,284264,1137.9275024414062,1106.4460083007812,951.9192517089843,1136.1567486373133,47.943360224784215,13.218401818325901,18.190189969637387,-4.971788151311486,1195.684422273015,1080.1705826097975,1137.9275024414062,-0.011596141458608877,HOLD
2023-09-25,1117.74169921875,1134.3499755859375,1139.550048828125,1114.550048828125,1120.0,517193,1140.5924987792969,1108.5620068359376,952.807251586914,1135.984675013373,51.44436379268962,11.557680414482547,16.86368805860642,-5.3060076441238735,1192.196798602908,1088.9881989556857,1140.5924987792969,0.01204443082843687,HOLD
2023-09-26,1109.267333984375,1125.75,1141.6500244140625,1123.449951171875,1139.699951171875,394803,1142.7274963378907,1109.8720068359376,953.7145016479492,1135.0099440597185,49.175475454240846,9.438796015277148,15.378709649940566,-5.939913634663418,1187.7453166617406,1097.7096760140407,1142.7274963378907,-0.007581412942240573,HOLD
2023-09-27,1121.0421142578125,1137.699951171875,1144.949951171875,1120.6500244140625,1124.800048828125,224433,1144.6199951171875,1111.2320068359375,954.8430014038086,1135.266135213257,52.32210754635781,8.624409231715617,14.027849566295577,-5.40344033457996,1185.2357165204116,1104.0042737139634,1144.6199951171875,0.010615102084721384,HOLD
2023-09-28,1113.356689453125,1129.9000244140625,1158.0,1121.050048828125,1153.0,651774,1144.7499938964843,1112.7520068359374,955.9625015258789,1134.7550770419052,50.140048636377855,7.265856662983197,12.675450985633102,-5.409594322649905,1185.1592580073639,1104.3407297856047,1144.7499938964843,-0.006855873334422058,HOLD
2023-09-29,1137.44873046875,1154.3499755859375,1159.800048828125,1136.5,1136.5,295731,1146.4249938964845,1114.4430053710937,957.2195013427735,1136.6212578556224,56.293259727827014,8.069085294775732,11.75417784746163,-3.685092552685898,1185.4874551684206,1107.3625326245483,1146.4249938964845,0.021639039422584494,HOLD
2023-10-03,1134.541748046875,1151.4000244140625,1161.0999755859375,1141.199951171875,1152.050048828125,356478,1147.5999938964844,1115.9590063476562,958.3865014648437,1138.0287594326169,55.404838007276005,8.371116348198257,11.077565547608955,-2.7064491994106987,1185.7663228722552,1109.4336649207137,1147.5999938964844,-0.0025555084976526254,HOLD
2023-10-04,1104.685546875,1121.0999755859375,1151.0,1102.1500244140625,1151.0,490682,1147.2874938964844,1117.256005859375,959.4492514038086,1136.4164943043618,47.17021356751022,6.09525511489619,10.081103461066403,-3.985848346170213,1186.2068411194675,1108.3681466735013,1147.2874938964844,-0.026315831323300842,HOLD
2023-10-05,1075.0753173828125,1091.050048828125,1149.0999755859375,1075.800048828125,1124.0999755859375,1720879,1144.5199951171876,1117.731005859375,960.3352517700196,1132.095880449482,40.708265304780184,1.8455662008323088,8.433996009019584,-6.588429808187275,1190.5249069792524,1098.5150832551228,1144.5199951171876,-0.02680396700758736,HOLD
2023-10-06,1095.3248291015625,1111.5999755859375,1118.550048828125,1073.6500244140625,1095.0,1212278,1142.8599914550782,1118.671005859375,961.3850015258789,1130.1438895100969,46.14198829300085,0.13431615253557538,6.774060037722783,-6.639743885187207,1191.0487797566618,1094.6712031534946,1142.8599914550782,0.01883499916423159,HOLD
2023-10-09,1097.29541015625,1113.5999755859375,1125.550048828125,1098.1500244140625,1104.0,576991,1140.8199890136718,1119.2050048828125,962.5532513427735,1128.568278660177,46.654385157272024,-1.0483933286375304,5.20956936445072,-6.257962693088251,1190.31855577802,1091.3214222493236,1140.8199890136718,0.0017992083878426435,HOLD
2023-10-10,1135.5272216796875,1152.4000244140625,1169.0,1114.300048828125,1120.0,815644,1139.4599914550781,1119.9730053710937,963.889751586914,1130.8379687319755,55.49957681721994,1.132090526574757,4.394073596875527,-3.2619830703007704,1186.0298498460259,1092.8901330641304,1139.4599914550781,0.03484199863394366,HOLD
2023-10-11,1131.78271484375,1148.5999755859375,1165.949951171875,1146.300048828125,1160.0,405106,1137.0574890136718,1120.5550048828125,965.2362515258789,1132.5295884323527,54.54566041712084,2.5244077085963,4.020140419219682,-1.4957327106233818,1175.893445634329,1098.2215323930145,1137.0574890136718,-0.0032975084585381564,HOLD
2023-10-12,1129.5657958984375,1146.3499755859375,1155.75,1136.3499755859375,1148.5999755859375,153722,1137.3599853515625,1121.0910034179688,966.6517514038086,1133.8458157803134,53.954337066682854,3.406999145124928,3.897512164400731,-0.49051301927580315,1176.3860373298617,1098.3339333732633,1137.3599853515625,-0.0019589065365008818,HOLD
2023-10-13,1112.223388671875,1128.75,1156.0,1125.0999755859375,1144.800048828125,331803,1137.0999877929687,1121.5010034179688,968.0262515258789,1133.3604999917122,49.43939480269057,2.655675304835995,3.6491447924877844,-0.9934694876517893,1176.2824206043767,1097.9175549815607,1137.0999877929687,-0.015353056187698333,HOLD
2023-10-16,1114.194091796875,1130.75,1142.699951171875,1125.5999755859375,1127.949951171875,217255,1135.427490234375,1121.9410034179687,969.5955014038086,1133.1118809448824,49.95192076360641,2.19631132392783,3.358578098775794,-1.1622667748479638,1172.646529913725,1098.208450555025,1135.427490234375,0.0017718715393133522,HOLD
2023-10-17,1120.4512939453125,1137.0999755859375,1146.8499755859375,1127.0,1130.75,161833,1133.5874877929687,1122.6360034179688,971.1157513427735,1133.4916994821256,51.62848440328302,2.3179323392005244,3.15044894686074,-0.8325166076602155,1166.3936875564934,1100.7812880294439,1133.5874877929687,0.005615720173280936,HOLD
2023-10-18,1107.887939453125,1124.3499755859375,1137.199951171875,1110.8499755859375,1136.9000244140625,254617,1131.844989013672,1122.6850024414061,972.5082513427734,1132.62105911106,48.14131241898682,1.3697102589819679,2.7943012092849857,-1.4245909503030179,1162.666543244903,1101.0234347824407,1131.844989013672,-0.01121273438901449,HOLD
2023-10-19,1108.1837158203125,1124.6500244140625,1129.5999755859375,1110.4000244140625,1113.199951171875,172702,1130.9299926757812,1123.187001953125,973.8877514648437,1131.8619129494414,48.22993189149216,0.635127507105608,2.36246646884911,-1.7273389617435022,1161.4637248133074,1100.396260538255,1130.9299926757812,0.00026686426347688474,HOLD
2023-10-20,1083.451171875,1099.550048828125,1128.6500244140625,1093.800048828125,1121.5,340448,1129.2074951171876,1123.0460034179687,975.1395016479493,1128.784592556935,41.795589830978905,-1.949915464975902,1.499990082084108,-3.44990554706001,1162.606536915883,1095.8084533184922,1129.2074951171876,-0.022318032313220715,HOLD
2023-10-23,1068.769287109375,1084.6500244140625,1106.5,1080.0,1090.199951171875,374217,1127.3974975585938,1122.9580029296876,976.2230017089844,1124.581300352852,38.51107308232526,-5.1416187101503965,0.1716683236372072,-5.313287033787604,1165.9396256909563,1088.8553694262314,1127.3974975585938,-0.013551019737521375,HOLD
2023-10-25,1063.30029296875,1079.0999755859375,1111.6500244140625,1060.699951171875,1085.9000244140625,587158,1124.6349975585938,1122.632001953125,977.2600015258789,1120.2497456131457,37.33416650583367,-8.026385903227037,-1.4679425217356419,-6.558443381491395,1168.3595072936052,1080.9104878235823,1124.6349975585938,-0.0051169028748450085,HOLD
2023-10-26,1053.742431640625,1069.4000244140625,1077.699951171875,1051.0999755859375,1071.0,583849,1121.8174987792968,1122.4340014648437,978.2212515258789,1115.4069150227567,35.303531148275056,-10.96884763341427,-3.368123544071368,-7.6007240893429024,1171.717512403025,1071.9174851555686,1121.8174987792968,-0.008988927246159961,HOLD
2023-10-27,1082.908935546875,1099.0,1104.9000244140625,1071.0999755859375,1079.800048828125,481797,1119.882501220703,1123.0180004882814,979.4152514648438,1113.844351687256,45.11407263208282,-10.787942416495753,-4.852087318556245,-5.935855097939507,1170.1687984471776,1069.5962039942285,1119.882501220703,0.02767904891544748,HOLD
2023-10-30,1101.1380615234375,1117.5,1125.0,1089.25,1109.949951171875,880204,1119.2625,1123.7640014648437,980.7080014038086,1114.192508669422,50.19720242470043,-9.047484569434118,-5.69116676873182,-3.356317800702298,1169.344824136586,1069.180175863414,1119.2625,0.016833484986351177,HOLD
2023-10-31,1121.190185546875,1137.8499755859375,1142.0999755859375,1117.5,1122.0,395162,1118.4375,1124.9880004882812,982.129001159668,1116.4456007567092,55.12089805253942,-5.957412881041137,-5.744415991193684,-0.21299688984745302,1166.6908869490512,1070.1841130509488,1118.4375,0.018210268980704658,HOLD
2023-11-01,1147.647216796875,1164.699951171875,1181.4000244140625,1135.0,1136.0,1114156,1119.1024963378907,1126.8089990234375,983.6532510375977,1121.041253177201,60.648797704810406,-1.3266474045781251,-4.8608622738705725,3.5342148692924473,1169.4746885283616,1068.7303041474197,1119.1024963378907,0.02359711399748554,HOLD
2023-11-02,1192.7767333984375,1210.5,1217.0999755859375,1166.5,1170.199951171875,1444507,1123.5724975585938,1129.4539990234375,985.441501159668,1129.5611338269914,67.90978052827379,5.970128842809572,-2.6946640505345436,8.664792893344115,1187.8168502511476,1059.32814486604,1123.5724975585938,0.03932347449833995,HOLD
2023-11-03,1213.5184326171875,1231.550048828125,1239.8499755859375,1210.5,1211.9000244140625,935766,1130.5974975585937,1132.2269995117188,987.3480014038086,1139.2743638270993,70.59528697190035,13.298146848074111,0.5038981291871876,12.794248718886923,1208.3806752658136,1052.8143198513737,1130.5974975585937,0.017389548804729538,SELL
2023-11-06,1226.9686279296875,1245.199951171875,1251.25,1231.25,1244.199951171875,742375,1137.2774963378906,1135.1869995117188,989.3287512207031,1149.3625150027922,72.21883480524207,19.97680676169375,4.3984798556885005,15.578326906005252,1229.0723573382973,1045.482635337484,1137.2774963378906,0.011083514110318493,SELL
2023-11-07,1192.8258056640625,1210.550048828125,1249.0,1204.800048828125,1249.0,346412,1142.125,1137.4369995117188,991.128501586914,1155.1898991766334,62.74767933595517,22.21762437871257,7.962308760293315,14.255315618419257,1238.530143695564,1045.719856304436,1142.125,-0.027826777788692136,HOLD
2023-11-08,1205.804443359375,1221.699951171875,1226.199951171875,1201.0,1216.0,304269,1145.5899963378906,1140.2499975585938,993.0340014648438,1161.524189842847,64.36709184269637,24.609509315437435,11.29174887132214,13.317760444115295,1248.016781301275,1043.1632113745063,1145.5899963378906,0.009210608313587443,HOLD
2023-11-09,1239.95458984375,1256.300048828125,1265.699951171875,1223.949951171875,1223.949951171875,725927,1150.975,1143.7149975585937,995.0615017700195,1170.550462127159,68.88706705953194,28.96316474196874,14.826032045451461,14.137132696517279,1264.221564493741,1037.7284355062588,1150.975,0.02832127284859176,HOLD
2023-11-10,1240.300048828125,1256.6500244140625,1264.6500244140625,1240.699951171875,1252.0,452883,1156.4900024414062,1146.8509985351564,997.0952517700196,1178.7504204401976,68.92999807620551,32.07200206314974,18.27522604899112,13.79677601415862,1278.6877411632688,1034.2922637195436,1156.4900024414062,0.0002785764326476148,HOLD
2023-11-13,1217.3031005859375,1233.3499755859375,1262.699951171875,1217.699951171875,1261.050048828125,205281,1161.7200012207031,1148.9719970703125,999.0535015869141,1183.9503780731252,62.724570882914904,32.28351456424548,21.076883752041994,11.206630812203485,1287.618632456617,1035.8213699847893,1161.7200012207031,-0.018541398460553138,HOLD
2023-11-15,1285.750732421875,1302.699951171875,1312.300048828125,1247.949951171875,1247.949951171875,2009159,1170.3174987792968,1152.6089965820313,1001.4092514038086,1195.259861225387,71.07204850510621,37.61351797151224,24.384210595936043,13.229307375576195,1309.3787750301694,1031.2562225284241,1170.3174987792968,0.05622895119691451,SELL
2023-11-16,1315.9033203125,1333.25,1344.5999755859375,1293.25,1310.0,1496226,1180.125,1156.71599609375,1003.9302514648438,1208.4017792039215,73.85017304402491,43.797843419659785,28.266937160680797,15.530906258978987,1335.1798594953793,1025.0701405046207,1180.125,0.023451331828670874,SELL
2023-11-17,1323.4541015625,1340.9000244140625,1349.0,1325.0,1332.949951171875,1102120,1190.9525024414063,1160.9869970703126,1006.5017517089843,1221.0206597001254,74.51031019745795,48.75425028050222,32.36439978464509,16.389850495857132,1358.6445453118058,1023.2604595710068,1190.9525024414063,0.005737876927854879,SELL
2023-11-20,1331.4979248046875,1349.050048828125,1406.550048828125,1344.199951171875,1353.0,2794859,1202.1725036621094,1165.0399975585938,1009.2055020141602,1233.213934855173,75.22779192952588,52.73201543492769,36.43792291470161,16.29409252022608,1380.3208425504206,1024.0241647737982,1202.1725036621094,0.006078025405081178,SELL
2023-11-21,1388.2989501953125,1406.5999755859375,1415.4000244140625,1363.699951171875,1364.9000244140625,2582746,1217.525,1170.27599609375,1012.2272518920898,1249.7268911152457,79.59541053845057,59.83844080514473,41.118026492790236,18.720414312354492,1409.998059625621,1025.0519403743792,1217.525,0.04265959354718096,SELL
2023-11-22,1359.330810546875,1377.25,1402.0999755859375,1364.5,1398.25,728811,1232.1549987792969,1174.7329956054687,1015.0955020141602,1261.87194910427,72.56833237816937,62.38292484270255,45.3710061627727,17.01191867992985,1426.4768825755548,1037.833114983039,1232.1549987792969,-0.020865900821384176,SELL
2023-11-23,1386.6702880859375,1404.949951171875,1412.0,1382.0,1384.9000244140625,1155356,1248.4474975585938,1179.2399951171874,1018.0155017089844,1275.498425491661,74.82712098295917,65.87523265971117,49.4718514621604,16.40338119755077,1443.3466087565662,1053.5483863606214,1248.4474975585938,0.020112507657923384,SELL
2023-11-24,1371.8656005859375,1389.949951171875,1413.9000244140625,1383.449951171875,1413.9000244140625,449316,1264.4749938964844,1183.1059936523438,1020.8407513427734,1286.3985707945385,71.39857588428481,66.66407516409458,52.910296202547244,13.75377896154734,1450.354337391513,1078.595650401456,1264.4749938964844,-0.010676536902605283,SELL
2023-11-28,1392.0496826171875,1410.4000244140625,1417.3499755859375,1376.050048828125,1388.0999755859375,662461,1280.0449951171875,1188.5079931640626,1023.6662515258789,1298.2082330440169,73.20139171676487,68.15375447700148,55.958987857438096,12.194766619563389,1459.944574803731,1100.1454154306439,1280.0449951171875,0.014712812662748043,SELL
2023-11-29,1382.7222900390625,1400.949951171875,1418.449951171875,1396.8499755859375,1415.0,715074,1294.2174926757812,1193.8479931640625,1026.5242514038086,1307.9931585800034,70.97503718327405,67.79034918458024,58.325260122866524,9.465089061713712,1465.0971187737737,1123.3378665777886,1294.2174926757812,-0.006700278700089712,SELL
2023-11-30,1382.6236572265625,1400.8499755859375,1431.4000244140625,1379.0999755859375,1404.699951171875,5054451,1307.3674926757812,1198.5809936523438,1029.4217514038087,1316.836664961521,70.9504519903995,66.72511508611751,60.00523111551673,6.719883970600783,1468.2776968815378,1146.4572884700247,1307.3674926757812,-7.136271060492749e-05,SELL
2023-12-01,1396.6390380859375,1415.050048828125,1424.800048828125,1403.449951171875,1409.0,807914,1319.8849975585938,1203.403994140625,1032.352501525879,1326.190320567864,72.41218036895413,66.2628991697627,61.25676472636593,5.006134443396775,1473.2265874933544,1166.5434076238332,1319.8849975585938,0.010136755176975987,SELL
2023-12-04,1420.080078125,1438.800048828125,1460.0,1410.0,1425.050048828125,1269942,1331.3,1208.99599609375,1035.3515017700195,1336.915056592651,74.7047570323728,67.04021833307752,62.41345544770825,4.626762885369267,1484.3606952364958,1178.2393047635042,1331.3,0.016783858648440342,SELL
2023-12-05,1420.5240478515625,1439.25,1452.9000244140625,1410.199951171875,1445.050048828125,827329,1341.6849975585938,1214.9219970703125,1038.3222518920898,1346.661241679065,74.7475720460213,66.9211315222276,63.314990662612125,3.606140859615472,1494.4489123989556,1188.921082718232,1341.6849975585938,0.000312726686547915,SELL
2023-12-06,1440.65869140625,1459.6500244140625,1464.449951171875,1434.25,1440.449951171875,769884,1352.4075012207031,1221.4349975585938,1041.32550201416,1357.4220781300169,76.67520790287324,67.69254828724502,64.1905021875387,3.5020460997063196,1506.6741600137505,1198.1408424276558,1352.4075012207031,0.014174065946890746,SELL
2023-12-07,1443.9158935546875,1462.949951171875,1482.5999755859375,1456.050048828125,1473.4000244140625,653915,1365.0274963378906,1228.2769970703125,1044.3530017089843,1367.472351753051,76.98130614072709,67.78875161046312,64.9101520721236,2.878599538339529,1511.9300633560276,1218.1249293197536,1365.0274963378906,0.0022607657333044706,SELL
2023-12-08,1428.5189208984375,1447.3499755859375,1480.0,1437.6500244140625,1465.0,404905,1376.3099975585938,1234.5369970703125,1047.3117517089843,1375.07974449904,72.16021680932681,65.84716070173636,65.09755379804615,0.7496069036902071,1511.6540995305063,1240.9658955866812,1376.3099975585938,-0.010663369292600478,SELL
2023-12-11,1431.7757568359375,1450.6500244140625,1464.0999755859375,1405.0,1405.0,608354,1386.0274963378906,1241.0349975585937,1050.2450018310547,1382.2769140147566,72.55182743684867,63.83882800794913,64.84580864002675,-1.0069806320776138,1513.169610400059,1258.8853822757223,1386.0274963378906,0.002280062793236226,SELL
2023-12-12,1406.8543701171875,1425.4000244140625,1455.800048828125,1416.949951171875,1454.4000244140625,817309,1394.4649963378906,1246.7889990234376,1052.95175201416,1386.3838769099286,65.01594367673493,59.52359495147266,63.78136590231593,-4.257770950843273,1507.7905657754147,1281.1394269003665,1394.4649963378906,-0.017405990125150206,HOLD
2023-12-13,1418.3033447265625,1437.0,1444.8499755859375,1411.5,1422.199951171875,743848,1404.6474975585938,1252.9309985351563,1055.8315020751952,1391.204460061364,66.72585323105343,56.38973696306607,62.303040114465965,-5.913303151399894,1491.815075756152,1317.4799193610356,1404.6474975585938,0.008138049240391965,HOLD
2023-12-14,1469.97216796875,1489.3499755859375,1494.949951171875,1440.5999755859375,1445.0,1196188,1413.979998779297,1259.6309985351563,1058.99300201416,1400.5516520160852,73.11279225414114,57.467883463755925,61.33600878432396,-3.8681253205680335,1495.2575841680737,1332.7024133905202,1413.979998779297,0.03643004564087504,SELL
2023-12-15,1457.487060546875,1476.699951171875,1502.550048828125,1469.800048828125,1499.949951171875,996390,1421.1524963378906,1266.1369970703124,1062.0952517700196,1407.8038709833033,69.63447103230043,56.648561726550724,60.398519372769314,-3.74995764621859,1497.8568570142058,1344.4481356615754,1421.1524963378906,-0.008493654695959418,HOLD
2023-12-18,1427.1864013671875,1446.0,1482.5,1433.550048828125,1477.449951171875,589582,1426.4074951171874,1272.6349975585938,1065.117001647949,1411.4415975563222,61.93369785598163,52.91207637769003,58.90123077375346,-5.989154396063434,1494.293331163828,1358.5216590705468,1426.4074951171874,-0.02078956605064708,HOLD
2023-12-19,1407.8414306640625,1426.4000244140625,1457.300048828125,1421.8499755859375,1450.25,417482,1430.2749938964844,1279.3419970703126,1068.0642517089843,1412.866209638012,57.557335622222695,47.81811315018672,56.68460724904011,-8.866494098853394,1488.1699130207842,1372.3800747721846,1430.2749938964844,-0.013554616587785229,HOLD
2023-12-20,1363.1802978515625,1381.1500244140625,1432.199951171875,1369.1500244140625,1432.199951171875,788483,1429.0024963378905,1284.732998046875,1070.7437518310546,1409.8456205690643,48.95643765529082,39.67249394743976,53.28218458872005,-13.609690641280288,1489.9606449908108,1368.0443476849703,1429.0024963378905,-0.031723218750355664,HOLD
2023-12-21,1374.8758544921875,1393.0,1399.949951171875,1355.0,1361.199951171875,422359,1429.7899963378907,1290.3209985351561,1073.4417517089844,1408.241275752963,51.020583028124975,33.783787565277635,49.382505184031565,-15.59871761875393,1488.4158185944939,1371.1641740812875,1429.7899963378907,0.008579788854556014,HOLD
2023-12-22,1388.7431640625,1407.050048828125,1411.949951171875,1380.550048828125,1395.0999755859375,325547,1429.895001220703,1295.4139990234376,1076.1900018310546,1408.1278255696452,53.425460399430484,29.905929906678693,45.487190128561,-15.581260221882303,1488.3497564159873,1371.440246025419,1429.895001220703,0.010086180063262784,HOLD
2023-12-26,1382.525146484375,1400.75,1421.699951171875,1395.6500244140625,1408.800048828125,491861,1430.4350036621095,1300.4569995117188,1078.85100189209,1407.4251755153932,52.188085073571216,26.024346023690214,41.59462130758684,-15.570275283896628,1487.5888032640958,1373.2812040601232,1430.4350036621095,-0.004477487373936717,HOLD
2023-12-27,1397.6751708984375,1416.0999755859375,1425.050048828125,1402.550048828125,1404.8499755859375,600434,1430.7200012207031,1305.8519995117188,1081.5720016479493,1408.2513469506832,54.92723519105181,23.91114478292002,38.05792600265348,-14.146781219733462,1487.5271349435498,1373.9128674978565,1430.7200012207031,0.010958397705470357,HOLD
2023-12-28,1423.6331787109375,1442.4000244140625,1446.8499755859375,1401.550048828125,1418.800048828125,1149024,1432.7925048828124,1312.125,1084.33100189209,1411.5036019471954,59.236334242055705,24.081020699854662,35.26254494209372,-11.181524242239057,1488.1088927661974,1377.4761169994274,1432.7925048828124,0.018572169537142136,HOLD
2023-12-29,1424.57080078125,1443.3499755859375,1451.5999755859375,1423.1500244140625,1440.0999755859375,295611,1434.9175048828124,1318.3769995117189,1087.1237518310547,1414.5365899127899,59.387364118457825,24.015466361307745,33.013129225936524,-8.99766286462878,1488.3971016503485,1381.4379081152763,1434.9175048828124,0.0006585906515503837,HOLD
2024-01-01,1429.703125,1448.550048828125,1460.0,1430.0,1441.0,158437,1436.5925048828126,1324.6060009765624,1089.8442520141602,1417.7759669523457,60.25544488947635,24.10524625371727,31.231552631492672,-7.126306377775403,1489.5743023163225,1383.6107074493027,1436.5925048828126,0.0036027805661453804,HOLD
2024-01-02,1420.8695068359375,1439.5999755859375,1461.1500244140625,1432.199951171875,1455.0,304154,1436.632501220703,1330.9110009765625,1092.59550201416,1419.8544439650686,57.959174822733914,23.18691700761019,29.622625506716176,-6.435708499105985,1489.622111394861,1383.6428910465452,1436.632501220703,-0.006178642739633422,HOLD
2024-01-03,1440.017333984375,1459.0,1467.75,1433.0,1439.6500244140625,345845,1437.6200012207032,1337.5980004882813,1095.49425201416,1423.5825921588716,61.39354397055121,23.750770206709603,28.448254446714863,-4.697484240005259,1491.4966093337393,1383.743393107667,1437.6200012207032,0.01347598273344408,HOLD
2024-01-04,1513.3504638671875,1533.300048828125,1547.3499755859375,1456.199951171875,1462.0,2014137,1441.3025024414062,1346.2730004882812,1098.849002380371,1434.0318737464195,71.12318033214024,29.848940907886117,28.728391738949114,1.1205491689370035,1508.9953052970682,1373.6096995857442,1441.3025024414062,0.050925324762251645,SELL
2024-01-05,1498.8912353515625,1518.6500244140625,1556.0,1508.5999755859375,1556.0,1555320,1444.0875061035156,1354.9530004882813,1102.172752380371,1442.090745238576,67.51040212708583,33.117888188792676,29.60629102891783,3.511597159874846,1519.2812292499202,1368.893782957111,1444.0875061035156,-0.009554571152110336,HOLD
2024-01-08,1471.2060546875,1490.5999755859375,1518.5999755859375,1485.050048828125,1513.0,492064,1446.2500061035157,1363.1830004882813,1105.389002380371,1446.7106719383246,61.10979840696288,33.064006656903075,30.29783415451488,2.7661725023881942,1524.1341739276895,1368.365838279342,1446.2500061035157,-0.01847038381272048,HOLD
2024-01-09,1514.929931640625,1534.9000244140625,1542.0,1499.449951171875,1504.25,886176,1450.4625061035156,1372.4930004882813,1108.7925024414062,1455.1096578883948,66.51011442818574,36.17890101385524,31.474047526382954,4.704853487472285,1537.4271891060398,1363.4978231009914,1450.4625061035156,0.029719609253791468,HOLD
2024-01-10,1502.2962646484375,1522.0999755859375,1539.800048828125,1498.300048828125,1539.800048828125,603712,1455.2975036621094,1380.955,1112.0725024414062,1461.4896881453037,63.75533021836054,37.18596362615972,32.61643074633831,4.569532879821409,1546.785793039741,1363.8092142844778,1455.2975036621094,-0.008339337171495154,HOLD
2024-01-11,1528.155517578125,1548.300048828125,1561.9000244140625,1522.25,1523.800048828125,907123,1460.8625061035157,1389.5710009765626,1115.514002685547,1469.7573415436677,66.78765037913173,39.64123546279916,34.02139168963048,5.619843773168682,1560.4072952085828,1361.3177169984485,1460.8625061035157,0.017213109297963047,HOLD
2024-01-12,1520.7530517578125,1540.800048828125,1579.5,1534.1500244140625,1549.9000244140625,1149713,1463.435009765625,1397.6300024414063,1118.9080029296874,1476.523313665997,65.10841539654112,40.514838919279555,35.320081135560294,5.194757783719261,1568.3082136905236,1358.5618058407263,1463.435009765625,-0.00484402232350023,HOLD
2024-01-15,1549.720947265625,1570.1500244140625,1585.550048828125,1530.0,1556.800048828125,699872,1468.1075134277344,1405.73900390625,1122.448253173828,1485.440143261051,68.451345626846,43.078887099510894,36.87184232835042,6.207044771160476,1582.7961653326406,1353.4188615228281,1468.1075134277344,0.019048529761054978,HOLD
2024-01-16,1507.576416015625,1527.449951171875,1573.449951171875,1518.5,1573.449951171875,616617,1472.1800109863282,1412.0780029296875,1125.8070028686523,1489.4410773477962,59.51717062054484,41.190555619124325,37.7355849865052,3.4549706326191227,1589.2001053453641,1355.1599166272922,1472.1800109863282,-0.027194900218609375,HOLD
2024-01-17,1510.8336181640625,1530.75,1536.949951171875,1497.300048828125,1524.800048828125,598390,1477.397509765625,1418.062001953125,1129.2402529907226,1493.3752604575297,59.9522088889483,39.50493735019177,38.089455459242515,1.415481890949252,1595.0909275860404,1359.7040919452097,1477.397509765625,0.0021604955537777304,HOLD
2024-01-18,1493.2652587890625,1512.949951171875,1530.6500244140625,1458.8499755859375,1519.6500244140625,1059339,1483.9875061035157,1423.417001953125,1132.681252746582,1495.239516716039,56.429717113062715,36.31415062499332,37.734394492392674,-1.420243867399357,1593.8879516076463,1374.087060599385,1483.9875061035157,-0.01162831868569325,HOLD
2024-01-19,1499.236572265625,1519.0,1526.5,1502.25,1524.0,886049,1490.2875061035156,1429.5860009765624,1136.1842526245118,1497.50241988594,57.347027830524425,33.88303499894755,36.96412259370365,-3.0810875947560987,1592.7998351883105,1387.7751770187208,1490.2875061035156,0.0039988426738364335,HOLD
2024-01-23,1351.928466796875,1369.75,1450.0,1353.800048828125,1445.0,2775697,1488.4225036621094,1432.547001953125,1138.8982525634765,1485.3355227539457,36.77676757297519,19.68620042014868,33.50853815899266,-13.822337738843977,1598.035586342782,1378.809420981437,1488.4225036621094,-0.09825543120474,HOLD
2024-01-24,1287.0340576171875,1304.0,1366.949951171875,1268.1500244140625,1365.050048828125,4023141,1483.5850036621093,1433.5010009765624,1141.2052526855468,1468.0654729678556,31.428442119388095,3.093965916301613,27.42562371045445,-24.331657794152836,1614.6821457418798,1352.4878615823388,1483.5850036621093,-0.048001460120459916,HOLD
2024-01-25,1286.9844970703125,1303.949951171875,1327.25,1287.050048828125,1310.25,1191354,1477.9775024414062,1434.4469995117188,1143.500502319336,1452.4354232730004,31.4246958569819,-9.944899381164532,19.951519092130653,-29.896418473295185,1628.322402572632,1327.6326023101803,1477.9775024414062,-3.8381003163334704e-05,HOLD
2024-01-29,1290.9327392578125,1307.949951171875,1314.300048828125,1276.6500244140625,1307.0,1535108,1471.2549987792968,1435.9389990234374,1145.7302520751953,1438.6749021205123,32.12109928814105,-19.72811407996369,12.015592457711785,-31.74370653767547,1638.442148474198,1304.0678490843957,1471.2549987792968,0.0030676024002340707,HOLD
2024-01-30,1284.3692626953125,1301.300048828125,1325.5,1296.3499755859375,1320.0,934779,1464.1525024414063,1435.9110009765625,1147.753002319336,1425.5915827593326,31.5475136659537,-27.69868060838212,4.0727378444930045,-31.771418452875125,1646.82970448064,1281.4753004021727,1464.1525024414063,-0.0050842177392124155,HOLD
2024-01-31,1306.4774169921875,1323.699951171875,1326.6500244140625,1297.449951171875,1302.0,451853,1457.9099975585937,1435.72,1149.83675201416,1415.8876178462415,35.71192679554565,-31.8408851874608,-3.109986761897756,-28.730898425563044,1650.554180434455,1265.2658146827323,1457.9099975585937,0.01721347998405287,HOLD
2024-02-01,1290.587158203125,1307.5999755859375,1329.550048828125,1291.550048828125,1324.699951171875,589255,1451.3099975585938,1435.0539990234374,1151.867001953125,1405.574509059546,34.10588204775097,-36.007671611685964,-9.689523731855399,-26.318147879830565,1654.7531354523662,1247.8668596648213,1451.3099975585938,-0.012162858789625308,HOLD
2024-02-02,1270.3721923828125,1285.1500244140625,1324.449951171875,1277.449951171875,1315.0,692216,1442.617498779297,1433.7759985351563,1153.7592520141602,1394.105510521881,31.948301584870322,-40.65278332971343,-15.882175651427005,-24.770607678286424,1658.4805857662125,1226.7544117923815,1442.617498779297,-0.01716882195704783,HOLD
2024-02-05,1282.6298828125,1297.550048828125,1308.8499755859375,1273.5999755859375,1283.0,973106,1430.8299987792968,1431.595,1155.6775021362305,1384.9097522653326,34.41619362248093,-42.83966055348833,-21.273672631839272,-21.565987921649057,1651.2961860482658,1210.3638115103279,1430.8299987792968,0.00964869795626866,HOLD
2024-02-06,1302.3006591796875,1317.449951171875,1335.3499755859375,1295.0,1302.0,960023,1420.7699951171876,1430.3989990234375,1157.680751953125,1378.485009304051,38.28427926877448,-42.47736804265969,-25.514411714003355,-16.962956328656336,1642.646223435553,1198.893766798822,1420.7699951171876,0.015336520053097269,HOLD
2024-02-07,1301.21337890625,1316.3499755859375,1355.5,1298.0999755859375,1337.0,1218242,1412.0574951171875,1428.6269995117189,1159.6440017700195,1372.567387045183,38.15033792977045,-41.797195403792784,-28.770968451961245,-13.02622695183154,1635.9567870524493,1188.1582031819257,1412.0574951171875,-0.0008349277974157854,HOLD
2024-02-08,1329.8304443359375,1345.300048828125,1351.0,1311.0,1316.3499755859375,1159485,1402.5774963378906,1427.7340014648437,1161.7535018920898,1369.9704976911776,43.730169289236436,-38.47856774543152,-30.7124883106553,-7.76607943477622,1620.8540762723542,1184.300916403427,1402.5774963378906,0.021992687187388116,HOLD
2024-02-09,1326.5189208984375,1341.949951171875,1352.5,1309.199951171875,1349.3499755859375,463883,1393.5699951171875,1426.365,1163.8957516479493,1367.3018742131487,43.2439838784526,-35.70724540168226,-31.71143972886069,-3.995805672821568,1606.1685376154226,1180.9714526189525,1393.5699951171875,-0.002490223396013569,HOLD
2024-02-12,1316.0408935546875,1331.3499755859375,1359.5,1315.0,1347.9000244140625,714248,1382.7224914550782,1424.9730004882813,1166.1857516479492,1363.8778838677,41.66553749624379,-33.97464337965471,-32.164080459019495,-1.8105629206352134,1584.4982461715251,1180.9467367386312,1382.7224914550782,-0.007898935110568717,HOLD
2024-02-13,1303.0421142578125,1318.199951171875,1339.9000244140625,1298.75,1330.199951171875,1171065,1371.5924865722657,1423.32,1168.3885012817382,1359.5276045633354,39.72818247892786,-33.27902102642861,-32.38706857250132,-0.8919524539272885,1561.4684354666415,1181.7165376778898,1371.5924865722657,-0.009877210842532236,HOLD
2024-02-14,1306.2054443359375,1321.4000244140625,1331.6500244140625,1298.0,1312.050048828125,895005,1359.1549865722657,1421.4469995117188,1170.5390014648438,1355.896406453881,40.453794316207436,-32.09949315741392,-32.32955348948384,0.23006033206992527,1526.6451290531913,1191.66484409134,1359.1549865722657,0.0024276083756054057,HOLD
2024-02-15,1294.1455078125,1309.199951171875,1358.5,1304.6500244140625,1330.4000244140625,399238,1348.2424865722655,1418.8549975585938,1172.5562512207032,1351.449124998452,38.548405161826466,-31.782780662178766,-32.22019892402283,0.4374182618440656,1497.945790790091,1198.53918235444,1348.2424865722655,-0.009232687314045807,HOLD
2024-02-16,1306.8480224609375,1322.050048828125,1330.300048828125,1301.5,1323.1500244140625,618218,1337.8074890136718,1416.5109985351562,1174.5917514038085,1348.6492129822302,41.665013322239695,-30.14736814590151,-31.805632768398567,1.6582646224970574,1462.1092704370467,1213.5057075902969,1337.8074890136718,0.009815229251076474,HOLD
2024-02-19,1284.5572509765625,1299.5,1331.949951171875,1295.0999755859375,1331.949951171875,473307,1327.134991455078,1413.307998046875,1176.513751525879,1343.9683355553511,38.02085937346612,-30.321366586436397,-31.508779532006137,1.18741294556974,1422.8106956918934,1231.4592872182627,1327.134991455078,-0.017056879842116013,HOLD
2024-02-20,1294.4422607421875,1309.5,1318.5,1296.0,1299.5,467576,1316.6599914550782,1410.2389990234376,1178.483751525879,1340.6856369310321,40.50591534258582,-29.314426714075353,-31.06990896841998,1.7554822543446278,1354.2724915733372,1279.0474913368191,1316.6599914550782,0.0076952674105426055,HOLD
2024-02-21,1306.156005859375,1321.3499755859375,1354.0,1302.199951171875,1311.5,945669,1314.239990234375,1407.7189990234374,1180.4730014038087,1338.8441453743565,43.40188958802861,-27.24614897002448,-30.30515696874088,3.059007998716403,1343.0837751850843,1285.3962052836657,1314.239990234375,0.009049236797203042,HOLD
2024-02-22,1362.3028564453125,1378.1500244140625,1384.5,1329.0,1334.5999755859375,1505899,1317.947491455078,1406.2689990234376,1182.7230014038087,1342.5875624257571,54.7673885561525,-20.784147993723536,-28.400955173737415,7.616807180013879,1357.607404249315,1278.287578660841,1317.947491455078,0.042986377475761284,HOLD
2024-02-23,1350.3914794921875,1366.0999755859375,1406.550048828125,1360.25,1378.1500244140625,1176936,1321.0549926757812,1405.082998046875,1184.9367514038086,1344.8268398695839,52.36495126978643,-16.445727784976953,-26.009909695985325,9.564181911008372,1365.3136477197202,1276.7963376318423,1321.0549926757812,-0.008743640833477673,HOLD
2024-02-26,1359.3372802734375,1375.1500244140625,1386.9000244140625,1358.550048828125,1364.949951171875,354755,1324.4149963378907,1403.8459985351562,1187.1182516479491,1347.7147622071534,53.99710836285879,-12.137323694570114,-23.235392495702282,11.098068801132168,1374.0594936870446,1274.7704989887368,1324.4149963378907,0.006624733906640534,HOLD
2024-02-27,1369.12353515625,1385.050048828125,1399.0,1373.0,1376.4000244140625,521454,1328.6024963378907,1401.76,1189.3860018920898,1351.270503790103,55.781970807188756,-7.833730807863958,-20.155060158134617,12.32132935027066,1383.5833771099649,1273.6216155658165,1328.6024963378907,0.007199232257062871,HOLD
2024-02-28,1317.4248046875,1332.75,1380.0,1327.0,1374.8499755859375,781895,1329.054998779297,1398.8810009765625,1191.35100189209,1349.5066462862835,45.695417615882164,-8.54478038083198,-17.83300420267409,9.28822382184211,1384.0159993537006,1274.0939982048933,1329.054998779297,-0.03776040358424271,HOLD
2024-02-29,1328.792724609375,1344.25,1353.550048828125,1326.9000244140625,1336.0,741320,1330.8875,1396.8460009765624,1193.3237518310548,1349.0060133066377,47.92517286709086,-8.087115170128072,-15.883826396164887,7.796711226036814,1385.3061856660286,1276.4688143339715,1330.8875,0.008628775089101426,HOLD
2024-03-01,1352.5164794921875,1368.25,1375.0,1345.699951171875,1351.75,324073,1335.042498779297,1395.6830004882813,1195.459501953125,1350.8387739441007,52.32475783588514,-5.721854789432655,-13.851432074818442,8.129577285385787,1387.5129212747313,1282.5720762838625,1335.042498779297,0.017853821833736294,HOLD
2024-03-04,1370.7545166015625,1386.699951171875,1398.800048828125,1374.0,1378.050048828125,369567,1339.4999938964843,1395.7939990234374,1197.458501586914,1354.2541241562697,55.441380755718924,-2.331733260482679,-11.547492311951292,9.215759051468613,1393.5946322892169,1285.4053555037517,1339.4999938964843,0.01348434216837191,HOLD
2024-03-05,1360.4246826171875,1376.25,1391.3499755859375,1366.0,1386.050048828125,333891,1342.4399963378905,1395.4589990234374,1199.4640014648437,1356.34896947472,53.315454518424396,-0.4826970191986675,-9.334533253400767,8.8518362342021,1397.798167896468,1287.0818247793131,1342.4399963378905,-0.0075358415950357305,HOLD
2024-03-06,1338.628173828125,1354.199951171875,1375.0,1334.550048828125,1370.550048828125,353081,1344.3324951171876,1394.4019970703125,1201.6605010986327,1356.1443010649252,49.0421518906678,-0.787499334747281,-7.62512646967007,6.837627134922789,1398.5701427686329,1290.0948474657423,1344.3324951171876,-0.016021833844232503,HOLD
2024-03-07,1361.5616455078125,1377.4000244140625,1383.75,1352.800048828125,1354.0,285319,1345.9374938964843,1393.9349975585938,1204.0972512817382,1358.168655669605,53.28476612897814,0.8333878770599767,-5.933423600324061,6.766811477384038,1402.0616723328712,1289.8133154600973,1345.9374938964843,0.017131940687275193,HOLD
2024-03-11,1343.471923828125,1359.0999755859375,1397.699951171875,1354.1500244140625,1380.199951171875,507190,1346.7949951171875,1392.7949975585936,1206.3005010986328,1358.2573528044936,49.765149551063935,0.6339835025621596,-4.619942179746817,5.253925682308977,1403.1727589716922,1290.4172312626827,1346.7949951171875,-0.013285936186845704,HOLD
2024-03-12,1310.1593017578125,1325.4000244140625,1368.050048828125,1317.5999755859375,1361.800048828125,687808,1346.4974975585938,1390.4549975585937,1208.2997512817383,1355.1280834339764,44.001219399262474,-2.2177850723942356,-4.139510758276301,1.9217256858820653,1403.2596105095595,1289.735384607628,1346.4974975585938,-0.02479578528234927,HOLD
2024-03-13,1284.9033203125,1299.8499755859375,1353.300048828125,1284.1500244140625,1321.199951171875,896681,1345.5799987792968,1387.5849975585938,1210.1707510375977,1349.863501734163,40.199650873524845,-6.464983320288411,-4.604605270678723,-1.8603780496096878,1404.6868366709853,1286.4731608876084,1345.5799987792968,-0.019277235821253513,HOLD
2024-03-14,1310.3572998046875,1325.5999755859375,1334.4000244140625,1283.8499755859375,1295.0,276447,1345.7899963378907,1385.12599609375,1212.1750009155273,1347.5526897200464,45.32644207501483,-7.664754217410291,-5.216635060025037,-2.4481191573852543,1404.5807092350535,1286.9992834407278,1345.7899963378907,0.01980997844646848,HOLD
2024-03-15,1310.4560546875,1325.699951171875,1343.949951171875,1297.25,1320.5,763650,1346.6149963378907,1382.8479956054687,1214.0972506713867,1345.4714765249823,45.34603345398478,-8.509422774198583,-5.875192602859746,-2.634230171338837,1403.7690086630191,1289.4609840127623,1346.6149963378907,7.541912174025e-05,HOLD
2024-03-18,1331.8568115234375,1347.3499755859375,1352.8499755859375,1314.199951171875,1320.449951171875,1237736,1347.8799926757813,1380.6149951171874,1216.169500427246,1345.6503811974544,49.561081687685366,-7.347159179971186,-6.169585918282035,-1.177573261689151,1403.9121349834688,1291.8478503680938,1347.8799926757813,0.016331013963547747,HOLD
2024-03-19,1344.8558349609375,1360.5,1377.4000244140625,1331.1500244140625,1356.300048828125,901005,1350.9299926757812,1377.158994140625,1218.3237503051757,1347.0646306072208,51.983367646399266,-5.303820693571879,-5.996432873340004,0.6926121797681253,1402.5644690486456,1299.295516302917,1350.9299926757812,0.009759917358030057,HOLD
2024-03-20,1367.8878173828125,1383.800048828125,1388.949951171875,1352.5,1360.5,429269,1354.6449951171876,1374.4619946289063,1220.577000427246,1350.5632418663547,56.01413506207185,-1.7837787171572472,-5.153902042103453,3.3701233249462055,1404.4818633716222,1304.808126862753,1354.6449951171876,0.017126092486677624,HOLD
2024-03-21,1408.3670654296875,1424.75,1427.1500244140625,1386.0,1394.0,929063,1359.8149963378905,1373.1449951171876,1223.047000427246,1357.6286474028923,62.04460069458671,4.261079662316206,-3.2709057012195215,7.5319853635357275,1415.8331046933874,1303.7968879823936,1359.8149963378905,0.029592390321530715,HOLD
2024-03-22,1430.2127685546875,1446.8499755859375,1458.6500244140625,1421.5,1424.949951171875,936505,1363.2499938964843,1371.383994140625,1225.5785003662108,1366.1259167536584,64.84576420809324,10.711481520185771,-0.47442825693846347,11.185909777124234,1430.6192339281845,1295.880753864784,1363.2499938964843,0.015511476108747146,HOLD
2024-03-26,1477.858642578125,1495.050048828125,1499.5999755859375,1443.449951171875,1457.550048828125,1528134,1369.6974975585938,1370.8429956054688,1228.2595007324219,1378.4044055226552,70.0392420160429,19.488167091737523,3.5180908127967343,15.97007627894079,1458.2692746968441,1281.1257204203434,1369.6974975585938,0.03331380174552501,SELL
2024-03-27,1497.5296630859375,1514.949951171875,1530.0,1480.3499755859375,1500.0,1363483,1376.6874938964843,1370.1759936523438,1231.035750427246,1391.4087432035333,71.88592500324428,27.72985691918666,8.360444034074721,19.369412885111938,1485.6059430064804,1267.7690447864882,1376.6874938964843,0.013310525864567824,SELL
2024-03-28,1458.8795166015625,1475.8499755859375,1521.199951171875,1387.9000244140625,1514.949951171875,1274101,1381.227490234375,1368.8769921875,1233.4892501831055,1399.450765335191,63.59213251383148,30.751925176923805,12.838740262644539,17.913184914279267,1498.4172311654816,1264.0377493032684,1381.227490234375,-0.02580941737097786,HOLD
2024-04-01,1486.0631103515625,1503.3499755859375,1531.5999755859375,1471.1500244140625,1475.0,898931,1389.7574890136718,1367.5409912109376,1236.10125,1409.3459282162146,66.51804293521755,34.96292537683803,17.263577285483237,17.699348091354793,1516.0712203994733,1263.4437576278704,1389.7574890136718,0.018633330253694735,HOLD
2024-04-02,1536.7733154296875,1554.6500244140625,1573.4000244140625,1495.050048828125,1508.0,1284154,1400.277490234375,1368.0849926757812,1239.0392501831054,1423.1844135683905,71.1722555183977,41.956015749078915,22.202064978202372,19.753950770876543,1543.5820622785286,1256.9729181902212,1400.277490234375,0.03412382323559138,SELL
2024-04-03,1508.4033203125,1525.949951171875,1547.699951171875,1509.199951171875,1547.699951171875,636328,1408.1624877929687,1367.9889916992188,1241.8397500610351,1432.9716076258653,65.67220253925305,44.66733694163918,26.695119370889735,17.972217570749443,1560.6127061733857,1255.7122694125517,1408.1624877929687,-0.01846079361366515,HOLD
2024-04-04,1519.1285400390625,1536.800048828125,1544.699951171875,1522.050048828125,1526.449951171875,444061,1415.6674926757812,1368.4659936523437,1244.706000366211,1442.860030597509,66.71929255486162,47.14809681218799,30.785714859149387,16.3623819530386,1577.6340479186617,1253.7009374329007,1415.6674926757812,0.007110388940291035,HOLD
2024-04-05,1532.9676513671875,1550.800048828125,1586.800048828125,1529.550048828125,1531.0,1526505,1424.3949951171876,1369.1019946289061,1247.5395007324219,1453.1400323337582,68.07255286866057,49.67122096361868,34.56281608004325,15.108404883575432,1595.4794819138294,1253.3105083205458,1424.3949951171876,0.009109838336272658,HOLD
2024-04-08,1514.779052734375,1532.4000244140625,1584.0,1527.25,1563.949951171875,1436333,1433.304998779297,1372.3549951171874,1250.1062509155274,1460.688603008073,64.36801563697641,49.6141656194452,37.57308598792364,12.041079631521562,1607.3736559040706,1259.2363416545234,1433.304998779297,-0.011864859320817378,HOLD
2024-04-09,1506.969970703125,1524.5,1552.699951171875,1518.0,1533.0,442957,1440.6599975585937,1376.7649951171875,1252.757750854492,1466.765878912066,62.78809968991686,48.37385916440462,39.73324062321984,8.640618541184779,1617.0735621811064,1264.246432936081,1440.6599975585937,-0.0051553277787783625,HOLD
2024-04-10,1500.4951171875,1517.949951171875,1533.0,1503.0,1530.1500244140625,291910,1448.6024963378907,1381.0449951171875,1255.2757507324218,1471.6405524606193,61.44153656391107,46.328329024856885,41.05225830354725,5.276070721309637,1623.9129426451702,1273.292050030611,1448.6024963378907,-0.004296522681616954,HOLD
2024-04-12,1482.8011474609375,1500.050048828125,1540.5,1493.0,1510.0,432038,1457.3349975585938,1384.8869970703124,1257.7305010986329,1474.346218781334,57.793816036089765,42.769835092947915,41.395773661427384,1.3740614315205306,1624.4347479713279,1290.2352471458598,1457.3349975585938,-0.011792155815105176,HOLD
2024-04-15,1451.218505859375,1468.0999755859375,1491.5999755859375,1448.3499755859375,1481.0999755859375,393540,1465.7474975585938,1388.2229956054687,1259.9700009155274,1473.7513384770107,51.8739156330319,36.94571195212734,40.50576131956738,-3.560049367440037,1616.419712927713,1315.0752821894746,1465.7474975585938,-0.02129933815684859,HOLD
2024-04-16,1443.8541259765625,1460.6500244140625,1469.050048828125,1441.75,1446.199951171875,612592,1472.5,1390.9619970703125,1262.2062509155273,1472.5035942805396,50.573090922470136,31.36732065769229,38.67807318719236,-7.310752529500071,1608.8695808852915,1336.1304191147085,1472.5,-0.005074553024838502,HOLD
2024-04-18,1383.061279296875,1399.1500244140625,1473.449951171875,1393.5999755859375,1455.0999755859375,609447,1476.1725036621094,1392.792998046875,1264.212751159668,1465.5175400075418,41.35390375078478,21.733340918090107,35.289126733371916,-13.555785815281808,1599.9008608594017,1352.444146464817,1476.1725036621094,-0.04210454179444567,HOLD
2024-04-19,1378.6131591796875,1394.6500244140625,1404.699951171875,1359.25,1385.0,532840,1478.5375061035156,1394.982998046875,1266.2662512207032,1458.7682528081627,40.76828143129234,13.57870333386495,30.947042053470526,-17.368338719605575,1593.847816159086,1363.2271960479452,1478.5375061035156,-0.0032162383743548073,HOLD
2024-04-22,1406.6865234375,1423.050048828125,1461.949951171875,1395.0,1397.5,444410,1481.6650085449219,1397.492998046875,1268.4700015258788,1455.3665190957781,45.968690248747535,9.300528218755062,26.617739286527435,-17.317211067772373,1586.9576651387126,1376.3723519511311,1481.6650085449219,0.020363549218015642,HOLD
2024-04-23,1457.0013427734375,1473.949951171875,1481.8499755859375,1421.8499755859375,1430.0,912714,1486.1725036621094,1400.622998046875,1270.919001159668,1457.1363697696922,53.79805197836954,9.903083763184895,23.27480818185893,-13.371724418674034,1581.57516524779,1390.7698420764289,1486.1725036621094,0.03576817441218316,HOLD
2024-04-24,1443.8046875,1460.5999755859375,1490.0,1458.0,1473.949951171875,309675,1487.9650024414063,1403.507998046875,1273.3212509155273,1457.466236990287,51.682739201965475,9.197360467626822,20.459318639012512,-11.26195817138569,1579.9707722460969,1395.9592326367158,1487.9650024414063,-0.009057278759922238,HOLD
2024-04-25,1457.248291015625,1474.199951171875,1479.0,1437.0,1459.0,444577,1489.332501220703,1406.08599609375,1275.7682507324218,1459.0599240552,53.68081205745402,9.624528468359586,18.292360604881928,-8.667832136522343,1579.6507590999026,1399.0142433415035,1489.332501220703,0.009311225395907341,HOLD
2024-04-26,1484.5804443359375,1501.8499755859375,1512.699951171875,1466.949951171875,1470.0,385359,1489.6724975585937,1409.2839965820312,1278.2850006103515,1463.1351670581275,57.52646019558288,12.055222969561328,17.04493307781781,-4.989710108256482,1580.125384074518,1399.2196110426694,1489.6724975585937,0.018755952604721626,HOLD
2024-04-29,1462.2896728515625,1479.300048828125,1518.0,1468.050048828125,1508.8499755859375,176547,1487.8900024414063,1412.242998046875,1280.7262509155273,1464.6746796076511,53.61675984042436,12.02337723375922,16.04062190900609,-4.017244675246872,1577.682781271279,1398.0972236115335,1487.8900024414063,-0.015014766537526314,HOLD
2024-04-30,1466.2930908203125,1483.3499755859375,1502.25,1475.25,1480.050048828125,256118,1488.2650024414063,1415.5459985351563,1283.0847506713867,1466.453279224631,54.218559575523585,12.184479407372237,15.26939340867932,-3.0849140013070837,1577.9160512329515,1398.613953649861,1488.2650024414063,0.002737731781338626,HOLD
2024-05-02,1511.7642822265625,1529.3499755859375,1536.5,1456.300048828125,1480.050048828125,760770,1489.5650024414062,1419.7049975585937,1285.5312503051757,1472.4434407828505,60.4890776327941,15.841360262398211,15.3837867794231,0.45757348297511236,1580.793475354895,1398.3365295279175,1489.5650024414062,0.031010888028517813,HOLD
2024-05-03,1455.518310546875,1472.449951171875,1545.0,1465.199951171875,1539.0,581620,1485.4549987792968,1422.9699975585938,1287.7902499389647,1472.4440608199006,51.15554608807392,13.986876246696738,15.104404672877829,-1.1175284261810905,1571.8635558131489,1399.0464417454448,1485.4549987792968,-0.037205365235163046,HOLD
2024-05-06,1481.466552734375,1498.699951171875,1514.800048828125,1471.5,1482.0,707712,1484.0924987792969,1426.5029956054686,1290.193999633789,1474.944621805803,54.633366326267634,14.468555422466807,14.977234822795625,-0.508679400328818,1568.7455000408786,1399.4394975177152,1484.0924987792969,0.01782743106419904,HOLD
2024-05-07,1450.1806640625,1467.050048828125,1546.3499755859375,1447.3499755859375,1507.9000244140625,1184544,1480.604998779297,1429.8539965820312,1292.3245001220703,1474.1927577126908,50.009822925368084,12.156277035065159,14.413043265249533,-2.2567662301843736,1561.9680853187779,1399.241912239816,1480.604998779297,-0.02111823805625812,HOLD
2024-05-08,1482.15869140625,1499.4000244140625,1514.9000244140625,1459.300048828125,1475.0,336124,1478.0349975585937,1433.6519970703125,1294.653500366211,1476.593449779488,54.269791768863335,12.786754675322982,14.087785547264223,-1.3010308719412418,1553.3922388402661,1402.6777562769212,1478.0349975585937,0.022051037462408773,HOLD
2024-05-09,1441.728759765625,1458.5,1530.0,1452.0,1505.449951171875,284342,1474.3399963378906,1436.3949975585938,1296.8032501220703,1474.8702640862036,48.62770437607099,9.872320626251394,13.244692563061658,-3.3723719368102643,1545.8194596432616,1402.8605330325197,1474.3399963378906,-0.027277593536151556,HOLD
2024-05-10,1452.750732421875,1469.6500244140625,1484.699951171875,1444.4000244140625,1474.0,222571,1471.5974975585937,1438.2249975585937,1298.8502502441406,1474.3730984031426,50.149268036916034,8.365887684923791,12.268931587434086,-3.9030439025102943,1539.2763158850005,1403.9186792321868,1471.5974975585937,0.007644857328805266,HOLD
2024-05-13,1465.699951171875,1482.75,1487.449951171875,1445.9000244140625,1469.6500244140625,161524,1469.8375,1440.557998046875,1300.9155004882812,1475.1708985552243,51.94993935096745,8.135308502021871,11.442206970351643,-3.3068984683297717,1534.3603467705866,1405.3146532294136,1469.8375,0.008913670172026489,HOLD
2024-05-14,1501.780517578125,1519.25,1537.0,1480.199951171875,1487.0,469450,1470.7974975585937,1443.4399975585939,1303.242250366211,1479.3689082166316,56.648590387127186,10.773626139326552,11.308490804146626,-0.5348646648200734,1537.620179217161,1403.9748159000264,1470.7974975585937,0.02461642218850102,HOLD
2024-05-15,1556.04931640625,1574.1500244140625,1629.050048828125,1537.3499755859375,1585.0,5374933,1476.1,1447.2219970703125,1305.7640002441406,1488.3956811878154,62.57634018810776,17.097396878059044,12.46627201892911,4.631124859129933,1556.646249397481,1395.553750602519,1476.1,0.0361362675096677,HOLD
2024-05-16,1691.4737548828125,1711.1500244140625,1727.949951171875,1583.25,1591.199951171875,7769100,1488.625,1454.7899975585938,1308.9417504882813,1509.610380542696,72.63287785428341,32.78585091121954,16.5301877973872,16.25566311383234,1618.4793731966324,1358.7706268033676,1488.625,0.08703109479733029,SELL
2024-05-17,1722.7598876953125,1742.800048828125,1771.449951171875,1717.050048828125,1727.449951171875,2256273,1505.8075012207032,1462.7609985351562,1312.374500732422,1531.8189203794036,74.34787625633638,47.228535068108386,22.66985725153144,24.558677816576946,1670.1274381840176,1341.4875642573888,1505.8075012207032,0.018496346879286696,SELL
2024-05-21,1705.065673828125,1724.9000244140625,1758.5,1718.550048828125,1750.550048828125,1585616,1522.320001220703,1469.8939990234376,1315.6625006103516,1550.207596954133,71.61449761721677,56.57788925408636,29.451463652042428,27.12642560204393,1704.0877125240872,1340.5522899173188,1522.320001220703,-0.01027084227252495,SELL
2024-05-22,1755.884033203125,1774.25,1795.550048828125,1707.5999755859375,1736.3499755859375,1302543,1539.8799987792968,1477.645,1319.210750732422,1571.5449686727868,74.40802558568173,67.1948697684279,37.00014487531953,30.19472489310838,1746.105426364795,1333.6545711937986,1539.8799987792968,0.02861033966458515,SELL
2024-05-23,1769.590576171875,1788.0999755859375,1811.6500244140625,1729.550048828125,1798.5,1363413,1555.5875,1485.8819995117187,1322.7167504882811,1592.1692550454677,75.14725221029073,75.85210475069675,44.770536850394976,31.081567900301778,1785.7945844828685,1325.3804155171317,1555.5875,0.0078061014997534706,SELL
2024-05-24,1782.1097412109375,1800.75,1818.8499755859373,1763.5,1788.1500244140625,742683,1572.5950012207031,1494.8130004882812,1326.1505004882813,1612.0340878982804,75.83385908926533,82.77954601769079,52.37233868385414,30.407207333836652,1821.7027804597328,1323.4872219816734,1572.5950012207031,0.007074562153560393,SELL
2024-05-27,1785.1776123046875,1803.8499755859373,1818.4000244140625,1791.0999755859375,1800.5,460866,1589.0775024414063,1503.3419995117188,1329.572250366211,1630.3022676780572,76.00877837431156,87.51096334179033,59.40006361544138,28.110899726348947,1853.1370596446063,1325.0179452382063,1589.0775024414063,0.0017214913707828128,SELL
2024-05-28,1813.6796875,1832.6500244140625,1849.0,1800.25,1803.8499755859373,920416,1605.6175048828125,1512.8130004882812,1333.1377502441405,1649.5734826052958,77.62886432442922,92.51807809377829,66.02366651110877,26.494411582669514,1886.6458832204153,1324.5891265452096,1605.6175048828125,0.01596587810400929,SELL
2024-05-29,1813.778564453125,1832.75,1848.75,1812.5,1812.5,544131,1623.2900024414062,1522.96,1336.7602502441407,1667.0188652143152,77.63451043682687,95.39466943516754,71.89786709592053,23.49680233924701,1914.5876077834946,1331.9923970993177,1623.2900024414062,5.4552470251101326e-05,SELL
2024-05-30,1791.70947265625,1810.449951171875,1848.800048828125,1789.75,1825.0,606755,1639.645001220703,1533.1719995117187,1340.26875,1680.6789686388447,73.19688515341306,94.7823690760622,76.47476749194887,18.30760158411333,1934.3880723797186,1344.9019300616876,1639.645001220703,-0.012167534485404419,SELL
2024-05-31,1800.814208984375,1819.6500244140625,1868.3499755859373,1800.0,1835.0,1236595,1654.1600036621094,1543.0530004882812,1343.8552502441407,1693.9143072841036,73.86071931074332,93.95641459094213,79.97109691174752,13.985317679194608,1954.2901420217318,1354.029865302487,1654.1600036621094,0.0050816501368802225,SELL
2024-06-03,1864.4482421875,1883.949951171875,1924.949951171875,1851.0,1924.949951171875,968545,1674.7350036621094,1554.2180004882812,1347.6654998779297,1712.01294003532,77.9678225955428,97.36790976885413,83.45045948316886,13.917450285685277,1978.6128620392435,1370.8571452849753,1674.7350036621094,0.03533642507905732,SELL
2024-06-04,1727.1842041015625,1745.25,1886.0,1601.3499755859375,1886.0,1025717,1687.0625061035157,1562.1760009765626,1350.893999633789,1715.1783743176707,57.11929657485574,87.8667442475944,84.33371643605396,3.5330278115404354,1981.2234969686551,1392.9015152383763,1687.0625061035157,-0.07362188739971531,HOLD
2024-06-05,1825.85205078125,1844.949951171875,1850.0,1717.050048828125,1774.800048828125,781426,1705.957501220703,1571.865,1354.5857495117189,1727.5375721133091,64.47322019972223,87.37475318627185,84.94192378609753,2.432829400174313,1989.5191311631518,1422.3958712782544,1705.957501220703,0.057126458199040275,HOLD
2024-06-06,1884.5384521484373,1904.25,1913.25,1845.1500244140625,1851.949951171875,816594,1726.2,1582.2739990234375,1358.6617492675782,1744.3673271501368,67.9895805020265,90.7240546466096,86.09834995819995,4.625704688409655,2005.6618895623897,1446.7381104376104,1726.2,0.032141819776985825,HOLD
2024-06-07,1869.9410400390625,1889.5,1927.949951171875,1881.949951171875,1904.25,606448,1747.75,1591.5689990234375,1362.6322491455078,1758.1894864691715,66.23352969518322,91.13762069506129,87.10620410557222,4.031416589489069,2007.0607358320924,1488.4392641679076,1747.75,-0.00774583169226728,HOLD
2024-06-10,1879.6397705078125,1899.300048828125,1925.0,1841.5,1900.050048828125,1114143,1769.2325012207032,1600.6180004882813,1366.732249145508,1771.6285876462148,66.84623061208359,91.20480459173223,87.92592420280423,3.278880388928002,2002.7311745761908,1535.7338278652155,1769.2325012207032,0.005186583132111622,HOLD
2024-06-11,1910.7637939453125,1930.75,1952.050048828125,1901.1500244140625,1905.0,1352283,1791.632501220703,1609.3319995117188,1371.0369989013673,1786.7830078703848,68.8026289398081,92.72689856902548,88.88611907604849,3.840779492976992,1994.9001234334469,1588.3648790079592,1791.632501220703,0.016558706030297632,HOLD
2024-06-12,1898.5911865234373,1918.449951171875,1941.75,1904.5,1931.25,583698,1811.5924987792969,1617.4019995117187,1375.2282489013671,1799.322716756241,67.13407997602452,91.88150507128239,89.48519627509528,2.396308796187114,1979.2296305790292,1643.9553669795646,1811.5924987792969,-0.006370606670011658,HOLD
2024-06-13,1914.8709716796875,1934.9000244140625,1946.3499755859373,1915.8499755859373,1930.0,1264291,1829.6299987792968,1626.5830004882812,1379.5194989013671,1812.2348412950812,68.24329326742523,91.48433361434991,89.8850237429462,1.5993098714037046,1965.8869831218892,1693.3730144367044,1829.6299987792968,0.008574668957164633,HOLD
2024-06-14,1888.051513671875,1907.800048828125,1953.050048828125,1893.0,1952.550048828125,615383,1839.4625,1634.672001953125,1383.6902490234374,1821.3362896315616,64.38797878098379,87.9687814732672,89.50177528901041,-1.532993815743211,1968.2796725389396,1710.6453274610606,1839.4625,-0.014005878982891629,HOLD
2024-06-18,1893.2474365234373,1913.050048828125,1929.9000244140625,1891.1500244140625,1896.5,925700,1847.975,1641.8400024414063,1387.864249267578,1830.0709333645677,64.80282083834604,84.63074168782327,88.52756856877299,-3.8968268809497175,1972.5475206099732,1723.4024793900267,1847.975,0.002751860711621701,HOLD
2024-06-19,1844.5565185546875,1863.8499755859373,1924.949951171875,1848.5,1920.050048828125,662962,1854.9224975585937,1648.5980029296875,1391.7189990234374,1833.2879850046982,57.98573936627728,77.12622328745374,86.24729951250914,-9.121076225055404,1966.0357508126074,1743.80924430458,1854.9224975585937,-0.025718131771997332,HOLD
2024-06-20,1870.1883544921875,1889.75,1901.5,1862.050048828125,1871.6500244140625,632977,1860.6974975585938,1655.657001953125,1395.6817492675782,1838.6653197661553,60.35036747380475,72.43378234825809,83.48459607965894,-11.05081373140085,1966.3087335208886,1755.086261596299,1860.6974975585938,0.013895981303924776,HOLD
2024-06-21,1866.2794189453125,1885.800048828125,1909.8499755859373,1875.699951171875,1896.0,597855,1865.582501220703,1662.357001953125,1399.6204992675782,1843.154341581581,59.79762064076276,67.61681647793262,80.31104015931368,-12.694223681381061,1966.2315334818334,1764.9334689595728,1865.582501220703,-0.002090197736142385,HOLD
2024-06-24,1889.1644287109373,1906.9000244140625,1913.300048828125,1850.4000244140625,1885.800048828125,1049502,1870.8900024414063,1669.847001953125,1403.7497491455078,1849.2253589941984,61.80982859226124,64.75546729318899,77.19992558608874,-12.444458292899753,1968.4519126314558,1773.3280922513568,1870.8900024414063,0.011188872117725124,HOLD
2024-06-25,1812.286376953125,1829.300048828125,1934.0,1809.300048828125,1930.5,1541211,1872.1625061035156,1675.9430029296875,1407.480999145508,1847.3277104069532,51.58396215792937,55.58540401289429,72.87702127144985,-17.29161725855556,1966.814083300124,1777.5109289069073,1872.1625061035156,-0.04069430730107726,HOLD
2024-06-26,1779.791259765625,1796.5,1833.1500244140625,1791.25,1832.0,840752,1870.3550048828124,1681.51400390625,1410.9642492675782,1842.4869760824815,47.97134406737233,45.150901490614615,67.33179731528281,-22.180895824668198,1969.241649821728,1771.4683599438968,1870.3550048828124,-0.017930382087474994,HOLD
2024-06-27,1742.937255859375,1759.300048828125,1817.800048828125,1751.6500244140625,1800.0,1661347,1866.6825073242187,1686.69900390625,1414.124249267578,1834.5644115820664,44.191301339326834,33.49366379146363,60.56417061051898,-27.070506819055346,1975.8082740725818,1757.5567405758557,1866.6825073242187,-0.020706902962357332,HOLD
2024-06-28,1749.3272705078125,1765.75,1779.5999755859375,1750.0,1769.9000244140625,587657,1864.447509765625,1692.6520043945313,1417.3487493896484,1828.0106580980603,45.00053148959633,24.493332197105246,53.350002927836236,-28.85667073073099,1979.7449782752842,1749.1500412559658,1864.447509765625,0.0036662030312404337,HOLD
2024-07-01,1758.24365234375,1774.75,1794.8499755859375,1751.0,1792.0,764490,1862.2025085449218,1698.93400390625,1420.582999267578,1822.9382144696738,46.17336973018527,17.880612774777774,46.256124897224545,-28.37551212244677,1982.5399999417355,1741.865017148108,1862.2025085449218,0.0050969842842985,HOLD
2024-07-02,1786.478515625,1803.25,1815.0,1756.1500244140625,1778.0,976825,1858.1675109863281,1707.0160034179687,1423.9624993896484,1821.063146424943,49.82239277960913,14.769443851019105,39.95878868798346,-25.189344836964352,1980.709244347139,1735.6257776255172,1858.1675109863281,0.01605859980278912,HOLD
2024-07-03,1781.227783203125,1797.949951171875,1819.0,1791.300048828125,1810.0,464777,1860.802508544922,1715.082001953125,1427.2202490234374,1818.8618897341746,49.15502227942138,11.74080967259988,34.31519288490674,-22.574383212306863,1975.5363815339779,1746.068635555866,1860.802508544922,-0.0029391647459448,HOLD
2024-07-04,1779.692138671875,1796.4000244140625,1809.9000244140625,1779.3499755859375,1808.949951171875,299163,1858.3750122070312,1722.5490014648437,1430.4782489013671,1816.7226644655925,48.94853272315155,9.11050885500913,29.274256078927223,-20.163747223918094,1976.3562222982102,1740.3938021158522,1858.3750122070312,-0.0008620522260935903,HOLD
2024-07-05,1768.4478759765625,1785.050048828125,1810.0,1770.8499755859375,1796.5999755859375,258341,1852.4150146484376,1728.7710034179688,1433.6314990234375,1813.7062248810716,47.378950522605145,6.040497240582454,24.62750431125827,-18.587007070675817,1972.5478028491939,1732.2822264476813,1852.4150146484376,-0.006318178263017726,HOLD
2024-07-08,1707.2225341796875,1723.25,1798.0,1715.0,1798.0,526932,1844.1025146484376,1734.02400390625,1436.3497491455078,1805.0913463209697,39.88032522499999,-1.3635385147370016,19.429295746059218,-20.79283426079622,1975.3166798517755,1712.8883494450997,1844.1025146484376,-0.03462090537388374,HOLD
2024-07-09,1701.8232421875,1717.800048828125,1737.699951171875,1700.0,1732.550048828125,625493,1835.0275146484375,1738.896005859375,1438.955499267578,1796.7778894168894,39.28976509317553,-7.583636268202781,14.026709343206818,-21.6103456114096,1974.5583129281133,1695.4967163687618,1835.0275146484375,-0.003162600418903261,HOLD
2024-07-10,1707.618896484375,1723.6500244140625,1762.25,1692.4000244140625,1730.0,886851,1824.6725158691406,1743.3320068359376,1441.8722491455078,1789.8133308451916,40.311509236407474,-11.903844304453514,8.840598613674752,-20.744442918128264,1964.987767696917,1684.3572640413643,1824.6725158691406,0.0034055043774905425,HOLD
2024-07-11,1695.5816650390625,1711.5,1734.949951171875,1703.550048828125,1727.449951171875,482251,1814.325018310547,1747.976005859375,1444.7599993896483,1782.3549183837447,38.849099789689426,-16.12219905187476,3.8480390805648503,-19.970238132439608,1955.9684059706506,1672.6816306504434,1814.325018310547,-0.007049008929868372,HOLD
2024-07-12,1681.91015625,1697.699951171875,1725.0,1686.800048828125,1715.0,682134,1802.4650146484375,1752.2630053710936,1447.4274993896483,1774.292540554043,37.198457335014204,-20.344307674441325,-0.9904302704363848,-19.35387740400494,1941.4356063504838,1663.4944229463913,1802.4650146484375,-0.008063131071063379,HOLD
2024-07-15,1699.3958740234375,1715.3499755859375,1730.050048828125,1680.6500244140625,1714.9000244140625,700946,1792.842510986328,1755.9830053710937,1450.1347491455078,1768.678962938033,40.670553300491186,-22.01240441778691,-5.19482509990649,-16.817579317880423,1927.9023761282444,1657.7826458444117,1792.842510986328,0.010396433363786706,HOLD
2024-07-16,1711.383544921875,1727.449951171875,1745.0,1715.5,1717.5,815643,1783.5625061035157,1761.0830053710938,1452.9759991455078,1764.752390388875,42.99725673979874,-22.103223991412506,-8.576504878207693,-13.526719113204813,1909.506780108619,1657.6182320984124,1783.5625061035157,0.007053939871252357,HOLD
2024-07-18,1702.5662841796875,1718.550048828125,1731.449951171875,1685.199951171875,1731.449951171875,930615,1776.297509765625,1765.4800073242188,1455.853999633789,1760.3521673830892,41.701834569762845,-22.632454055248445,-11.387694713615844,-11.244759341632601,1899.613963803734,1652.981055727516,1776.297509765625,-0.0051520464241018304,HOLD
2024-07-19,1655.7557373046875,1671.300048828125,1724.0999755859375,1644.0,1723.699951171875,1041722,1765.3750122070312,1769.5650073242186,1458.5404998779297,1751.8710132349972,35.57403008434849,-26.5584040590486,-14.421836582702394,-12.136567476346205,1885.2096644469043,1645.540359967158,1765.3750122070312,-0.027494107624168262,HOLD
2024-07-22,1727.7796630859375,1744.0,1782.0,1682.0,1684.0,2911752,1758.285009765625,1774.4570068359376,1461.65625,1751.1213929269022,48.189058031469884,-23.53220463453681,-16.243910193069276,-7.288294441467535,1864.8223819845164,1651.7476375467338,1758.285009765625,0.04349904209172406,HOLD
2024-07-23,1671.4088134765625,1687.0999755859375,1814.699951171875,1672.050048828125,1775.5999755859375,4512836,1747.2950073242187,1779.0290063476561,1464.42,1745.0241150849056,41.36256392225674,-25.432110683866995,-18.081550291228822,-7.350560392638172,1833.6852172273075,1660.9047974211298,1747.2950073242187,-0.03262616078787983,HOLD
2024-07-24,1726.6402587890625,1742.8499755859375,1769.0,1690.0,1690.0,1505609,1742.9725036621094,1784.4930053710937,1467.5054998779297,1744.817054180242,48.98760364478642,-22.183522993924953,-18.90194483176805,-3.2815781621569045,1820.7382963378313,1665.2067109863874,1742.9725036621094,0.0330448703732793,HOLD
2024-07-25,1713.166748046875,1729.25,1751.5999755859375,1711.199951171875,1730.0,957754,1739.6100036621094,1789.4230053710937,1470.4632501220703,1743.3344775916473,47.36936473687318,-20.470427864855083,-19.215641438385457,-1.2547864264696251,1813.5485980090004,1665.6714093152184,1739.6100036621094,-0.007803296770489521,HOLD
2024-07-26,1768.3983154296875,1785.0,1802.0,1733.050048828125,1734.0,899262,1740.895001220703,1794.7380053710938,1473.73875,1747.302622582919,54.06768898437565,-14.447684639916133,-18.262050078691594,3.814365438775461,1817.0187270680008,1664.7712753734054,1740.895001220703,0.03223941014890852,HOLD
2024-07-29,1777.215576171875,1793.9000244140625,1829.8499755859373,1783.0999755859375,1792.050048828125,1190762,1742.3025024414062,1799.1330053710938,1476.9365002441407,1751.7404703763611,55.05119432141838,-8.854391736748767,-16.38051841030303,7.526126673554263,1821.2027540380352,1663.4022508447772,1742.3025024414062,0.004986008075104964,HOLD
2024-07-30,1810.1065673828125,1827.0999755859373,1839.300048828125,1792.6500244140625,1808.0,1019163,1744.9200012207032,1801.4520043945313,1480.315,1758.9175661106065,58.61136227538339,-1.7228482947816701,-13.44898438719876,11.72613609241709,1831.09075480537,1658.7492476360364,1744.9200012207032,0.018507135693204946,HOLD
2024-07-31,1845.078369140625,1862.4000244140625,1879.0,1830.5999755859373,1841.9000244140625,1209788,1747.8775024414062,1803.84400390625,1484.0215002441407,1768.7730383299831,62.05290676986282,6.700135200681643,-9.41916046962268,16.119295670304325,1845.1926859322234,1650.562318950589,1747.8775024414062,0.019320261233545688,HOLD
2024-08-01,1824.1522216796875,1839.300048828125,1870.0,1815.5,1865.0,739985,1749.9450073242188,1806.1320043945314,1487.7627502441405,1775.4898964726633,58.61793128255737,11.380250881716847,-5.259278199354775,16.639529081071622,1853.0144645134503,1646.8755501349872,1749.9450073242188,-0.012403337243944157,HOLD
2024-08-02,1764.69580078125,1779.3499755859375,1824.800048828125,1773.300048828125,1800.199951171875,543407,1749.0925048828126,1806.23400390625,1491.1015002441407,1775.85752305488,50.76410757908026,10.134976687918197,-2.18042722190018,12.315403909818377,1850.885052118666,1647.2999576469592,1749.0925048828126,-0.03259396055601893,HOLD
2024-08-05,1691.9501953125,1706.0,1754.75,1687.0,1750.0,1272963,1745.1400024414063,1804.5920043945312,1494.063500366211,1769.2044256210818,43.146908837505045,3.1925560997337925,-1.1058305575733853,4.298386657307178,1847.1793937207813,1643.1006111620313,1745.1400024414063,-0.04122290532630235,HOLD
2024-08-06,1701.966796875,1716.0999755859375,1775.0,1710.8499755859375,1730.0999755859375,1106701,1744.7825012207031,1802.89900390625,1496.8820001220704,1764.146858951068,44.38439466411572,-1.4773486573694754,-1.1801341775326035,-0.2972144798368719,1847.1756471570914,1642.389355284315,1744.7825012207031,0.005920267049201344,HOLD
2024-08-07,1756.66259765625,1771.25,1778.8499755859375,1746.199951171875,1775.0,564600,1747.4549987792968,1802.2470043945314,1499.9952502441406,1764.8233485747758,50.695208200866155,-0.7198379165724873,-1.0880749253405804,0.36823700876809307,1849.6816220867827,1645.228375471811,1747.4549987792968,0.0321368365472019,HOLD
2024-08-08,1730.2320556640625,1744.5999755859375,1785.949951171875,1740.800048828125,1758.5999755859375,660451,1748.5024963378905,1800.4860034179687,1502.9865002441406,1762.8973130520292,47.868536227858684,-2.244071187820964,-1.319274177836657,-0.924797009984307,1850.1597065046592,1646.8452861711219,1748.5024963378905,-0.015045885343154541,HOLD
2024-08-09,1773.5225830078125,1788.25,1808.8499755859373,1769.5999755859375,1778.949951171875,798392,1752.3399963378906,1799.5960034179689,1506.2840002441405,1765.3118546661217,52.53662084203703,0.06935564622949641,-1.0415482130234264,1.1109038592529228,1853.9146911014848,1650.7653015742965,1752.3399963378906,0.02502007624951519,HOLD
2024-08-12,1799.209228515625,1814.1500244140625,1827.75,1757.800048828125,1786.5,1419019,1758.1625,1799.6700048828125,1509.701000366211,1769.9631089278303,55.10543638568295,3.947177983473466,-0.043802973724047845,3.990980957197514,1859.8915589150554,1656.4334410849444,1758.1625,0.014483447176883768,HOLD
2024-08-13,1730.8271484375,1745.199951171875,1793.8499755859375,1735.050048828125,1793.449951171875,738068,1759.6549987792969,1798.1810034179687,1512.7415002441405,1767.6047129510725,47.70352355354724,1.4400850490774246,0.25297463083624666,1.187110418241178,1859.6895643174216,1659.6204332411721,1759.6549987792969,-0.038006819895976984,HOLD
2024-08-14,1701.3221435546875,1715.449951171875,1771.0,1705.0,1755.9000244140625,651320,1759.054998779297,1794.8110034179688,1515.6970001220702,1762.6375927816252,44.901041399050634,-2.9137921507949613,-0.38037872548999496,-2.5334134253049663,1859.99487460108,1658.115122957514,1759.054998779297,-0.017046757295645865,HOLD
2024-08-16,1751.604736328125,1766.1500244140625,1770.449951171875,1724.0,1724.4000244140625,718392,1761.4349975585938,1795.22900390625,1518.9045001220702,1762.9721100799527,50.2636110690485,-2.2472936054402908,-0.7537617014800542,-1.4935319039602366,1860.67278591465,1662.1972092025376,1761.4349975585938,0.029554970815413695,HOLD
2024-08-19,1752.39794921875,1766.949951171875,1780.0,1746.5,1780.0,285852,1766.2174926757812,1793.66900390625,1522.241499633789,1763.3509520887073,50.34572418455103,-1.6356861307590407,-0.9301465873358515,-0.7055395434231891,1856.4276403630572,1676.007344988505,1766.2174926757812,0.00045292118266004877,HOLD
2024-08-20,1740.8935546875,1755.3499755859375,1770.300048828125,1744.449951171875,1765.300048828125,580046,1766.7849914550782,1790.6910034179687,1525.5949993896484,1762.588954326539,49.08029746538358,-2.0632203653626675,-1.156761342941215,-0.9064590224214526,1856.570734842779,1676.9992480673773,1766.7849914550782,-0.00656497122527111,HOLD
2024-08-21,1730.480224609375,1744.8499755859375,1766.449951171875,1733.3499755859375,1757.25,413365,1769.6724914550782,1787.7980029296875,1528.9237493896485,1760.8995277798151,47.90651954632635,-3.212277439592299,-1.5678645622714318,-1.644412877320867,1852.46390238704,1686.8810805231165,1769.6724914550782,-0.005981713131875677,HOLD
2024-08-22,1719.818603515625,1734.0999755859375,1756.949951171875,1722.1500244140625,1746.6500244140625,757573,1769.2349914550782,1784.4940014648437,1532.2472491455078,1758.3471894756362,46.67575783874112,-4.933478538323925,-2.240987357481931,-2.6924911808419942,1852.678645525636,1685.7913373845204,1769.2349914550782,-0.006160988136753698,HOLD
2024-08-23,1689.073974609375,1703.0999755859375,1744.9000244140625,1695.5999755859375,1734.0999755859375,569967,1767.927490234375,1779.9410009765625,1535.2677490234375,1753.0855500575697,43.22692892721016,-8.698710412961873,-3.5325319685779193,-5.166178444383954,1854.5935927390344,1681.2613877297156,1767.927490234375,-0.017876708630669036,HOLD
2024-08-26,1724.3310546875,1738.6500244140625,1746.050048828125,1699.949951171875,1708.949951171875,699817,1765.6099914550782,1776.3450024414062,1538.3734991455078,1751.7107380915213,47.97438230967852,-8.713646471896709,-4.568754869241678,-4.144891602655031,1852.8032825044038,1678.4167004057526,1765.6099914550782,0.020873729867733948,HOLD
2024-08-27,1713.9176025390625,1728.1500244140625,1747.4000244140625,1716.300048828125,1738.6500244140625,490753,1762.322491455078,1772.2100024414062,1541.3249993896484,1749.46686059843,46.731411300750715,-9.46365453548492,-5.547734802490327,-3.9159197329945936,1849.9582376559927,1674.6867452541635,1762.322491455078,-0.006039168235446701,HOLD
2024-08-28,1697.1566162109375,1711.25,1738.9000244140625,1707.050048828125,1734.800048828125,217943,1756.5299926757812,1768.2790014648438,1544.0577496337892,1745.8271595890556,44.722944253648635,-11.291569871492129,-6.696501816290688,-4.595068055201441,1841.5492095057402,1671.510775845822,1756.5299926757812,-0.00977925768903809,HOLD
2024-08-29,1708.958740234375,1723.1500244140625,1731.4000244140625,1691.75,1709.0,788306,1749.5674926757813,1764.4810009765624,1546.6209997558594,1743.6674324295325,46.46763107144917,-11.645728715714768,-7.686347196175504,-3.9593815195392636,1820.3877817005891,1678.7472036509735,1749.5674926757813,0.006953995274835645,HOLD
2024-08-30,1757.7535400390625,1772.3499755859375,1789.0,1728.4000244140625,1728.4000244140625,983157,1746.219989013672,1762.6510009765625,1549.3249993896484,1746.399103206333,53.06366997469833,-7.865706306842867,-7.722219018308977,-0.1434872885338896,1805.0766980048277,1687.3632800225162,1746.219989013672,0.02855233176148131,HOLD
2024-09-02,1743.9183349609375,1758.4000244140625,1788.949951171875,1751.0,1780.0,306280,1745.1724914550782,1760.0240014648436,1551.8909997558594,1747.5420480832595,51.13961746492506,-5.927329227484734,-7.363241060144129,1.4359118326593956,1802.3553091466174,1687.989673763539,1745.1724914550782,-0.007870878417939542,HOLD
2024-09-03,1753.6376953125,1768.199951171875,1789.0,1752.199951171875,1755.199951171875,379376,1748.282489013672,1757.6719995117187,1554.6792492675781,1749.5094674250324,52.444160222398835,-3.559349276054263,-6.6024627033261565,3.0431134272718934,1803.3310336150334,1693.2339444123104,1748.282489013672,0.005573206677518039,HOLD
2024-09-04,1768.910888671875,1783.5999755859375,1790.449951171875,1743.0999755859375,1768.25,773570,1751.657489013672,1755.2059985351561,1557.4887493896485,1752.7561824879758,54.500031024161444,-0.43503996738945716,-5.368978156138818,4.9339381887493605,1806.6765938789752,1696.6383841483687,1751.657489013672,0.008709436058889297,HOLD
2024-09-05,1775.605224609375,1790.3499755859375,1797.5999755859375,1776.25,1791.9000244140625,517402,1752.6124877929688,1754.4269970703126,1560.1589990234374,1756.3365437354007,55.40993818866356,2.556199974925221,-3.7839425299260103,6.340142504851231,1809.5870629610604,1695.6379126248771,1752.6124877929688,0.003784480877099483,HOLD
2024-09-06,1732.8603515625,1747.25,1787.5,1719.050048828125,1787.5,749525,1752.7449890136718,1753.4419970703125,1562.611998901367,1755.4711586177436,48.71147467335103,1.4324588576334918,-2.74066225241411,4.173121110047601,1809.6567028692828,1695.8332751580608,1752.7449890136718,-0.02407349187235419,HOLD
2024-09-09,1728.24853515625,1742.5999755859375,1756.449951171875,1726.0,1744.9000244140625,382054,1750.4624877929687,1753.1079956054687,1565.1582489013672,1754.2453316623335,48.03675390994832,0.16476846937280243,-2.1595761080567275,2.32434457742953,1805.1119802439955,1695.8129953419418,1750.4624877929687,-0.0026613389120403452,HOLD
2024-09-10,1743.373046875,1757.8499755859375,1769.8499755859375,1732.5999755859375,1735.4000244140625,521608,1747.6474853515624,1752.9499951171874,1567.4339990234375,1754.588631083629,50.46026903946444,0.386210262395025,-1.6504188339663772,2.036629096361402,1794.064773092015,1701.2301976111098,1747.6474853515624,0.00875129129671448,HOLD
2024-09-11,1737.2239990234375,1751.6500244140625,1789.300048828125,1744.699951171875,1768.5999755859375,534290,1747.969989013672,1752.4879956054688,1569.5259991455077,1754.3087637817655,49.45049724865973,0.06072028865992252,-1.3081910094411173,1.3689112981010398,1794.404400238634,1701.5355777887098,1747.969989013672,-0.0035270081394792596,HOLD
2024-09-12,1752.9434814453125,1767.5,1776.449951171875,1744.5,1762.6500244140625,560439,1750.572491455078,1751.7729956054689,1571.6589990234374,1755.5650719930259,52.09001575954257,1.0694003241997052,-0.8326727427129528,1.902073066912658,1795.224884039996,1705.9200988701602,1750.572491455078,0.00904859724546836,HOLD
2024-09-13,1799.5068359375,1814.449951171875,1819.550048828125,1767.9000244140625,1778.5999755859375,1100430,1752.9874877929688,1752.1029956054688,1573.9859985351563,1761.1731557243447,58.93092699342953,5.5927850572174975,0.45241881727313726,5.140366239944361,1805.3137851936644,1700.661190392273,1752.9874877929688,0.026562914382956215,HOLD
2024-09-16,1787.0601806640625,1801.9000244140625,1846.6500244140625,1793.5,1826.0,741473,1754.7349914550782,1752.2129956054687,1575.9624987792968,1765.0519051233655,56.604293215682084,8.07187825417509,1.9763107046535278,6.0955675495215615,1810.9961991784307,1698.4737837317257,1754.7349914550782,-0.00691665633968408,HOLD
2024-09-17,1799.15966796875,1814.0999755859373,1825.0,1799.0,1809.0,360524,1757.6724914550782,1752.793994140625,1578.1467486572265,1769.7231499293248,58.32673239522997,10.89541600049779,3.7601317638223803,7.135284236675409,1819.6044904262515,1695.740492483905,1757.6724914550782,0.006770603810742459,HOLD
2024-09-18,1793.5067138671875,1808.4000244140625,1824.1500244140625,1781.0999755859375,1824.1500244140625,450844,1760.8499938964844,1754.4969946289064,1580.1639990234376,1773.406661785014,57.18470959214984,12.528728203985565,5.513851051855018,7.0148771521305475,1826.2484613623426,1695.4515264306262,1760.8499938964844,-0.003142027037420392,HOLD
2024-09-19,1826.4827880859373,1841.6500244140625,1863.0,1781.3499755859375,1818.0,1000198,1766.2274963378907,1756.973994140625,1582.4224993896485,1779.9060296544471,61.87425422956693,16.31803288530523,7.67468741854506,8.643345466760168,1839.192595578959,1693.2623970968223,1766.2274963378907,0.018386418685640837,HOLD
2024-09-20,1841.5574951171875,1856.8499755859373,1872.0,1836.449951171875,1859.949951171875,1405487,1773.9149963378907,1759.6379931640624,1584.6547491455078,1787.2340245050652,63.8248929103538,20.313432568023472,10.202436448440743,10.11099611958273,1850.9408689782822,1696.8891236974991,1773.9149963378907,0.008253441734517919,HOLD
2024-09-23,1884.0052490234373,1899.6500244140625,1914.0,1846.1500244140625,1864.0,876877,1781.9649963378906,1763.4009936523437,1587.1482495117189,1797.940310210684,68.68356467765531,26.62648826506893,13.487246811766381,13.139241453302548,1874.6305825288775,1689.2994101469037,1781.9649963378906,0.023049815219788883,HOLD
2024-09-24,1884.40185546875,1900.050048828125,1926.0,1876.5999755859373,1916.699951171875,830136,1790.5599975585938,1767.4479956054688,1589.6442498779297,1807.6650472218687,68.72584324483837,31.30108953920285,17.050015357253677,14.251074181949171,1893.0344839631396,1688.085511154048,1790.5599975585938,0.0002105779532657337,HOLD
2024-09-25,1925.5103759765625,1941.5,1948.0,1876.550048828125,1897.5999755859373,917710,1802.0724975585938,1771.97099609375,1592.2764996337892,1820.4112332007385,72.82045173362718,37.913367673227185,21.22268582044838,16.690681852778805,1917.265515852798,1686.8794792643896,1802.0724975585938,0.021815189130117707,SELL
2024-09-26,1937.1141357421875,1953.199951171875,1970.0,1929.699951171875,1953.0,944208,1813.5749938964843,1776.48599609375,1594.8484991455077,1833.0577777694182,73.86076550596331,43.595195732988714,25.69718780295645,17.898007930032264,1940.3123280541552,1686.8376597388135,1813.5749938964843,0.0060262431995234955,SELL
2024-09-27,1881.22802734375,1896.8499755859373,1965.0,1888.550048828125,1964.199951171875,485248,1819.7999938964845,1780.0519946289062,1597.1364990234374,1839.1332251805152,61.62635704754008,43.05480432870422,29.168711108106002,13.88609322059822,1950.0090314381537,1689.5909563548153,1819.7999938964845,-0.02885008037816561,HOLD
2024-09-30,1876.616455078125,1892.199951171875,1927.75,1875.0,1910.0,885798,1826.489990234375,1784.4699926757812,1599.2992486572266,1844.1871990844543,60.73236115887264,41.76982559056546,31.688934004597897,10.080891585967564,1957.1411623138133,1695.8388181549367,1826.489990234375,-0.002451445540718522,HOLD
2024-10-01,1872.3023681640625,1887.8499755859373,1911.949951171875,1858.3499755859373,1903.5999755859373,549915,1832.4724914550782,1787.3469921875,1601.4237487792968,1848.3455587512622,59.857570014955776,39.94005985906483,33.33915917549129,6.600900683573542,1962.8566596350965,1702.0883232750598,1832.4724914550782,-0.0022988984770049292,HOLD
2024-10-03,1830.0035400390625,1845.199951171875,1885.0,1826.0999755859373,1850.0,650078,1835.552490234375,1790.5089916992188,1603.4129986572266,1848.0459770770349,51.95562610705873,34.64904419184927,33.601136178762886,1.047908013086385,1964.0701109202798,1707.0348695484702,1835.552490234375,-0.02259185049957424,HOLD
2024-10-04,1793.5067138671875,1808.4000244140625,1850.9000244140625,1794.9000244140625,1841.5,806448,1836.4549926757813,1791.8199926757814,1605.2017486572265,1844.2701720615137,46.278756779799444,27.173193951192843,32.31554773324888,-5.142353782056034,1963.939574481015,1708.9704108705478,1836.4549926757813,-0.019943598380458005,HOLD
2024-10-07,1733.7032470703125,1748.0999755859375,1819.300048828125,1735.300048828125,1818.5999755859373,689748,1836.497491455078,1792.1969921875,1606.815248413086,1835.1111057305063,38.79806481702321,16.19611999343556,29.091662185286214,-12.895542191850655,1963.863605625223,1709.131377284933,1836.497491455078,-0.03334441938401478,HOLD
2024-10-08,1745.1083984375,1759.5999755859375,1768.0,1714.050048828125,1745.4000244140625,839438,1837.3474914550782,1791.6889916992188,1608.4282482910157,1827.9195695262615,40.76461995371403,8.328656123472456,24.939060972923464,-16.610404849451008,1962.4016154610151,1712.2933674491412,1837.3474914550782,0.006578571111841125,HOLD
2024-10-09,1819.5406494140625,1834.6500244140625,1846.5999755859373,1761.199951171875,1774.699951171875,902414,1841.1874938964843,1792.5039916992187,1610.1547485351562,1828.5605652298616,51.67727058445586,8.05667372590483,21.562583523519738,-13.505909797614908,1960.841310031645,1721.5336777613236,1841.1874938964843,0.04265176737294163,HOLD
2024-10-10,1863.773193359375,1879.25,1893.5999755859373,1845.199951171875,1847.0,1183118,1847.5674926757813,1793.5469921875,1612.167498779297,1833.3881304460651,56.773694195311464,11.309600968558925,19.511987012527577,-8.202386043968652,1960.8837640754543,1734.2512212761083,1847.5674926757813,0.02430980023025464,HOLD
2024-10-11,1903.3443603515625,1919.1500244140625,1924.800048828125,1848.800048828125,1880.5999755859373,928809,1855.1499938964844,1794.6819921875,1614.5332489013672,1841.5559298715887,60.76079725166306,16.912214277531348,18.992032465528332,-2.0798181879969846,1966.295174440724,1744.0048133522448,1855.1499938964844,0.021231887409371986,HOLD
2024-10-14,1981.346923828125,1997.800048828125,2012.9000244140625,1925.0,1925.5999755859373,3256094,1864.3174987792968,1797.8519921875,1617.3902490234375,1856.4363221531635,67.18590177481687,27.383070364286596,20.670240045279986,6.71283031900661,1989.8387619738207,1738.7962355847728,1864.3174987792968,0.04098169679990238,HOLD
2024-10-15,2012.1905517578125,2028.9000244140625,2040.5,1971.0,2000.0,1624002,1875.667498779297,1802.8429931640626,1620.6289990234375,1872.8614366542015,69.32481461666596,37.755584491941136,24.087308934612217,13.668275557328919,2016.658955405525,1734.676042153069,1875.667498779297,0.015567111235271103,HOLD
2024-10-16,2013.8765869140625,2030.5999755859373,2054.85009765625,1987.5,2027.9000244140625,1521674,1886.492498779297,1809.3349926757812,1623.8169989013672,1887.8841546477001,69.44206592200105,45.58754369407734,28.38735588650524,17.2001878075721,2039.634820927815,1733.3501766307788,1886.492498779297,0.0008378683776524287,HOLD
2024-10-17,1888.021728515625,1903.699951171875,2065.199951171875,1898.9000244140625,2065.0,2310430,1891.2574951171875,1813.0869921875,1626.300248413086,1889.3904209833358,53.11932809501353,41.08109902802971,30.926104514810135,10.154994513219577,2040.2584429185745,1742.2565473158006,1891.2574951171875,-0.06249385695843157,HOLD
2024-10-18,1915.5927734375,1931.5,1942.0,1884.25,1909.949951171875,1334918,1895.7499938964843,1816.2919921875,1628.9539984130859,1893.4008570801611,55.58249085122307,39.29991580270871,32.60086677238985,6.699049030318861,2043.912957806228,1747.5870299867406,1895.7499938964843,0.0146031672748701,HOLD
2024-10-21,1979.115478515625,1995.550048828125,2018.449951171875,1956.1500244140625,1980.050048828125,2700071,1902.6849975585938,1821.3109936523438,1631.8512487792968,1903.1293515323482,60.70512962189605,42.56594519590908,34.5938824570937,7.9720627388153815,2055.81649229206,1749.5535028251275,1902.6849975585938,0.03316078116910437,HOLD
2024-10-22,1934.3868408203125,1950.449951171875,2008.199951171875,1929.75,1981.0,1764458,1905.2249938964844,1824.5549926757812,1634.3914984130859,1907.6360753075412,55.82314370296802,41.0419895491043,35.88350387549582,5.158485673608482,2059.7497631086007,1750.7002246843683,1905.2249938964844,-0.022600334019552526,HOLD
2024-10-23,1941.42822265625,1957.550048828125,1989.699951171875,1919.0999755859373,1964.8499755859373,827994,1908.0999938964844,1827.4229931640625,1636.9624987792968,1912.3897870714063,56.41737569897936,39.946681780748804,36.69613945654642,3.250542324202385,2064.2635878083993,1751.9363999845696,1908.0999938964844,0.0036402357578999567,HOLD
2024-10-24,1968.552978515625,1984.9000244140625,2014.0,1930.0,1974.949951171875,1598070,1910.2699951171876,1832.2169946289061,1639.6442486572266,1919.295523961183,58.72077918668512,40.81506626218902,37.51992481767494,3.29514144451408,2069.407574897236,1751.1324153371393,1910.2699951171876,0.013971533244991896,HOLD
2024-10-25,1925.7584228515625,1941.75,1999.9000244140625,1916.449951171875,1999.9000244140625,548279,1909.6974975585938,1836.7429956054686,1642.1549987792969,1921.4340454886894,53.88227263162244,37.588128324165154,37.533565518972985,0.054562805192169606,2068.2946608388547,1751.1003342783329,1909.6974975585938,-0.02173914246728892,HOLD
2024-10-28,1954.271728515625,1970.5,2005.0,1931.8499755859373,1941.75,652414,1913.3799987792968,1840.8299951171875,1644.7124987792968,1926.1069935373857,56.45670955168818,36.92499314965448,37.41185104510929,-0.4868578954548042,2074.0199503357003,1752.7400472228933,1913.3799987792968,0.014806231492210609,HOLD
2024-10-29,1968.4041748046875,1984.75,1990.0,1945.449951171875,1989.800048828125,925101,1918.007501220703,1845.18599609375,1646.9697485351562,1931.6920417719202,57.71663711341943,37.12139729327532,37.3537602947425,-0.2323630014671778,2081.251353944721,1754.7636484966852,1918.007501220703,0.0072316670895711255,HOLD
2024-10-30,1911.87353515625,1927.75,1994.5999755859373,1920.550048828125,1964.0,742659,1920.0025024414062,1848.6339965820312,1649.0152484130858,1931.3166092222136,51.31994838696579,32.30523076997815,36.34405438978963,-4.038823619811481,2082.6976877380494,1757.3073171447634,1920.0025024414062,-0.028718982239576807,HOLD
2024-10-31,1950.60205078125,1966.800048828125,1987.5999755859373,1907.050048828125,1927.75,1337339,1926.0825073242188,1853.072998046875,1651.396248779297,1934.6959844227765,54.99956303300785,31.278833762003387,35.33101026423239,-4.052176502229003,2086.2098791739,1765.9551354745377,1926.0825073242188,0.020256801363312205,HOLD
2024-11-01,1957.048583984375,1973.300048828125,1997.5999755859373,1961.949951171875,1979.9000244140625,51784,1934.3275085449218,1857.8569995117186,1653.5882489013673,1938.3725619851907,55.60115146228265,30.63674113453567,34.39215643829304,-3.755415303757374,2086.133045082043,1782.5219720078007,1934.3275085449218,0.0033048606053640572,HOLD
2024-11-04,1922.0535888671875,1936.050048828125,1980.0,1913.449951171875,1972.449951171875,442708,1943.7250122070313,1862.5160009765625,1655.6579992675781,1938.1513702559464,51.363412356219186,26.813030487550577,32.87633124814455,-6.063300760593975,2069.248409410952,1818.2016150031109,1943.7250122070313,-0.018877007590468287,HOLD
2024-11-05,1984.2503662109373,1998.699951171875,2010.0,1917.0999755859373,1925.0,1090293,1955.6800109863282,1867.7169995117188,1657.909998779297,1943.917901771749,57.26313859189189,28.50939719910025,32.00294443833569,-3.49354723923544,2050.593014431878,1860.7670075407784,1955.6800109863282,0.03235965019689013,HOLD
2024-11-06,2007.8284912109373,2022.449951171875,2043.949951171875,2001.25,2010.0,1153566,1965.0700073242188,1873.602998046875,1660.3182482910156,1951.397144571761,59.2796830940198,31.408152916706058,31.883986134009763,-0.4758332173037054,2046.4197679304564,1883.7202467179811,1965.0700073242188,0.011882724060745087,HOLD
2024-11-07,2017.5579833984373,2032.25,2089.89990234375,2021.199951171875,2037.0,2572885,1972.7200073242188,1880.022998046875,1662.6287481689453,1959.0974165173075,60.11596666635918,34.10310043198342,32.3278089936045,1.7752914383789218,2048.965066852361,1896.4749477960768,1972.7200073242188,0.004845632309687931,HOLD
2024-11-08,2002.2196044921875,2016.800048828125,2072.64990234375,2006.0,2045.550048828125,1046572,1977.6025085449219,1885.8959985351562,1665.0754986572265,1964.592905308814,58.09047302358619,34.59341248942201,32.780929692768005,1.8124827966540025,2051.984060207734,1903.2209568821102,1977.6025085449219,-0.007602387094046037,HOLD
2024-11-11,1998.1988525390625,2012.75,2040.9000244140625,1983.300048828125,2020.5999755859373,1304658,1978.3500061035156,1890.7039990234375,1667.4854986572266,1969.179295279403,57.543139019751955,34.26025237161684,33.07679422853777,1.183458143079072,2053.8209364130444,1902.8790757939869,1978.3500061035156,-0.0020081558558461277,HOLD
2024-11-12,1975.265869140625,1989.6500244140625,2044.0,1981.0,2025.5999755859373,1372529,1976.3875061035155,1895.3289990234375,1669.8689990234375,1971.128888530323,54.39507851867654,31.766066165665052,32.81464861596323,-1.048582450298177,2048.4633890971368,1904.3116231098943,1976.3875061035155,-0.011476823046050133,HOLD
2024-11-13,1913.2176513671875,1927.1500244140625,2011.1500244140625,1911.4000244140625,1989.0,1519807,1971.2150085449218,1898.5080004882811,1671.9097491455077,1966.9404252811553,46.91636262646042,24.464170236037035,31.14455293997799,-6.680382703940957,2041.819410224158,1900.6106068656857,1971.2150085449218,-0.03141255961254075,HOLD
2024-11-14,1965.9835205078125,1980.300048828125,2005.199951171875,1922.75,1936.0,1392570,1975.0450134277344,1902.442001953125,1674.9624993896484,1968.2127703808667,52.85286770501692,22.704405626355765,29.456523477253548,-6.752117850897783,2038.5364048429944,1911.5536220124743,1975.0450134277344,0.02757959875501781,HOLD
2024-11-18,1897.5816650390625,1911.4000244140625,1989.300048828125,1905.0,1977.050048828125,1363298,1974.0400146484376,1904.8630029296876,1677.9994995117188,1962.8020326697424,45.71555453738815,15.570634760938447,26.67934573399053,-11.108710973052084,2040.8084202014084,1907.2716090954668,1974.0400146484376,-0.03479271964611386,HOLD
2024-11-19,1918.7772216796875,1932.75,1979.75,1915.5,1915.5,1173547,1970.9000122070313,1908.5730029296874,1681.1434997558595,1959.939934320243,48.0563390843888,11.507186867413338,23.644913960675094,-12.137727093261756,2039.2155907130298,1902.5844337010328,1970.9000122070313,0.01116981025072561,HOLD
2024-11-21,1903.488525390625,1917.3499755859373,1964.449951171875,1900.1500244140625,1938.0,1760308,1969.2450134277344,1912.0680029296875,1684.1904998779296,1955.8837477741188,46.498808544674226,6.963945836693256,20.30872033587873,-13.344774499185473,2040.9802381637533,1897.5097886917156,1969.2450134277344,-0.00796793398735618,HOLD
2024-11-22,1927.8114013671875,1941.8499755859373,1961.9000244140625,1891.1500244140625,1928.5999755859373,630456,1968.460009765625,1915.7480029296876,1687.3932495117188,1954.5471980419109,49.3133572751245,5.279481258930218,17.30287252048903,-12.02339126155881,2041.0287408087024,1895.8912787225477,1968.460009765625,0.012778053204664852,HOLD
2024-11-25,1932.775390625,1946.8499755859373,2046.75,1918.199951171875,2006.699951171875,17682166,1966.5575073242187,1919.652001953125,1690.508999633789,1953.8141292365801,49.89269916388561,4.298439424398566,14.701985901270938,-10.403546476872371,2039.29736271427,1893.8176519341673,1966.5575073242187,0.002574864208287453,HOLD
2024-11-26,1964.941162109375,1979.25,2004.75,1925.550048828125,1930.0,1186105,1968.4325073242187,1923.887001953125,1693.8672497558593,1956.2365931188106,53.59416711013271,6.065449171976979,12.974678555412146,-6.909229383435166,2040.4475158453754,1896.417498803062,1968.4325073242187,0.016642281028516948,HOLD
2024-11-27,1978.0455322265625,1992.449951171875,2043.0,1950.800048828125,1995.0,744669,1969.5300048828126,1927.447001953125,1697.4037493896485,1959.6854843619594,55.050983595418636,8.43372414835494,12.066487674000706,-3.6327635256457658,2042.3026375501827,1896.7573722154425,1969.5300048828126,0.006669168206075549,HOLD
2024-11-28,2004.70166015625,2019.300048828125,2025.5,1972.3499755859373,1996.5999755859373,961209,1971.2575073242188,1931.7950024414063,1701.0124993896484,1965.3630619301657,57.94317472609089,12.334987556575697,12.120187650515707,0.21479990605999078,2046.974089465715,1895.5409251827225,1971.2575073242188,0.013475920757988424,HOLD
2024-11-29,1992.837890625,2007.3499755859373,2019.5,1955.5999755859373,2019.300048828125,687193,1975.2375061035157,1935.6600024414063,1704.4619995117187,1969.3618156116677,56.20966154456443,14.297681107154403,12.555686341843447,1.741994765310956,2049.7465113605203,1900.7285008465112,1975.2375061035157,-0.005917928466907529,HOLD
2024-12-02,2054.6875,2069.64990234375,2084.5,1993.9000244140625,2014.0,655348,1980.3799987792968,1940.885,1708.2284991455078,1978.913061967104,62.50724421185351,20.64226216470206,14.173001506415172,6.469260658286888,2065.3171103172826,1895.442887241311,1980.3799987792968,0.031035906800271684,HOLD
2024-12-03,2045.454833984375,2060.35009765625,2119.25,2031.0,2091.85009765625,1059164,1984.7325012207032,1945.2590014648438,1711.8037493896484,1986.6689701279752,61.094801607129256,24.635983563325453,16.26559791779723,8.370385645528224,2076.4252163676665,1893.03978607374,1984.7325012207032,-0.00449341923818547,HOLD
2024-12-04,2149.099853515625,2164.75,2177.0,2087.25,2099.949951171875,2764976,1996.167498779297,1951.417001953125,1715.917749633789,2003.6290682110252,69.44253737876927,35.81241295361906,20.174960924961596,15.637452028657464,2114.0308988385245,1878.3040987200693,1996.167498779297,0.05067095269998534,HOLD
2024-12-05,2114.7998046875,2130.199951171875,2192.0,2114.050048828125,2182.0,1176853,2002.742498779297,1956.0280004882814,1719.9119995117187,2015.6834380168204,64.50946216407743,41.404626809257024,24.420894101820682,16.983732707436342,2134.3119312830936,1871.1730662755003,2002.742498779297,-0.015960295104804234,HOLD
2024-12-06,2127.804931640625,2143.300048828125,2157.449951171875,2117.0,2146.89990234375,628470,2008.7850036621094,1960.8930004882814,1724.0375,2027.8374009512304,65.50991578815594,46.35916537745743,28.808548356948034,17.550617020509396,2153.8300875068244,1863.7399198173941,2008.7850036621094,0.006149703293835573,HOLD
2024-12-09,2124.429443359375,2139.89990234375,2177.35009765625,2132.60009765625,2147.449951171875,579295,2014.167498779297,1964.8609985351563,1728.1299993896484,2038.5100201314704,64.99777349837682,49.44138003039984,32.9351146916384,16.506265338761445,2169.8925560225234,1858.4424415360704,2014.167498779297,-0.0015864071324190876,HOLD
2024-12-10,2114.35302734375,2129.75,2148.449951171875,2121.85009765625,2139.89990234375,602144,2019.8149963378905,1968.3919995117187,1732.2327496337891,2047.1995420237113,63.40427714895991,50.483107220748934,36.44471319746051,14.038394023288426,2183.5012614686084,1856.1287312071727,2019.8149963378905,-0.004743166880204597,HOLD
2024-12-11,2119.1181640625,2134.550048828125,2141.75,2119.0,2133.0,440634,2025.9049987792969,1973.1460009765624,1736.2952496337891,2055.518637909846,63.85557409916143,51.106879060209394,39.37714637001029,11.729732690199107,2196.983005819462,1854.8269917391317,2025.9049987792969,0.0022538085822867426,HOLD
2024-12-12,2112.467041015625,2127.85009765625,2154.64990234375,2115.85009765625,2135.300048828125,579397,2032.8150024414062,1977.85900390625,1740.4370001220702,2062.4073483618845,62.69341743085679,50.478705575304275,41.59745821106909,8.881247364235186,2208.5772506466305,1857.052754236182,2032.8150024414062,-0.003138811936292285,HOLD
2024-12-13,2102.39013671875,2117.699951171875,2139.5,2073.0,2129.60009765625,657401,2042.3424987792969,1982.4560034179688,1744.4779998779297,2067.6733105342646,60.885554556485616,48.60159266301753,42.99828510145878,5.603307561558751,2214.787703224569,1869.8972943340243,2042.3424987792969,-0.00477014170103196,HOLD
2024-12-16,2237.208740234375,2253.5,2281.800048828125,2135.60009765625,2135.60009765625,3835712,2056.0024963378905,1990.6220043945314,1749.13875,2085.3710904833824,72.36676303785896,57.41010817770848,45.880649716708724,11.529458460999756,2248.716303181443,1863.2886894943379,2056.0024963378905,0.06412619915912887,SELL
2024-12-17,2298.81005859375,2315.550048828125,2341.14990234375,2241.25,2255.0,2297944,2076.209997558594,2000.7650048828125,1753.8257501220703,2107.2928960400245,75.85428801531927,68.6069819697791,50.425916167322804,18.181065802456295,2287.8612445410604,1864.5587505761275,2076.209997558594,0.02753496730779892,SELL
2024-12-18,2300.3486328125,2317.10009765625,2327.699951171875,2284.60009765625,2310.0,509242,2095.4275024414064,2012.1450073242188,1758.5807507324218,2127.274534289189,75.93599166741853,76.7212661068952,55.68498615523729,21.03627995165791,2320.8348099064897,1870.0201949763232,2095.4275024414064,0.0006694084754979013,SELL
2024-12-19,2270.565673828125,2287.10009765625,2309.0,2273.199951171875,2285.0,969144,2113.915008544922,2022.695009765625,1763.1405010986327,2142.496016514623,70.93320917434997,79.81113241253433,60.5102154066967,19.300917005837633,2338.518344156918,1889.3116729329258,2113.915008544922,-0.012947217960218915,SELL
2024-12-20,2231.5498046875,2247.800048828125,2337.5,2235.449951171875,2304.89990234375,1207821,2129.212512207031,2030.9580102539062,1767.4542510986328,2152.524971973052,64.90105760991509,78.18739263251473,64.0456508518603,14.141741780654428,2346.409127244553,1912.0158971695091,2129.212512207031,-0.017183353220262876,HOLD
2024-12-23,2245.944580078125,2262.300048828125,2290.0,2233.300048828125,2236.60009765625,517522,2144.9850158691406,2038.6190112304687,1772.1020013427735,2162.9797411973445,66.04827079661183,77.18090257543372,66.67270119657499,10.508201378858729,2352.51940247741,1937.4506292608712,2144.9850158691406,0.006450751706122304,HOLD
2024-12-24,2273.94091796875,2290.5,2322.85009765625,2241.300048828125,2290.0,1220223,2160.5475158691406,2046.0460107421875,1776.8332513427733,2175.1245277499784,68.22357581484462,77.7623562985491,68.8906322169698,8.871724081579288,2362.6441734965306,1958.4508582417507,2160.5475158691406,0.012465168440624286,HOLD
2024-12-26,2305.858154296875,2322.64990234375,2329.449951171875,2268.5,2306.0,422091,2177.057513427734,2052.5430078125,1781.6052508544922,2189.174563425576,70.54093427558543,79.8963950856928,71.09178479071441,8.804610294978389,2375.4430407107134,1978.6719861447548,2177.057513427734,0.014036193994215296,SELL
2024-12-27,2299.05810546875,2315.800048828125,2343.64990234375,2282.800048828125,2343.64990234375,644394,2191.8825134277345,2058.281008300781,1786.2507513427734,2201.2341334639136,69.37999693699857,80.11143550644556,72.89571493386065,7.215720572584914,2385.144277969591,1998.6207488858781,2191.8825134277345,-0.0029491545448639966,HOLD
2024-12-30,2249.072021484375,2265.449951171875,2337.699951171875,2255.699951171875,2335.0,1401095,2204.7875122070313,2062.9780078125,1790.6967510986328,2207.349925626577,61.38312269146171,75.35043162982538,73.3866582730536,1.9637733567717817,2380.7305022198134,2028.844522194249,2204.7875122070313,-0.021741988338643048,HOLD
2024-12-31,2294.789306640625,2311.5,2316.0,2260.0,2272.60009765625,586408,2216.880017089844,2071.1340087890626,1795.4832513427734,2217.2689803288076,65.32022518052342,74.43511417853642,73.59634945415016,0.8387647243862659,2387.1624217227222,2046.5976124569654,2216.880017089844,0.020327109325149362,HOLD
2025-01-01,2258.50341796875,2274.949951171875,2325.800048828125,2262.0,2321.699951171875,347770,2227.610009765625,2078.0030078125,1799.9710009765624,2222.7624061233855,60.08419252069052,69.95404830102643,72.86788922352542,-2.9138409224989914,2383.525585220891,2071.6944343103587,2227.610009765625,-0.015812264256164776,HOLD
2025-01-02,2265.750244140625,2282.25,2296.60009765625,2222.0,2292.0,616304,2233.485009765625,2083.7370068359373,1804.5867510986327,2228.4278912544914,60.760739523391315,66.22838464765937,71.5399883083522,-5.311603660692839,2388.334723070372,2078.6352964608777,2233.485009765625,0.0032088832654821875,HOLD
2025-01-03,2238.896240234375,2255.199951171875,2293.60009765625,2245.0,2280.199951171875,313276,2239.735009765625,2089.8320068359376,1809.2357507324218,2230.9776112466234,56.91145747245403,60.396839318730144,69.3113585104278,-8.91451919169765,2387.3254253788173,2092.1445941524325,2239.735009765625,-0.011852360095574554,HOLD
2025-01-06,2193.47705078125,2209.449951171875,2296.800048828125,2188.050048828125,2270.0,504981,2243.0425048828124,2094.8700048828123,1813.7837506103515,2228.927357906171,51.02386471551496,51.49010905454088,65.74710861925041,-14.256999564709531,2384.685257262438,2101.399752503187,2243.0425048828124,-0.020286449534652973,HOLD
2025-01-07,2252.000732421875,2268.39990234375,2287.75,2211.0,2220.0,779322,2249.4675048828126,2100.540002441406,1818.4977502441407,2232.686647852607,57.17199341421659,48.62767992047338,62.323222879495006,-13.695542959021623,2383.25265738924,2115.682352376385,2249.4675048828126,0.02668082666484861,HOLD
2025-01-08,2265.8994140625,2282.39990234375,2297.800048828125,2227.550048828125,2295.0,1610259,2257.1,2107.3530004882814,1823.28125,2237.4212435184304,58.504260254681405,46.94768353428981,59.248115010453965,-12.300431476164157,2379.639379261298,2134.560620738702,2257.1,0.006171751279628879,HOLD
2025-01-09,2230.15966796875,2246.39990234375,2275.39990234375,2217.949951171875,2262.0,864248,2262.692492675781,2112.870998535156,1827.7764996337892,2238.2763538827467,53.8642088522171,42.224635841020245,55.843419176567224,-13.61878333554698,2371.8254202639037,2153.5595650876585,2262.692492675781,-0.015772871337328853,HOLD
2025-01-10,2112.913818359375,2128.300048828125,2252.0,2125.0,2231.0,716902,2262.714990234375,2115.741999511719,1831.6154998779298,2227.8024200680206,42.07486632772833,28.621978982185738,50.39913113769093,-21.777152155505192,2371.7368474609984,2153.6931330077514,2262.714990234375,-0.05257294277497393,HOLD
2025-01-13,1998.7945556640625,2013.3499755859373,2124.0,2000.050048828125,2123.39990234375,707321,2257.4974914550776,2117.4539990234375,1834.7632495117186,2207.3783777363938,34.223307976165046,8.468643931219049,42.013033696396555,-33.544389765177506,2398.9456656191787,2116.0493172909764,2257.4974914550776,-0.0540102760912311,HOLD
2025-01-14,1960.9698486328125,1975.25,2033.449951171875,1953.1500244140625,2013.050048828125,1212125,2243.584991455078,2117.622998046875,1837.5157495117187,2185.2709131900706,32.08608434740471,-10.456829091991949,31.519061138718858,-41.9758902307108,2431.102693681583,2056.0672892285734,2243.584991455078,-0.018923672509966516,HOLD
2025-01-15,1992.3414306640625,2006.8499755859373,2032.5,1959.050048828125,1992.1500244140625,804805,2228.1499877929687,2118.2939965820315,1840.3157495117186,2168.278442942058,35.67414896159558,-22.644516979766195,20.68634551502185,-43.33086249478804,2438.822318551619,2017.477657034318,2228.1499877929687,0.015997962579894942,HOLD
2025-01-16,1950.69482421875,1964.9000244140625,2059.14990234375,1958.0,2050.0,548785,2210.5399841308595,2118.87099609375,1842.6649993896485,2148.9090697489155,33.16884068774635,-35.28165297415762,9.492745817185956,-44.77439879134358,2445.954652888406,1975.1253153733126,2210.5399841308595,-0.02090338175858253,HOLD
2025-01-17,1974.5213623046875,1988.9000244140625,1997.050048828125,1937.4000244140625,1956.0,573104,2195.62998046875,2118.6749975585935,1845.0347497558594,2133.670113050358,35.94059613360062,-42.86594296435942,-0.9789919391231203,-41.8869510252363,2446.993059661892,1944.2669012756082,2195.62998046875,0.012214361902284088,HOLD
2025-01-20,1988.420166015625,2002.9000244140625,2012.3499755859373,1961.050048828125,2002.0,256443,2183.384979248047,2118.2839990234374,1847.67,2121.2158188945205,37.56723067882757,-47.20274061520877,-10.22374167434025,-36.97899894086852,2446.9533031178203,1919.8166553782737,2183.384979248047,0.0070390667344499835,HOLD
2025-01-21,1844.6173095703125,1858.050048828125,2020.0,1812.0999755859373,2011.0999755859373,3905130,2163.172479248047,2114.8,1849.4435003662109,2096.1524122215305,29.282322613308622,-61.61757738993538,-20.502508817459276,-41.115068572476105,2459.4107726394027,1866.9341858566906,2163.172479248047,-0.07232012273219313,BUY
2025-01-22,1750.4033203125,1763.1500244140625,1858.0,1731.5,1858.0,2879895,2136.80498046875,2109.7269995117185,1850.4860003662109,2064.43789909701,25.339485107947382,-79.77943062949043,-32.357893179865506,-47.42153744962493,2474.0545614470398,1799.5553994904599,2136.80498046875,-0.05107506359902203,BUY
2025-01-23,1808.7286376953125,1821.9000244140625,1849.949951171875,1757.050048828125,1770.0,1344506,2111.7674865722656,2105.91,1851.9657507324218,2041.3390538891103,31.48963719385148,-88.4130258384921,-43.56891971159083,-44.84410612690127,2464.1240314806614,1759.4109416638698,2111.7674865722656,0.0333210442597045,HOLD
2025-01-24,1745.9661865234375,1756.75,1828.050048828125,1752.4000244140625,1825.949951171875,958625,2083.8149841308596,2101.2519995117186,1853.0655004882813,2014.2353344710998,28.66928625705266,-99.36683570377795,-54.728502910028254,-44.6383327937497,2455.179213737206,1712.4507545245135,2083.8149841308596,-0.035759385005231126,BUY
2025-01-27,1674.706298828125,1685.050048828125,1782.1500244140625,1678.5999755859375,1750.0,1243015,2054.794989013672,2096.41,1853.7367504882814,1982.8843548860546,25.9180563471555,-112.53614910249871,-66.29003214852236,-46.246116953976355,2454.478855387722,1655.111122639622,2054.794989013672,-0.040813975336203234,BUY
2025-01-28,1662.680419921875,1672.949951171875,1712.1500244140625,1645.050048828125,1700.1500244140625,1340324,2022.8674865722655,2090.262998046875,1854.4395001220703,1953.3667926275614,25.473775069806635,-122.53677395324871,-77.53938050946763,-44.99739344378108,2437.1757841513854,1608.5591889931459,2022.8674865722655,-0.007180853568512724,BUY
2025-01-29,1707.8516845703125,1718.4000244140625,1723.0,1671.949951171875,1675.0,736424,1995.039990234375,2086.402998046875,1855.4090002441405,1930.9890051786567,30.30635614932062,-125.34994400271307,-87.10149320811672,-38.24845079459635,2412.6341239863423,1577.4458564824074,1995.039990234375,0.027167622803270675,HOLD
2025-01-30,1744.922607421875,1755.699951171875,1771.800048828125,1724.050048828125,1740.199951171875,1073078,1968.7124877929687,2082.8619970703126,1856.5977502441406,1914.2948095589632,34.08398301410804,-123.15001248810631,-94.31119706411464,-28.838815423991676,2376.843745996284,1560.5812295896535,1968.7124877929687,0.02170619543056107,HOLD
2025-01-31,1801.5230712890625,1812.6500244140625,1842.949951171875,1748.25,1760.199951171875,1399801,1946.5849914550781,2080.767998046875,1858.1607501220703,1904.6143538308775,39.477975360322844,-115.47997468967174,-98.54495258922606,-16.93502210044568,2337.824949417465,1555.345033492691,1946.5849914550781,0.03243724715272389,HOLD
2025-02-01,1832.92919921875,1844.25,1853.75,1765.0,1813.449951171875,534832,1928.3249938964843,2078.8159985351563,1860.0415002441407,1898.8653677517464,42.29945194616646,-105.63387893544268,-99.96273785846938,-5.671141076973299,2302.5039448663256,1554.146042926643,1928.3249938964843,0.017433026320760492,HOLD
2025-02-03,1792.777099609375,1803.8499755859373,1844.4000244140625,1778.6500244140625,1840.0,668940,1905.0974975585937,2075.955998535156,1861.7575,1889.816282783574,39.748163104107334,-99.93869043241966,-99.95792837325943,0.019237940839772705,2248.3473167427896,1561.8476783743977,1905.0974975585937,-0.021905937055205493,HOLD
2025-02-04,1813.002197265625,1824.199951171875,1836.699951171875,1798.0,1820.0,456456,1882.1875,2072.854997558594,1863.882749633789,1883.5671083443647,41.65705010876121,-92.71438582709993,-98.50921986402753,5.794834036927597,2179.7751813451628,1584.599818654837,1882.1875,0.011281412457445406,HOLD
2025-02-05,1817.2259521484373,1828.449951171875,1850.550048828125,1810.5,1830.0,433038,1861.2900024414062,2069.5749975585936,1866.051749267578,1878.317855280318,42.06983558806394,-85.65871257988829,-95.93911840719969,10.280405827311398,2107.9862052864332,1614.593799596379,1861.2900024414062,0.0023297884627557774,HOLD
2025-02-06,1786.6151123046875,1797.6500244140625,1840.0,1791.4000244140625,1835.0,294141,1844.757501220703,2065.1419970703123,1867.9247491455078,1870.6352047216271,39.86837939768606,-81.61157000415028,-93.07360872658981,11.46203872243953,2059.97101961135,1629.5439828300562,1844.757501220703,-0.0168448289974098,HOLD
2025-02-07,1813.648193359375,1824.8499755859373,1842.75,1779.300048828125,1795.75,547399,1835.332501220703,2061.4919970703127,1869.6792492675781,1866.2747067087043,42.71908458774938,-75.34088874729264,-89.52706473073037,14.186175983437735,2036.2208120577022,1634.444190383704,1835.332501220703,0.015130837928667651,HOLD
2025-02-10,1797.348876953125,1808.449951171875,1820.0,1787.9000244140625,1812.0999755859373,430268,1826.992498779297,2056.267998046875,1871.418499145508,1860.7675871337683,41.443335823480226,-70.87764026572177,-85.79717983772866,14.919539572006897,2017.5365720918692,1636.4484254667248,1826.992498779297,-0.008987053529590283,HOLD
2025-02-11,1694.285400390625,1704.75,1814.0,1693.949951171875,1809.0,719782,1811.8875,2049.15599609375,1872.5712493896485,1845.9087693115048,34.439729971623535,-74.84543154582934,-83.6068301793488,8.761398633519462,1990.5304490099397,1633.2445509900604,1811.8875,-0.057341897189179813,HOLD
2025-02-12,1630.181396484375,1640.25,1717.949951171875,1621.5,1704.75,1127995,1795.6549987792969,2038.66599609375,1873.2632495117186,1826.3222198532662,30.937692732867262,-82.2464596821435,-83.33475607990775,1.0882963977642532,1974.732207276595,1616.5777902819987,1795.6549987792969,-0.0378354597448306,HOLD
2025-02-13,1618.652587890625,1628.6500244140625,1645.300048828125,1560.0999755859375,1640.0,1555845,1777.6424987792968,2028.6349975585938,1874.0099993896483,1807.4962964781041,30.340161036442097,-88.03305858574458,-84.27441658107513,-3.758642004669454,1947.5844014525792,1607.7005961060145,1777.6424987792968,-0.007072077784445963,HOLD
2025-02-14,1561.0087890625,1570.6500244140625,1650.0,1547.800048828125,1628.6500244140625,710925,1756.0299987792969,2017.1819970703125,1874.446499633789,1784.939508662481,27.482058011387394,-96.19027358331527,-86.65758798152316,-9.53268560179211,1915.5067556342215,1596.5532419243723,1756.0299987792969,-0.03561231641577911,BUY
2025-02-17,1580.48828125,1590.25,1594.5,1536.0999755859375,1553.0999755859375,470078,1742.6399963378906,2006.1889990234374,1874.7509997558593,1766.3976506946258,29.885748368280332,-99.92153772460438,-89.31037793013941,-10.611159794464967,1910.3619412112466,1574.9180514645345,1742.6399963378906,0.012478894267517804,BUY
2025-02-18,1580.786376953125,1590.550048828125,1597.75,1556.0,1590.25,477597,1734.0099975585938,1995.405,1875.3415002441407,1749.6502600406734,29.924041702652843,-101.68225031938664,-91.78475240798886,-9.897497911397778,1913.9402102877132,1554.0797848294744,1734.0099975585938,0.00018868028808372017,BUY
2025-02-19,1592.3153076171875,1602.1500244140625,1636.5,1558.800048828125,1560.0,654144,1723.0224975585938,1984.7569995117187,1875.8587506103515,1735.6026185524247,31.48205455720145,-100.97759973785196,-93.62332187396149,-7.3542778638904736,1906.9367709773544,1539.1082241398333,1723.0224975585938,0.007293059149244607,HOLD
2025-02-20,1606.9249267578125,1616.8499755859375,1625.25,1576.75,1602.1500244140625,438467,1716.0274963378906,1974.5369970703125,1876.6077502441406,1724.292843031807,33.49980932395333,-98.10213551652441,-94.51908460247407,-3.5830509140503466,1904.8548031530331,1527.2001895227481,1716.0274963378906,0.009175140247712488,HOLD
2025-02-21,1572.090087890625,1581.800048828125,1657.0,1574.0,1620.0,496920,1710.8649963378907,1963.8189990234375,1877.019750366211,1710.7221007266946,31.144735108829977,-97.52731143187361,-95.12072996835398,-2.406581463519629,1908.2494619277982,1513.4805307479833,1710.8649963378907,-0.02167790907447098,HOLD
2025-02-24,1573.8294677734375,1583.550048828125,1606.6500244140625,1551.0,1569.050048828125,328716,1706.395001220703,1950.42,1877.6450006103516,1698.6104767363547,31.404031499740384,-95.82592718968999,-95.26176941262119,-0.5641577770688002,1910.9310930791264,1501.8589093622797,1706.395001220703,0.001106334521418395,HOLD
2025-02-25,1533.8760986328125,1543.3499755859375,1615.5,1536.050048828125,1591.9000244140625,969576,1697.6424987792968,1934.9759985351564,1878.013500366211,1683.8237623410769,28.727735239666714,-96.60774392878398,-95.53096431585377,-1.0767796129302099,1914.0137067466321,1481.2712908119615,1697.6424987792968,-0.02538604527967825,BUY
2025-02-27,1498.4947509765625,1507.75,1546.75,1501.0,1543.5,1409398,1685.2450012207032,1918.7889965820314,1878.138500366211,1667.0548325943075,26.568392408878836,-98.95921955255017,-96.21661536319306,-2.7426041893571096,1914.8956195896692,1455.5943828517372,1685.2450012207032,-0.023066690089149633,BUY
2025-02-28,1475.3873291015625,1484.5,1507.75,1451.949951171875,1478.0,2237962,1668.8375,1902.7369946289064,1877.9647503662109,1649.6686580615162,25.234348143030417,-101.52850422014444,-97.27899313458335,-4.249511085561096,1906.484055304425,1431.1909446955751,1668.8375,-0.015420328303763942,BUY
2025-03-03,1497.1031494140625,1506.3499755859375,1514.699951171875,1454.050048828125,1486.25,476343,1651.9424987792968,1887.9079931640624,1877.6257501220703,1636.0192597305088,28.850047088451305,-100.64143855148791,-97.95148221796427,-2.6899563335236394,1885.3105580116203,1418.5744395469733,1651.9424987792968,0.014718744079445845,BUY
2025-03-04,1505.7001953125,1515.0,1528.949951171875,1476.5999755859375,1476.699951171875,612214,1637.5,1872.9619921875,1876.645,1624.4936159466508,30.287364545424325,-98.10950266350983,-97.98308630707339,-0.12641635643643667,1867.199327988423,1407.800672011577,1637.5,0.005742373654368027,HOLD
2025-03-05,1559.716552734375,1569.3499755859375,1572.25,1515.0,1515.0,584437,1624.757501220703,1858.5389916992187,1875.777749633789,1619.241840674202,38.67063122363875,-90.6721246115037,-96.52089396795945,5.8487693564557475,1839.3962838061975,1410.1187186352086,1624.757501220703,0.03587457134385308,HOLD
2025-03-06,1555.443115234375,1565.050048828125,1593.0999755859375,1546.5,1590.0,461985,1611.5875061035156,1843.3869946289062,1874.9784997558593,1614.0807176412422,38.27843595262422,-84.15483255016738,-94.04768168440104,9.892849134233657,1805.9862845077448,1417.1887276992863,1611.5875061035156,-0.002739941265304524,HOLD
2025-03-07,1533.677490234375,1543.1500244140625,1577.0999755859375,1527.5,1571.5999755859375,419309,1598.8625061035157,1827.933994140625,1873.8229998779298,1607.3254135243678,36.26131093120654,-79.83667311006957,-91.20547996953476,11.368806859465195,1775.373322149001,1422.3516900580303,1598.8625061035157,-0.0139931783206938,HOLD
2025-03-10,1514.69482421875,1524.050048828125,1562.25,1512.4000244140625,1543.1500244140625,515354,1583.822509765625,1813.10599609375,1872.5027502441405,1599.39442641044,34.55123608891337,-77.06732489906972,-88.37784895544175,11.310524056372032,1729.2755114595436,1438.3695080717064,1583.822509765625,-0.012377264221727136,HOLD
2025-03-11,1571.891357421875,1581.5999755859375,1589.75,1497.1500244140625,1497.1500244140625,701768,1572.4800109863281,1798.5079956054688,1871.4070001220703,1597.6997168081066,43.23744376874068,-69.42847017872782,-84.58797320009896,15.159503021371137,1675.2002963861953,1469.759725586461,1572.4800109863281,0.03776117903874865,HOLD
2025-03-12,1561.15771484375,1570.800048828125,1601.0,1545.050048828125,1588.949951171875,431423,1565.7825134277343,1784.4249975585938,1870.2417504882812,1595.137843667156,42.10802664645825,-63.51393747334282,-80.37316605474774,16.85922858140492,1648.6892417088334,1482.8757851466353,1565.7825134277343,-0.006828481869324388,HOLD
2025-03-13,1524.086669921875,1533.5,1584.0999755859375,1529.300048828125,1579.300048828125,385694,1560.4450134277345,1769.4499975585939,1868.7460003662109,1589.2675728417125,38.379267651259035,-61.13174124346597,-76.5248810924914,15.393139849025431,1636.9886009621605,1483.9014258933084,1560.4450134277345,-0.023745892327895035,HOLD
2025-03-17,1511.11669921875,1520.449951171875,1550.9000244140625,1511.0,1513.5,449201,1555.035009765625,1754.7549975585937,1867.1845001220704,1582.7135136350612,37.140100425647134,-59.60971970214837,-73.1418488144228,13.532129112274433,1626.668692697506,1483.4013268337442,1555.035009765625,-0.00850997641221063,HOLD
2025-03-18,1511.11669921875,1520.449951171875,1520.449951171875,1520.449951171875,1520.449951171875,0,1552.5250061035156,1740.9749975585937,1865.7345001220704,1576.783650543329,37.140100425647134,-57.73793963755861,-70.06106697904997,12.323127341491357,1625.3030493304568,1479.7469628765743,1552.5250061035156,0.0,HOLD
2025-03-19,1604.3409423828125,1614.25,1622.25,1555.0,1555.0,864900,1553.7250061035156,1727.8919995117187,1864.7075,1580.3518743011073,50.4708459955649,-48.13083808912597,-65.67502120106516,17.54418311193919,1629.6739594692385,1477.7760527377927,1553.7250061035156,0.061692296254690415,HOLD
2025-03-20,1632.566650390625,1642.6500244140625,1648.3499755859375,1599.75,1634.5999755859375,484328,1556.3300048828125,1715.097001953125,1863.501000366211,1586.285031454722,53.67419366316111,-37.78987808408533,-60.0979925776692,22.308114493583872,1640.3027055941777,1472.3573041714474,1556.3300048828125,0.0175933247105855,HOLD
2025-03-21,1642.3560791015625,1652.5,1704.25,1636.1500244140625,1650.0,1247467,1558.8475036621094,1703.21900390625,1863.0372503662109,1592.5912189352246,54.76689307556899,-28.471579422749755,-53.77270994668532,25.301130523935562,1650.803482361401,1466.8915249628178,1558.8475036621094,0.005996393291048729,HOLD
2025-03-24,1664.767822265625,1675.050048828125,1699.5999755859375,1659.25,1674.449951171875,617330,1561.7575073242188,1694.15400390625,1862.1877508544922,1600.4444408297866,57.25278673183111,-19.04759134085316,-46.82768622551889,27.78009488466573,1663.9816653498424,1459.533349298595,1561.7575073242188,0.013646020470877485,HOLD
2025-03-25,1621.186767578125,1631.199951171875,1697.5,1621.050048828125,1676.050048828125,721488,1564.2275024414062,1686.5110034179688,1860.8225006103517,1603.3735370528425,51.34369162564142,-14.94507181518361,-40.45116334345184,25.50609152826823,1670.5735643715582,1457.8814405112541,1564.2275024414062,-0.026178380572525417,HOLD
2025-03-26,1609.757568359375,1619.699951171875,1659.8499755859375,1612.050048828125,1623.25,451054,1566.0349975585937,1679.4000024414063,1859.4735003662108,1604.9284336356075,49.88942249673636,-12.477911824243847,-34.85651303961024,22.378601215366395,1674.833816888192,1457.2361782289954,1566.0349975585937,-0.007050024732858984,HOLD
2025-03-27,1632.9642333984375,1643.050048828125,1678.0,1608.050048828125,1624.0,687604,1571.020001220703,1672.12400390625,1858.1922503662108,1608.5590636539425,52.811992216562835,-8.54006743911441,-29.593223919511075,21.053156480396666,1684.2504018271625,1457.7896006142437,1571.020001220703,0.014416310650226194,HOLD
2025-03-28,1627.348876953125,1637.4000244140625,1665.0,1622.050048828125,1660.5999755859375,554131,1577.5025024414062,1665.57400390625,1856.7255004882813,1611.305821821573,52.0213797721465,-5.8082532166836245,-24.836229778945587,19.027976562261962,1690.346089845078,1464.6589150377345,1577.5025024414062,-0.003438741514960153,HOLD
2025-04-01,1564.2882080078125,1573.949951171875,1635.0,1556.5,1635.0,585525,1581.975,1657.2750024414063,1855.0030004882813,1607.748119854935,44.04673567030577,-8.663296312826105,-21.60164308572169,12.938346772895585,1686.503911371521,1477.4460886284787,1581.975,-0.03875050219624421,HOLD
2025-04-02,1611.2481689453125,1621.199951171875,1626.300048828125,1560.0,1573.5999755859375,518120,1587.7174987792969,1649.6410009765625,1853.4345001220704,1609.0292466470246,50.17240736343564,-7.03219564669439,-18.68775359791623,11.65555795122184,1687.508673934999,1487.9263236235947,1587.7174987792969,0.03002001427352896,HOLD
2025-04-03,1581.233642578125,1591.0,1615.0,1587.449951171875,1600.0,367398,1591.5174987792968,1644.3,1851.8504998779297,1607.3121755377842,46.65655922909199,-8.083241706636272,-16.56685121966024,8.483609513023968,1685.56592607112,1497.4690714874737,1591.5174987792968,-0.018628147101808823,HOLD
2025-04-04,1541.0819091796875,1550.5999755859375,1599.949951171875,1536.0,1595.0,454115,1590.5799987792968,1640.0489990234375,1850.0382495117187,1601.9110136376084,42.37828502873916,-12.03738809766537,-15.660958595261267,3.623570497595896,1685.8593773195432,1495.3006202390504,1590.5799987792968,-0.02539285004026559,HOLD
2025-04-07,1474.1451416015625,1483.25,1508.0,1452.0,1457.0,543142,1586.4899963378907,1633.2759985351563,1848.135249633789,1590.6099647197411,36.38791585304656,-20.370835452504707,-16.602933966709955,-3.767901485794752,1692.2483886943542,1480.7316039814273,1586.4899963378907,-0.04343478437144144,HOLD
2025-04-08,1518.7198486328125,1528.0999755859375,1536.0,1496.1500244140625,1505.0999755859375,710100,1585.7374938964845,1628.702998046875,1846.3269995117187,1584.6566324212836,42.24289164743784,-23.0899675447115,-17.900340682310265,-5.189626862401234,1692.9232242225753,1478.5517635703936,1585.7374938964845,0.0302376373409321,HOLD
2025-04-09,1484.0340576171875,1493.199951171875,1529.949951171875,1470.449951171875,1528.949951171875,382575,1584.1949890136718,1624.86599609375,1844.3639990234376,1575.9464723022922,39.217939850780546,-27.741255689360514,-19.868523683720316,-7.872732005640199,1695.6886421387394,1472.7013358886043,1584.1949890136718,-0.02283883579062318,HOLD
2025-04-11,1537.8516845703125,1547.3499755859375,1577.800048828125,1511.0,1546.8499755859375,638767,1582.482489013672,1622.3539965820312,1842.566248779297,1573.2229964245441,45.71346877201337,-26.749627579466278,-21.24474446286951,-5.504883116596769,1695.1291411882169,1469.835836839127,1582.482489013672,0.03626441614303899,HOLD
2025-04-15,1614.7266845703125,1624.699951171875,1635.0,1565.699951171875,1590.0,531277,1585.1774841308593,1620.4799951171874,1841.5432482910155,1578.1255635433376,53.377857747705875,-19.497503485605876,-20.895296267416786,1.3977927818109102,1699.1484593477287,1471.2065089139899,1585.1774841308593,0.0499886753522889,HOLD
2025-04-16,1631.3243408203125,1641.4000244140625,1645.5999755859375,1610.199951171875,1631.800048828125,299858,1590.5724853515626,1618.1939965820313,1840.7677484130859,1584.1517026738827,54.859669576628484,-12.261246532514178,-19.168486320436266,6.907239787922087,1704.4629650816914,1476.6820056214337,1590.5724853515626,0.010278866094716177,HOLD
2025-04-17,1630.628662109375,1640.699951171875,1656.0,1620.5999755859375,1646.0,390973,1596.5849853515624,1614.7549951171875,1840.1747479248047,1589.5372501498819,54.781066218766846,-6.5079314400666135,-16.636375344362335,10.128443904295722,1707.6955579993344,1485.4744127037904,1596.5849853515624,-0.0004265098280581414,HOLD
2025-04-21,1646.033447265625,1656.199951171875,1665.0,1593.0,1617.0,856404,1603.3724853515625,1610.993994140625,1839.626997680664,1595.8860788186432,56.2748645768919,-0.6897166931055381,-13.447043614110976,12.757326921005438,1711.5979854574002,1495.1469852457249,1603.3724853515625,0.00944718745735873,HOLD
2025-04-22,1689.266357421875,1699.699951171875,1723.300048828125,1638.9000244140625,1665.0,895055,1607.6449829101562,1608.9109936523437,1839.2517474365234,1605.773114280856,60.244171739740445,7.346659153580276,-9.288303060572726,16.634962214153003,1723.7133851602653,1491.576580660047,1607.6449829101562,0.026264944621705144,HOLD
2025-04-23,1695.5277099609375,1706.0,1732.0,1676.0999755859375,1711.300048828125,931108,1610.812481689453,1606.5469946289063,1838.7654974365234,1615.3185319683932,60.79920342765473,14.06181040261663,-4.618280367934855,18.680090770551484,1733.7816367570404,1487.8433266218658,1610.812481689453,0.0037065652815848615,HOLD
2025-04-24,1668.59423828125,1678.9000244140625,1708.0,1665.0,1707.0999755859375,906152,1612.1324829101563,1603.55599609375,1838.1702478027344,1621.3739122013142,57.10595885405698,17.00089882275438,-0.2944445297970084,17.295343352551388,1737.408403754596,1486.8565620657166,1612.1324829101563,-0.01588509706092467,HOLD
2025-04-25,1596.3404541015625,1606.199951171875,1682.800048828125,1587.699951171875,1678.9000244140625,1266105,1608.6899780273438,1599.7269946289061,1837.2192474365233,1619.9287730556532,48.58041601868848,13.310424946587773,2.426529365479948,10.883895581107826,1730.599649302048,1486.7803067526397,1608.6899780273438,-0.04330220512538252,HOLD
2025-04-28,1646.6298828125,1656.800048828125,1663.0,1601.300048828125,1606.4000244140625,293983,1609.9699829101562,1596.36599609375,1836.5779974365234,1623.440323129222,53.75533377381682,14.303817307393501,4.801986953862659,9.501830353530842,1733.327148509095,1486.6128173112174,1609.9699829101562,0.031502987918367475,HOLD
2025-04-29,1610.552490234375,1620.5,1636.699951171875,1584.0,1600.0,1349828,1610.0099853515626,1592.6069970703124,1836.0642474365234,1623.1602923550104,49.877243827287295,12.023379309685879,6.246265425027303,5.777113884658576,1733.3802641845555,1486.6397065185697,1610.0099853515626,-0.02190973428193732,HOLD
2025-04-30,1631.52294921875,1641.5999755859375,1674.699951171875,1606.300048828125,1620.5,1449084,1609.937481689453,1591.3439965820312,1835.6832470703125,1624.9164526627176,52.042991356621975,11.782881730762256,7.3535886861742945,4.429293044587961,1733.2316867840188,1486.6432765948873,1609.937481689453,0.013020657566144678,HOLD
2025-05-02,1593.855712890625,1603.699951171875,1646.5,1592.199951171875,1629.300048828125,609695,1608.2524780273438,1590.6129956054688,1835.0834967041017,1622.8958334731135,48.02863990253499,8.436816076287187,7.570234164196873,0.8665819120903135,1730.9188840533905,1485.5860720012972,1608.2524780273438,-0.023087247184281234,HOLD
2025-05-05,1617.14111328125,1625.0999755859375,1635.0,1597.5,1610.0,462582,1610.8099792480468,1590.5419946289062,1834.6514965820313,1623.105751769573,50.357104850993196,7.426233068617421,7.541433945080984,-0.1152008764635628,1732.6390352340252,1488.9809232620685,1610.8099792480468,0.013344157302259019,HOLD
2025-05-06,1551.563720703125,1559.199951171875,1633.0999755859375,1551.300048828125,1625.0999755859375,449461,1607.709979248047,1590.3129931640624,1833.9589965820312,1617.019485045983,43.842906875332865,1.2928543136961252,6.291718018804012,-4.998863705107887,1731.46379768903,1483.956160807064,1607.709979248047,-0.04055136631843337,HOLD
2025-05-07,1573.754638671875,1581.5,1590.0,1540.9000244140625,1552.0,695940,1607.2349792480468,1590.1379931640624,1833.2897467041016,1613.6366769463657,46.37106533647974,-1.7483115201232522,4.6837121110185596,-6.432023631141812,1731.3141999091486,1483.155758586945,1607.2349792480468,0.014302238023650826,HOLD
2025-05-08,1547.0858154296875,1554.699951171875,1596.0,1540.0,1588.0,463835,1607.4399780273438,1589.4209912109375,1832.4259967041016,1608.0236554440332,43.81797362062596,-6.248963159460345,2.4971770569227787,-8.746140216383123,1731.157260607021,1483.7226954476666,1607.4399780273438,-0.016945968275766665,HOLD
2025-05-09,1526.6861572265625,1534.199951171875,1547.300048828125,1510.0,1510.0,666647,1609.9874755859375,1588.0619897460938,1831.5042462158203,1600.9928264657324,41.91684755981367,-11.339229108690915,-0.2701041761999601,-11.069124932490956,1725.1751364352099,1494.7998147366652,1609.9874755859375,-0.013185824045693129,HOLD
2025-05-12,1609.77734375,1617.699951171875,1621.5999755859375,1550.0,1614.0,850975,1614.4674743652345,1588.0789892578125,1831.236245727539,1602.5839811996507,51.20359708230168,-8.537138566251315,-1.9235110542102312,-6.6136275120410835,1723.365130815498,1505.5698179149708,1614.4674743652345,0.054425761085587165,HOLD
2025-05-13,1578.431640625,1586.199951171875,1628.5999755859375,1573.0,1618.0999755859375,822538,1619.1174743652343,1588.1669873046876,1830.4472454833985,1601.0235973874815,48.08046080061411,-8.757299667573307,-3.2902687768828462,-5.46703089069046,1713.9376078684445,1524.2973408620242,1619.1174743652343,-0.019472090592066338,HOLD
2025-05-14,1605.3990478515625,1613.300048828125,1627.0999755859375,1577.699951171875,1590.199951171875,640989,1622.4149780273438,1588.7619873046874,1830.0782458496094,1602.1927832389715,50.85756467494651,-6.668161120046761,-3.9658472455156293,-2.702313874531132,1711.431927580385,1533.3980284743025,1622.4149780273438,0.01708491898277309,HOLD
2025-05-15,1625.5,1633.5,1642.199951171875,1591.199951171875,1619.0,481428,1622.85498046875,1590.5649877929689,1829.5314959716798,1605.1744229304982,52.88069704744534,-3.3439891033444837,-3.8414756170814006,0.4974865137369169,1711.999661864263,1533.710299073237,1622.85498046875,0.012520889208766706,HOLD
2025-05-16,1667.99072265625,1676.199951171875,1679.0,1626.300048828125,1635.0,545987,1624.5949768066407,1593.9339868164063,1829.2662457275392,1611.9387589534865,56.91828801108125,2.7047912209259266,-2.5322222494799353,5.237013470405862,1716.437327173782,1532.7526264394994,1624.5949768066407,0.026140159884833203,HOLD
2025-05-19,1726.104736328125,1734.5999755859375,1746.0,1670.800048828125,1685.0,1063705,1629.2899780273438,1598.935986328125,1829.0142456054687,1623.6207795851485,61.746289180948956,12.071731699229076,0.38856854026186705,11.68316315896721,1732.8041851997732,1525.7757708549143,1629.2899780273438,0.034840726712367154,HOLD
2025-05-20,1690.878173828125,1699.199951171875,1761.9000244140625,1692.4000244140625,1746.0,1136840,1631.4399780273438,1602.7929858398438,1828.5407452392578,1630.8187959267416,57.53710764861503,16.44899956573272,3.600654745356038,12.848344820376681,1738.8148010754987,1524.065154979189,1631.4399780273438,-0.020408177627296742,HOLD
2025-05-21,1723.4180908203125,1731.9000244140625,1744.699951171875,1699.0,1705.0,620174,1633.049981689453,1607.130986328125,1828.0647454833984,1640.4455795922008,60.23379610401864,22.299582801649194,7.340440356614669,14.959142445034525,1745.3243936216488,1520.7755697572572,1633.049981689453,0.019244393939415794,HOLD
2025-05-22,1719.5372314453125,1728.0,1743.699951171875,1721.0,1731.9000244140625,335377,1634.1499816894532,1610.3039868164062,1827.392745361328,1648.7840958215152,59.74645100853052,26.318133727793793,11.135979030850496,15.182154696943297,1749.646577898403,1518.6533854805034,1634.1499816894532,-0.0022518761816993083,HOLD
2025-05-23,1729.786865234375,1738.300048828125,1748.9000244140625,1712.0999755859375,1730.0,286447,1637.1199829101563,1613.7689868164061,1826.8877453613281,1657.3094246792875,60.65192605302709,29.9883056279823,14.906444350276857,15.081861277705443,1759.8925944286718,1514.3473713916408,1637.1199829101563,0.005960676405164955,HOLD
2025-05-26,1732.8717041015625,1741.4000244140625,1760.300048828125,1733.4000244140625,1744.9000244140625,378639,1643.8799865722656,1617.7339868164063,1826.6979956054688,1665.3180532254567,60.93672907168649,32.76934086002234,18.479023652225955,14.290317207796384,1773.779868326258,1513.980104818273,1643.8799865722656,0.001783337455479872,HOLD
2025-05-27,1742.6234130859375,1751.199951171875,1760.9000244140625,1727.9000244140625,1735.4000244140625,467941,1648.5999816894532,1622.2769848632813,1826.923995361328,1673.497281601306,61.87616450316695,35.35653537452299,21.854525996685364,13.502009377837627,1786.6398137042354,1510.560149674671,1648.5999816894532,0.005627613770770479,HOLD
2025-05-28,1717.4473876953125,1725.9000244140625,1765.0,1716.0,1751.199951171875,717635,1653.8699829101563,1625.1629858398437,1826.9729956054687,1678.4880190120446,57.998282580434534,34.96238836817179,24.47609847098265,10.486289897189138,1795.2242934141523,1512.5156724061603,1653.8699829101563,-0.014447194759731552,HOLD
2025-05-29,1732.3740234375,1740.9000244140625,1751.9000244140625,1694.199951171875,1725.9000244140625,1013315,1658.8349853515624,1628.5649853515624,1826.821245727539,1684.4320195265225,59.61433381553281,35.451733153872055,26.671225407560534,8.780507746311521,1805.0101238326815,1512.6598468704433,1658.8349853515624,0.008691117554791461,HOLD
2025-05-30,1737.74755859375,1746.300048828125,1764.5,1717.9000244140625,1750.0,2492957,1665.964990234375,1632.820986328125,1826.82974609375,1690.3242127933418,60.20790664242611,35.86188576653831,28.50935747935609,7.352528287182217,1814.578166966626,1517.3518135021238,1665.964990234375,0.0031018578541752717,HOLD
2025-06-02,1759.4407958984375,1768.0999755859375,1784.0,1721.5999755859375,1746.9000244140625,884586,1673.114990234375,1637.7739868164062,1826.7289959716798,1697.7314282973985,62.59784852063803,37.51357344356347,30.310200672197567,7.203372771365906,1826.8475744856016,1519.3824059831484,1673.114990234375,0.012483494329878608,HOLD
2025-06-03,1788.497802734375,1797.300048828125,1814.800048828125,1772.4000244140625,1786.0,1114026,1685.0199951171876,1643.3109887695311,1826.64474609375,1707.2141540622295,65.57990716228377,40.70947620193647,32.390055778145346,8.319420423791122,1838.4991449264876,1531.5408453078876,1685.0199951171876,0.016514944655497077,HOLD
2025-06-04,1768.595703125,1777.300048828125,1826.0,1757.0999755859375,1818.0,937309,1694.8099975585938,1646.5719897460938,1826.8052465820313,1713.889001182791,61.93737711334071,41.15402136930061,34.1428488963764,7.011172472924208,1845.582397618222,1544.0375974989654,1694.8099975585938,-0.011127802513019702,HOLD
2025-06-05,1791.980712890625,1800.800048828125,1817.5,1775.699951171875,1782.199951171875,496326,1707.1150024414062,1649.734990234375,1827.2319970703124,1722.16624381568,64.43688595899528,42.90796392071934,35.89587190124499,7.012092019474352,1850.108978583767,1564.1210262990453,1707.1150024414062,0.013222303130804969,HOLD
2025-06-06,1898.8546142578125,1908.199951171875,1919.0,1803.0999755859373,1810.0,2048555,1725.8150024414062,1654.8489892578125,1827.9422467041015,1739.8837397543653,73.12348276514986,52.36066936682232,39.188831394360456,13.171837972461866,1871.2647378934857,1580.3652669893268,1725.8150024414062,0.05964010408242748,SELL
2025-06-09,1893.7796630859373,1903.0999755859373,1933.199951171875,1881.0,1929.0,1019364,1740.0850036621093,1659.4099877929686,1828.6229968261719,1755.428143166896,72.22136247126198,58.76309672808975,43.10368446110632,15.65941226698343,1895.93529491013,1584.2347124140886,1740.0850036621093,-0.002672663094245298,SELL
2025-06-10,1908.3079833984373,1917.699951171875,1942.699951171875,1901.5999755859373,1907.0,912981,1756.6600036621094,1665.1399877929687,1829.4347467041016,1770.8826010721323,73.23919307559974,64.27424901823906,47.337797372532876,16.936451645706185,1914.0248117415765,1599.2951955826422,1756.6600036621094,0.007671680822465721,SELL
2025-06-11,1891.6898193359373,1901.0,1932.9000244140625,1884.5999755859373,1918.9000244140625,482323,1771.0450012207032,1670.7659887695313,1830.2154968261718,1783.2747343033577,70.07630716208763,66.52744346526356,51.17572659107901,15.351716874184547,1925.939680862737,1616.1503215786693,1771.0450012207032,-0.008708323302438425,SELL
2025-06-12,1880.9427490234373,1890.199951171875,1911.800048828125,1885.0999755859373,1895.0,385043,1783.8799987792968,1675.7089868164062,1830.9959967041016,1793.4580882908356,68.03016089628079,66.6730768894322,54.27519665074965,12.397880238682546,1933.510437124923,1634.2495604336705,1783.8799987792968,-0.005681246095804893,HOLD
2025-06-13,1893.7796630859373,1903.0999755859373,1910.0,1850.0,1850.0,447485,1795.225,1681.0229858398438,1831.9959967041016,1803.9001727951309,69.18745190487007,67.05643178311425,56.83144367722257,10.224988105891676,1944.8849943609544,1645.5650056390455,1795.225,0.0068246877300279785,HOLD
2025-06-16,1919.4532470703125,1928.9000244140625,1933.5999755859373,1878.9000244140625,1905.0,569165,1804.9400024414062,1688.1219873046875,1832.9472467041016,1815.8049205683626,71.41608473172822,68.65072875125543,59.19530069202915,9.455428059226278,1962.6083649487703,1647.2716399340422,1804.9400024414062,0.013556854163786936,SELL
2025-06-17,1901.8399658203125,1911.199951171875,1972.0,1905.0999755859373,1940.0999755859373,948887,1815.5400024414062,1693.9219873046875,1833.8624963378907,1824.8901615782208,67.7933445526555,67.70550567562191,60.8973416887477,6.808163986874206,1971.8471238021973,1659.232881080615,1815.5400024414062,-0.009176252277545704,HOLD
2025-06-18,1886.913330078125,1896.199951171875,1931.800048828125,1888.199951171875,1917.0,317331,1823.7549987792968,1700.025986328125,1834.78724609375,1831.68157011095,64.79366689371544,64.99679237504711,61.717231826007584,3.279560549039523,1978.8809083164474,1668.6290892421462,1823.7549987792968,-0.0078484723646014,HOLD
2025-06-19,1871.09130859375,1880.300048828125,1914.0,1876.5,1907.699951171875,630360,1831.3700012207032,1706.6199877929687,1835.5729962158202,1836.3119014173476,61.678309531012076,60.865508634924026,61.54688718779087,-0.6813785528668461,1981.8284982880268,1680.9115041533796,1831.3700012207032,-0.008385140150395931,HOLD
2025-06-20,1901.5416259765625,1910.9000244140625,1920.0,1882.0,1882.0,760759,1840.0,1715.17298828125,1836.2657464599608,1843.4155321789394,65.15107900413233,59.37614753330763,61.11273925689423,-1.7365917235865993,1987.8933857012914,1692.1066142987086,1840.0,0.016273985423235215,HOLD
2025-06-23,1926.5184326171875,1936.0,1947.0999755859373,1875.0999755859373,1880.0,572393,1849.729998779297,1723.3309887695314,1837.1537463378907,1852.2331005428498,67.73401214711552,59.534895178118404,60.79717044113907,-1.262275263020669,1995.9919931322415,1703.4680044263523,1849.729998779297,0.013135158964495686,HOLD
2025-06-24,1978.2637939453125,1988.0,2003.0,1933.5,1955.0,1020962,1861.570001220703,1733.2269897460938,1838.2527465820312,1865.1632814435306,72.3125021197801,63.128957917749176,61.263527936461095,1.8654299812880808,2012.2813576344156,1710.8586448069905,1861.570001220703,0.026859504132231482,SELL
2025-06-25,1979.2589111328125,1989.0,2005.0,1966.0999755859373,2005.0,631449,1874.725,1742.059990234375,1839.2797467041016,1876.9572546393847,72.39362959341227,65.30517279446576,62.07185690806203,3.23331588640373,2021.6539262771735,1727.7960737228263,1874.725,0.0005030181086518315,SELL
2025-06-26,1972.591796875,1982.300048828125,1989.9000244140625,1952.0,1985.0,807925,1886.7950012207032,1749.2119921875,1840.2394970703126,1886.989901704979,70.89479092557183,65.73149691727667,62.80378490990496,2.92771200737171,2027.2870759688935,1746.3029264725128,1886.7950012207032,-0.003368502348856217,SELL
2025-06-27,1909.40283203125,1918.800048828125,1988.199951171875,1912.5999755859373,1982.0999755859373,1449448,1895.4200012207032,1754.7599926757812,1841.0972473144532,1890.019439526231,58.526872180350665,60.25090758993747,62.29320944591147,-2.042301855974003,2020.7099004622742,1770.1301019791322,1895.4200012207032,-0.03203349565447433,HOLD
2025-06-30,1896.267333984375,1905.5999755859373,1934.5,1895.699951171875,1924.9000244140625,592732,1902.2950012207032,1760.0579931640625,1841.9122473144532,1891.503300103346,56.327054746573424,54.21738124760327,60.67804380624984,-6.460662558646568,2013.1423960572567,1791.4476063841496,1902.2950012207032,-0.006879337557995968,HOLD
2025-07-01,1904.0291748046875,1913.4000244140625,1940.0,1901.0,1914.9000244140625,445266,1908.1,1765.2019946289063,1842.6899975585939,1893.5887024186522,57.347251667795355,49.494623692205096,58.441359783440895,-8.946736091235799,2007.9610494696565,1808.2389505303433,1908.1,0.004093224668376028,HOLD
2025-07-02,1888.6051025390625,1897.9000244140625,1920.800048828125,1878.5999755859373,1913.4000244140625,299965,1914.1299987792968,1769.16599609375,1843.4212475585937,1893.9993045134534,54.61690570993957,43.993948984218605,55.55187762359644,-11.557928639377835,1994.2915114592954,1833.9684860992982,1914.1299987792968,-0.008100762936253503,HOLD
2025-07-03,1861.8369140625,1871.0,1914.699951171875,1866.0,1902.5999755859373,458827,1917.6399963378906,1772.46599609375,1843.9387475585938,1891.808894559791,50.154013272803525,37.03707712032383,51.84891752294192,-14.811840402618088,1982.2920777541417,1852.9879149216395,1917.6399963378906,-0.014173572932203005,HOLD
2025-07-04,1860.34423828125,1869.5,1889.800048828125,1855.0999755859373,1879.0,373302,1915.7049987792968,1776.2779956054687,1844.2139978027344,1889.684237935049,49.90911121617218,31.04480341362205,47.688094701077944,-16.643291287455895,1983.6062780616614,1847.8037194969322,1915.7049987792968,-0.0008017103153393768,HOLD
2025-07-07,1835.2677001953125,1844.300048828125,1876.9000244140625,1837.5999755859373,1870.0,214956,1912.7650024414063,1781.0399975585938,1844.4259979248047,1885.36193421058,45.85782164405212,23.985962627838717,42.9476682864301,-18.961705658591384,1987.356995764278,1838.1730091185345,1912.7650024414063,-0.013479513865672588,HOLD
2025-07-08,1848.403076171875,1857.5,1862.4000244140625,1810.0,1841.0,422671,1909.7550048828125,1785.0539965820312,1844.642998046875,1882.7084166667153,48.2284419186441,19.23517506718531,38.20516964258115,-18.969994575395837,1988.0729369408266,1831.4370728247984,1909.7550048828125,0.007157160343981062,HOLD
2025-07-09,1822.1322021484373,1831.0999755859373,1862.300048828125,1825.0,1859.5,543133,1906.2600036621093,1789.26599609375,1844.7564978027344,1877.7933270399744,44.07213993357982,13.187858933162033,33.201707500697324,-20.01384856753529,1991.7400074779243,1820.7799998462942,1906.2600036621093,-0.014212664556695898,HOLD
2025-07-10,1834.0733642578125,1843.0999755859373,1858.0,1822.800048828125,1831.0999755859373,566655,1903.9050048828126,1793.29599609375,1844.7637475585936,1874.489198330066,46.33599462819597,9.256909153706602,28.412747831299182,-19.15583867759258,1993.5202923480024,1814.2897174176228,1903.9050048828126,0.006553437911635651,HOLD
2025-07-11,1826.5106201171875,1835.5,1854.0,1824.5999755859373,1845.0,235830,1900.5250061035156,1797.9319970703125,1844.656997680664,1870.7759413462504,45.091116130335095,5.465347494528714,23.82326776394509,-18.357920269416375,1994.9756360889542,1806.074376118077,1900.5250061035156,-0.004123474410833938,HOLD
2025-07-14,1795.364013671875,1804.199951171875,1846.300048828125,1796.5999755859375,1846.300048828125,956003,1894.2900024414062,1801.5139965820313,1844.1797473144532,1864.435370853453,40.29018734499947,-0.06440240131018982,19.045733730894035,-19.110136132204225,1996.5646098993288,1792.0153949834835,1894.2900024414062,-0.01705260083253879,HOLD
2025-07-15,1811.18603515625,1820.0999755859373,1853.5,1816.0999755859373,1825.0,635634,1889.7350036621094,1806.7319970703124,1843.7799969482421,1860.2129522565467,43.576663615930734,-3.1277155869420312,14.611043867326822,-17.738759454268852,1996.6028941573575,1782.8671131668614,1889.7350036621094,0.008812783973159322,HOLD
2025-07-16,1807.603759765625,1816.5,1829.9000244140625,1800.300048828125,1822.5,473363,1885.7500061035157,1811.4319970703125,1843.1549969482421,1856.0498139463994,42.9995843146487,-5.779281342233389,10.53297882541478,-16.31226016764817,1997.201965439157,1774.2980467678744,1885.7500061035157,-0.0019778999144145493,HOLD
2025-07-17,1829.6949462890625,1838.699951171875,1847.800048828125,1818.5999755859373,1824.9000244140625,363037,1883.6700012207032,1817.1119970703126,1842.5824969482421,1854.3974460631114,47.60733681121279,-6.019921867942003,7.222398686743424,-13.242320554685428,1996.9882905011928,1770.3517119402136,1883.6700012207032,0.012221277826520716,HOLD
2025-07-18,1826.01318359375,1835.0,1857.0,1827.800048828125,1848.0,499713,1879.875,1823.127998046875,1842.2732470703124,1852.550070247577,46.9264769568733,-6.4350075941829346,4.490917430558152,-10.925925024741087,1994.3690414149955,1765.3809585850045,1879.875,-0.002012264790411722,HOLD
2025-07-21,1825.6151123046875,1834.5999755859373,1853.5,1822.9000244140625,1834.9000244140625,280353,1874.804998779297,1827.4659985351564,1841.9852471923828,1850.840537422659,46.848466215450834,-6.718794568351541,2.2489750307762133,-8.967769599127754,1987.880320190142,1761.729677368452,1874.804998779297,-0.00021799695589252988,HOLD
2025-07-22,1817.2562255859373,1826.199951171875,1834.5,1781.0,1781.0,718088,1866.7149963378906,1832.2659985351563,1841.6769970703126,1848.4938149225843,45.15106997644906,-7.534654748456433,0.2922490749296842,-7.826903823386116,1968.8624594707126,1764.5675332050687,1866.7149963378906,-0.004578668116126727,HOLD
2025-07-23,1760.9334716796875,1769.5999755859375,1788.9000244140625,1750.199951171875,1770.0,4102400,1855.7449951171875,1835.3919970703125,1841.2989971923828,1840.9801159381418,35.75159391351616,-12.603094198431336,-2.28681957974252,-10.316274618688816,1949.8102997961419,1761.6796904382331,1855.7449951171875,-0.030993306921083486,HOLD
2025-07-24,1740.2352294921875,1748.800048828125,1787.0,1727.5999755859375,1785.0,692382,1844.0699951171875,1837.697998046875,1841.0009973144531,1832.2010619276639,33.03028313763798,-18.08972217896735,-5.447400099587487,-12.642322079379863,1930.019207025984,1758.120783208391,1844.0699951171875,-0.011754027489136565,HOLD
2025-07-25,1691.81787109375,1698.199951171875,1744.800048828125,1686.699951171875,1732.0,999802,1833.039990234375,1838.137998046875,1840.7514971923829,1819.4390513794935,27.538670085414637,-26.218686681265126,-9.601657415923015,-16.61702926534211,1933.2364011255715,1732.8435793431784,1833.039990234375,-0.028934181291999206,BUY
2025-07-28,1621.084716796875,1627.199951171875,1687.800048828125,1620.5,1681.0,1303405,1819.1199890136718,1835.9899975585938,1840.0894970703125,1801.1305656454347,22.009199458739502,-37.952562725159396,-15.271838477770292,-22.680724247389104,1948.2915379745275,1689.948440052816,1819.1199890136718,-0.04180897541011297,BUY
2025-07-29,1658.5435791015625,1664.800048828125,1682.699951171875,1616.300048828125,1625.0999755859375,1123541,1806.689990234375,1835.3019995117188,1839.2402471923829,1788.146706900929,30.022547865954493,-43.71382462486099,-20.96023570718843,-22.75358891767256,1944.7206149344324,1668.6593655343177,1806.689990234375,0.023107238682726905,HOLD
2025-07-30,1641.806640625,1648.0,1677.699951171875,1643.5999755859375,1677.699951171875,360307,1794.1949890136718,1833.6239990234376,1838.0839971923829,1774.799401481793,28.60816525705593,-49.069645397242766,-26.582117645199297,-22.48752775204347,1941.8452571007026,1646.544720926641,1794.1949890136718,-0.010091331292277905,BUY
2025-07-31,1623.973876953125,1630.0999755859375,1647.5999755859375,1606.199951171875,1625.0,727062,1782.1499877929687,1831.6659985351562,1836.6387469482422,1761.0185037774258,27.141019437374453,-54.13452521037607,-32.09259915823465,-22.04192605214142,1941.6050165389854,1622.694959046952,1782.1499877929687,-0.010861665299795153,BUY
2025-08-01,1583.4267578125,1589.4000244140625,1637.0,1583.5,1629.0999755859375,555688,1768.1449890136719,1828.687998046875,1834.596746826172,1744.6738866952007,24.112994979879787,-60.7325379755689,-37.820586921701505,-22.911951053867398,1942.9187026526545,1593.3712753746893,1768.1449890136719,-0.02496776380678456,BUY
2025-08-04,1603.5509033203125,1609.5999755859375,1614.4000244140625,1581.5,1596.199951171875,566757,1756.4099853515625,1826.0519970703126,1832.5002465820312,1731.8097046847947,28.383576033175757,-63.59842038500847,-42.9761536143629,-20.622266770645567,1940.427363239777,1572.392607463348,1756.4099853515625,0.012709167523337506,BUY
2025-08-05,1602.5546875,1608.5999755859375,1615.5999755859375,1585.0,1609.5999755859375,441716,1743.9649841308594,1823.1999975585939,1830.3902465820313,1720.0754447706179,28.29867362673292,-65.19877360738951,-47.42067761296823,-17.778095994421285,1932.5613911177888,1555.36857714393,1743.9649841308594,-0.0006212723752284655,BUY
2025-08-06,1598.4700927734375,1604.5,1617.9000244140625,1584.4000244140625,1609.0,492717,1732.6349853515626,1820.7719970703124,1828.8942468261719,1709.0682595543685,27.92979240256038,-66.03666921460194,-51.14387593329497,-14.892793281306972,1926.094862978871,1539.175107724254,1732.6349853515626,-0.0025487850604026807,BUY
2025-08-07,1604.447509765625,1610.5,1613.5999755859375,1589.5,1600.800048828125,359864,1721.0049865722656,1818.1639965820314,1827.2892468261718,1699.6808062634761,29.380565091239276,-65.46195301837702,-54.00749135031138,-11.454461668065633,1914.4696729649424,1527.5403001795887,1721.0049865722656,0.0037394827048924384,BUY
2025-08-08,1565.3948974609375,1571.300048828125,1616.699951171875,1563.5,1608.0,616455,1707.794989013672,1814.6639965820314,1825.167996826172,1687.4540674601094,25.73557440332631,-67.3927332656051,-56.68453973337013,-10.708193532234972,1904.241065065236,1511.348912962108,1707.794989013672,-0.024340236679214478,BUY
2025-08-11,1604.6466064453125,1610.699951171875,1612.5,1564.300048828125,1567.4000244140625,312265,1698.1199890136718,1811.51599609375,1823.469246826172,1680.1441516231346,34.5275981884819,-64.99443232344106,-58.34651825138432,-6.647914072056743,1893.6790446081702,1502.5609334191734,1698.1199890136718,0.025074715916374002,HOLD
2025-08-12,1607.834716796875,1613.9000244140625,1631.0,1598.699951171875,1619.0,309489,1687.809991455078,1807.8479956054687,1821.7509967041015,1673.8351871270324,35.1986278021607,-62.119467824380536,-59.10110816598357,-3.0183596583969674,1878.2330391383282,1497.3869437718279,1687.809991455078,0.0019867593836202513,HOLD
2025-08-13,1620.5865478515625,1626.699951171875,1641.0,1616.0,1616.0,307027,1678.3199890136718,1804.8359936523439,1819.9599963378905,1669.3461170360652,37.93854607617241,-58.138011819372196,-58.9084888966613,0.770477077289101,1860.8997257000044,1495.7402523273392,1678.3199890136718,0.00793105307899089,HOLD
2025-08-14,1613.11474609375,1619.199951171875,1635.0,1614.300048828125,1622.5999755859375,319944,1667.344989013672,1801.2039916992187,1818.34724609375,1664.5702917156661,36.95263602743443,-54.95438660952959,-58.11766843923496,3.163281829705369,1835.8924513824675,1498.7975266448764,1667.344989013672,-0.004610561397384361,HOLD
2025-08-18,1640.312255859375,1646.5,1661.0999755859375,1624.9000244140625,1630.199951171875,283877,1657.919989013672,1795.9699926757812,1816.72724609375,1662.8493115522695,42.78145129786212,-49.656050864993176,-56.42534492438661,6.769294059393431,1807.980599243644,1507.8593787836999,1657.919989013672,0.016860208529753784,HOLD
2025-08-19,1643.201416015625,1649.4000244140625,1655.0999755859375,1628.0,1647.0,129527,1648.6599914550782,1790.8959936523438,1815.0504962158202,1661.5684270629165,43.38028188453413,-44.70771121598682,-54.081818182706655,9.374106966719836,1774.9396452072629,1522.3803377028935,1648.6599914550782,0.001761326701525956,HOLD
2025-08-20,1650.6732177734375,1656.9000244140625,1671.0,1640.5999755859375,1648.699951171875,292102,1640.1949951171875,1785.6799951171874,1813.6962463378907,1661.1238172868352,44.98390099206193,-39.72302674777961,-51.21005989572125,11.487033147941638,1736.990751579723,1543.399238654652,1640.1949951171875,0.0045471079719816565,HOLD
2025-08-21,1653.462646484375,1659.699951171875,1681.199951171875,1654.699951171875,1655.0,315112,1634.6999938964843,1780.853994140625,1812.1607458496094,1660.9882109901723,45.603307979863104,-35.1416071324893,-47.99636934307487,12.85476221058557,1712.0019808283091,1557.3980069646595,1634.6999938964843,0.0016898586013376349,HOLD
2025-08-22,1651.1712646484375,1657.4000244140625,1669.4000244140625,1635.0,1661.0,585935,1630.1299926757813,1776.1979956054688,1810.581245727539,1660.6464789353047,45.15359988375411,-31.335171595406564,-44.66412979354121,13.328958198134643,1688.3653024886287,1571.894682862934,1630.1299926757813,-0.001385748524116437,HOLD
2025-08-25,1666.4136962890625,1672.699951171875,1682.5,1652.0,1665.4000244140625,401347,1628.8549926757812,1771.5899951171875,1809.2644952392577,1661.7944286721208,48.7726630906463,-26.77531858031216,-41.086367550895396,14.311048970583236,1681.9641748605802,1575.7458104909822,1628.8549926757812,0.009231281846530326,HOLD
2025-08-26,1632.04345703125,1638.199951171875,1674.4000244140625,1627.5,1671.0999755859375,308268,1629.4049926757812,1765.7759936523437,1807.4619952392577,1659.5473355768593,42.036815182338614,-25.64978908324042,-37.99905185736441,12.349262774123986,1682.661851855806,1576.1481334957564,1629.4049926757812,-0.020625336884735224,HOLD
2025-08-28,1612.7164306640625,1618.800048828125,1652.0,1610.9000244140625,1635.0,341948,1627.1049926757812,1759.9279956054688,1805.443745727539,1655.6666416007893,38.7924609480385,-26.023229247335394,-35.60388733535861,9.580658088023213,1677.9681818848537,1576.2418034667087,1627.1049926757812,-0.011842206642646014,HOLD
2025-08-29,1604.746337890625,1610.800048828125,1646.0,1600.0999755859375,1618.0,670647,1625.2449951171875,1754.2199975585938,1803.3364959716796,1651.3936327652973,37.50692264665259,-26.65742619359412,-33.814595107005715,7.157168913411596,1675.6342362843777,1574.8557539499973,1625.2449951171875,-0.004941932146463213,HOLD
2025-09-01,1632.04345703125,1638.199951171875,1641.800048828125,1604.5999755859375,1615.0,239325,1625.6499938964844,1749.3779956054686,1801.4434954833985,1650.1370916611618,44.31353545055046,-24.664768614738705,-31.984629808552313,7.319861193813608,1676.318243713956,1574.9817440790127,1625.6499938964844,0.017010120134826057,HOLD
2025-09-02,1645.59228515625,1651.800048828125,1672.0,1638.0,1638.9000244140625,215690,1628.7699951171876,1744.19599609375,1799.6387457275391,1650.2954685342058,47.37726380889409,-21.73758159758995,-29.93522016635984,8.19763856876989,1677.7831252578667,1579.7568649765085,1628.7699951171876,0.008301854512033913,HOLD
2025-09-03,1650.473876953125,1656.699951171875,1662.5,1641.0,1661.800048828125,235041,1631.1249938964843,1738.6099951171875,1797.9739953613282,1650.905419261603,48.477107400499484,-18.805604327700394,-27.709296998627952,8.903692670927558,1680.749800278603,1581.5001875143655,1631.1249938964843,0.0029664016218102773,HOLD
2025-09-04,1655.6544189453125,1661.9000244140625,1684.9000244140625,1655.199951171875,1684.9000244140625,386288,1633.7899963378907,1732.0879956054687,1796.6477453613281,1651.952524514218,49.67912927048249,-15.87934160031682,-25.34330591896573,9.463964318648909,1684.0110842104707,1583.5689084653106,1633.7899963378907,0.0031388141458621455,HOLD
2025-09-05,1622.4794921875,1628.5999755859375,1667.5,1611.699951171875,1658.0999755859375,462279,1634.9949951171875,1724.8799951171875,1794.8892449951172,1649.7284722353343,42.79395890875522,-16.062138611016962,-23.48707245737598,7.424933846359018,1683.4734033507439,1586.5165868836311,1634.9949951171875,-0.020037335783700705,HOLD
2025-09-08,1617.199462890625,1623.300048828125,1650.699951171875,1620.5,1640.0,369564,1635.6349975585938,1717.6999951171874,1793.4487451171874,1647.2114795298858,41.80098706653715,-16.445097507647233,-22.078677467430232,5.633579959782999,1683.1310084325812,1588.1389866846064,1635.6349975585938,-0.0032542839477236463,HOLD
2025-09-09,1611.3216552734375,1617.4000244140625,1634.5,1604.800048828125,1631.0,432224,1637.9399963378905,1711.6719946289063,1791.8719952392578,1644.3722933283789,40.669646170962686,-17.028385228833713,-21.06861901971093,4.040233790877217,1676.323908266426,1599.556084409355,1637.9399963378905,-0.0036345864822229235,HOLD
2025-09-10,1605.6429443359375,1611.699951171875,1642.300048828125,1608.0,1625.300048828125,680321,1637.9899963378907,1705.793994140625,1790.3437451171876,1641.2606416944263,39.55579197767632,-17.74602805844097,-20.40410082745694,2.65807276901597,1676.234194288314,1599.7457983874674,1637.9899963378907,-0.0035242198319197504,HOLD
2025-09-11,1597.7728271484375,1603.800048828125,1626.9000244140625,1597.0,1619.0,563822,1637.4849975585937,1699.6019946289061,1788.6534954833985,1637.69296618335,38.00235227858825,-18.73624153859282,-20.070528969684116,1.334287431091294,1677.2257038241944,1597.744291292993,1637.4849975585937,-0.004901596192272595,HOLD
2025-09-12,1595.8798828125,1601.9000244140625,1621.9000244140625,1594.699951171875,1611.800048828125,1178319,1636.2450012207032,1693.6819946289063,1786.928745727539,1634.2841145862749,37.6196847519975,-19.450100297797917,-19.94644323530688,0.4963429375089632,1678.7087267808035,1593.781275660603,1636.2450012207032,-0.00118470155643835,HOLD
2025-09-15,1633.836669921875,1640.0,1652.199951171875,1599.9000244140625,1608.0999755859375,515735,1637.2850036621094,1689.0619946289062,1785.2324957275391,1634.8284846256772,48.761537587755534,-16.7484234920546,-19.306839286656427,2.558415794601828,1679.0408993543833,1595.5291079698354,1637.2850036621094,0.023784240592588546,HOLD
2025-09-16,1636.8253173828125,1643.0,1649.5,1624.0,1647.0,218824,1637.1100036621094,1684.5319946289062,1783.4852459716797,1635.6067241851365,49.52600464756515,-14.201543675679432,-18.28578016446103,4.084236488781599,1678.739096015787,1595.4809113084318,1637.1100036621094,0.0018292682926828174,HOLD
2025-09-17,1650.473876953125,1656.699951171875,1662.300048828125,1637.0999755859375,1647.0,323540,1637.475,1680.7799926757812,1781.6722454833985,1637.6156029457784,52.97634189913428,-10.951410464801029,-16.81890622452903,5.867495759728001,1679.6531072068756,1595.2968927931242,1637.475,0.008338375637172879,HOLD
2025-09-18,1651.96826171875,1658.199951171875,1683.0,1653.9000244140625,1660.0,537540,1637.5399963378907,1676.7939916992189,1779.926495361328,1639.5760170625495,53.35233570446453,-8.16054928288986,-15.087234836201198,6.926685553311337,1679.8414648109458,1595.2385278648355,1637.5399963378907,0.0009054144046656276,HOLD
2025-09-19,1663.9232177734375,1670.199951171875,1680.800048828125,1646.0999755859375,1664.9000244140625,531718,1638.0649963378905,1673.5759912109374,1777.9292456054689,1642.4925822158186,56.3586677683865,-4.923714461929421,-13.054530761346843,8.130816299417422,1681.6933534612067,1594.4366392145744,1638.0649963378905,0.00723676296789133,HOLD
2025-09-22,1667.6092529296875,1673.9000244140625,1697.699951171875,1647.300048828125,1663.5999755859375,630675,1638.8899963378906,1670.1919921875,1775.9969952392578,1645.4837671870798,57.27303952508589,-2.0364595206388003,-10.850916513205235,8.814456992566434,1684.5273958100595,1593.2525968657217,1638.8899963378906,0.0022153474735713274,HOLD
2025-09-23,1659.7388916015625,1666.0,1677.800048828125,1652.300048828125,1671.5,379371,1638.554998779297,1666.8019921875,1773.503245239258,1647.4376941216437,54.6406887311534,-0.38135905527178693,-8.757005021618546,8.37564596634676,1683.2840853747325,1593.8259121838614,1638.554998779297,-0.004719531811242961,HOLD
2025-09-24,1614.0113525390625,1620.0999755859375,1669.699951171875,1607.699951171875,1665.0,749614,1637.65,1663.1199926757813,1770.9527453613282,1644.834101880148,42.4366453292604,-2.741822358396348,-7.553968488974107,4.812146130577759,1683.0978543052659,1592.2021456947343,1637.65,-0.02755103506246248,HOLD
2025-09-25,1593.8873291015625,1599.9000244140625,1629.800048828125,1590.9000244140625,1620.0999755859375,1843960,1636.7049987792968,1658.7159936523437,1768.2357452392578,1640.5546659309969,38.374525897722584,-6.171334471610635,-7.2774416855014135,1.1061072138907786,1684.4112179884894,1588.9987795701043,1636.7049987792968,-0.012468336199171537,HOLD
2025-09-26,1571.7708740234375,1577.699951171875,1609.9000244140625,1575.199951171875,1599.9000244140625,548852,1635.0499938964845,1653.9399926757812,1765.4247454833985,1634.5685026206042,34.46940728427032,-10.558891577105669,-7.933731663822265,-2.6251599132834045,1688.2198446469174,1581.8801431460515,1635.0499938964845,-0.013875912809188096,HOLD
2025-09-29,1594.7840576171875,1600.800048828125,1610.199951171875,1574.199951171875,1581.0,449206,1633.179998779297,1649.1819946289063,1762.779995727539,1631.3524594022729,41.177218832961536,-12.033364236158832,-8.753658178289578,-3.2797060578692534,1688.3676133602871,1577.9923841983068,1633.179998779297,0.014641629188802296,HOLD
2025-09-30,1576.1541748046875,1582.0999755859375,1606.699951171875,1578.300048828125,1600.800048828125,981462,1629.6949951171875,1644.123994140625,1760.017745361328,1626.66174665786,37.80368501765732,-14.543189236376065,-9.911564389906875,-4.63162484646919,1688.428156977954,1570.9618332564212,1629.6949951171875,-0.011681704567586104,HOLD
2025-10-01,1589.6036376953125,1595.5999755859375,1610.800048828125,1571.4000244140625,1587.9000244140625,307351,1626.6399963378906,1639.343994140625,1757.3564947509765,1623.7034827462485,41.52803826601565,-15.266918917613111,-10.982635295448123,-4.284283622164988,1685.7914356531023,1567.4885570226788,1626.6399963378906,0.00853296264984782,HOLD
2025-10-03,1599.36669921875,1605.4000244140625,1613.300048828125,1583.699951171875,1609.800048828125,429741,1623.8149963378905,1634.9279956054688,1754.7949951171875,1621.9602962384213,44.142871362429666,-14.87819133779044,-11.761746503916587,-3.116444833873853,1681.3349375629975,1566.2950551127835,1623.8149963378905,0.006141920893754316,HOLD
2025-10-06,1616.2032470703125,1622.300048828125,1625.0,1591.0,1610.9000244140625,151403,1623.5,1631.9819970703124,1751.6389953613282,1621.9926536279168,48.42608907939555,-13.055930558884029,-12.020583314910077,-1.035347243973952,1680.9806624498958,1566.0193375501042,1623.5,0.010526986518659465,HOLD
2025-10-07,1630.449462890625,1636.5999755859375,1641.9000244140625,1621.0,1622.5999755859375,286623,1624.1649963378907,1629.7379956054688,1748.2442449951172,1623.3838271477282,51.79445819252749,-10.338712935939611,-11.684209239115985,1.3454963031763736,1681.9280602380807,1566.4019324377007,1624.1649963378907,0.008814600460711475,HOLD
2025-10-08,1571.5716552734375,1577.5,1633.800048828125,1563.5,1625.0,596321,1622.1699951171875,1627.3239965820312,1744.546244506836,1619.0139388479445,40.12932635089579,-12.806546606460415,-11.908676712584871,-0.8978698938755443,1683.382925444628,1560.957064789747,1622.1699951171875,-0.036111436189395274,HOLD
2025-10-09,1585.4193115234375,1591.4000244140625,1603.4000244140625,1575.699951171875,1584.0,316450,1621.1549987792969,1626.607998046875,1741.067744140625,1616.3840422351936,43.36034807433635,-13.485257117496303,-12.223992793567158,-1.2612643239291454,1683.68767683149,1558.6223207271037,1621.1549987792969,0.008811425936014361,HOLD
2025-10-10,1593.58837890625,1599.5999755859375,1618.9000244140625,1585.0,1598.4000244140625,311537,1620.9449951171875,1625.3039965820312,1737.8267437744141,1614.7855596971692,45.2378759953546,-13.209205064084244,-12.421035247670575,-0.788169816413669,1683.7370675916534,1558.1529226427217,1620.9449951171875,0.0051526649780555545,HOLD
2025-10-13,1582.0322265625,1588.0,1604.0,1570.0999755859375,1592.199951171875,413785,1620.2499938964843,1624.1039965820312,1734.4552435302735,1612.2345540117244,43.06316158576913,-13.767746891609931,-12.690377576458447,-1.0773693151514845,1684.1674767762818,1556.3325110166868,1620.2499938964843,-0.007251797801314908,HOLD
2025-10-14,1565.095947265625,1571.0,1599.0,1559.0999755859375,1599.0,282907,1616.7999938964845,1622.9219970703125,1730.8577435302734,1608.3074536296556,40.02631947288069,-15.404578843186073,-13.233217829803973,-2.1713610133821,1683.4703354977712,1550.1296522951977,1616.7999938964845,-0.010705289672544027,HOLD
2025-10-15,1595.3817138671875,1601.4000244140625,1610.0,1567.699951171875,1578.5,472666,1614.7199951171874,1623.1619970703125,1727.251494140625,1607.6496032281707,47.19735209202476,-14.086373110185832,-13.403848885880345,-0.682524224305487,1680.5817641307196,1548.8582261036552,1614.7199951171874,0.019350747558283032,HOLD
2025-10-16,1680.7596435546875,1687.0999755859375,1695.699951171875,1651.0,1675.0,2609529,1616.2399963378907,1624.7119970703125,1724.1079937744141,1615.2163053574818,61.260114855958804,-6.056599030903044,-11.934398914884884,5.87779988398184,1687.1190480754012,1545.3609446003802,1616.2399963378907,0.053515642478669134,HOLD
2025-10-17,1694.1092529296875,1700.5,1724.9000244140625,1681.0,1698.699951171875,910748,1618.354998779297,1626.5499975585938,1721.2832440185548,1623.3385619901026,62.9228790022171,1.37250339508023,-9.273018452891861,10.645521847972091,1696.2893885914573,1540.4206089671366,1618.354998779297,0.00794263802262729,HOLD
2025-10-20,1694.8074951171875,1699.199951171875,1711.9000244140625,1682.0,1708.0,307160,1619.804998779297,1628.4439965820313,1718.221743774414,1630.5634561978904,62.64196302582789,7.073676575643276,-6.003679447184834,13.07735602282811,1702.4788190802099,1537.131178478384,1619.804998779297,-0.0007645097489709096,HOLD
2025-10-21,1694.6080322265625,1699.0,1708.0,1691.4000244140625,1700.0,41351,1621.0599975585938,1630.2139965820313,1715.3419940185547,1637.0812222742818,62.59567579925954,11.443845480315304,-2.5141744616848065,13.95801994200011,1707.649695325636,1534.4702997915515,1621.0599975585938,-0.00011767371564308515,HOLD
2025-10-23,1669.672607421875,1674.0,1704.800048828125,1669.5999755859375,1699.0,542574,1621.4599975585938,1632.2679956054687,1712.3007440185547,1640.5972963433978,56.931352417737656,12.743050799014554,0.5372705904550656,12.205780208559489,1708.9456750561146,1533.974320061073,1621.4599975585938,-0.014714537963507968,HOLD
2025-10-24,1695.5057373046875,1699.9000244140625,1708.0,1678.0999755859375,1680.4000244140625,449652,1625.45,1634.0519970703126,1709.5242443847656,1646.2451752072707,60.88081789002042,15.68182556551028,3.5661815854661087,12.115643980044172,1719.3662441749802,1531.5337558250199,1625.45,0.015471938120706463,HOLD
2025-10-27,1731.5123291015625,1736.0,1747.300048828125,1700.0,1705.0,1003301,1632.2549987792968,1636.4939965820313,1707.1569946289062,1654.793253758959,65.61397077676591,20.685344297505935,6.990014127874074,13.69533016963186,1736.8911738618226,1527.618823696771,1632.2549987792968,0.021236528659019704,HOLD
2025-10-28,1703.6844482421875,1708.0999755859375,1740.0,1703.0999755859375,1737.0,428250,1638.775,1638.1219970703125,1704.3554949951172,1659.8700844091475,59.610958515327894,22.144106663645516,10.020832635028363,12.123274028617153,1745.235926774565,1532.314073225435,1638.775,-0.016071442634828625,HOLD
2025-10-29,1708.9708251953125,1713.4000244140625,1722.0,1705.0,1714.699951171875,175253,1644.4049987792969,1640.0059985351563,1701.5104956054688,1664.968173933425,60.35302520139816,23.457453077381842,12.708156723499059,10.749296353882784,1754.0977554004076,1534.7122421581862,1644.4049987792969,0.003102891460616597,HOLD
2025-10-30,1745.775390625,1750.300048828125,1765.0,1721.5,1731.0,1074751,1652.8150024414062,1642.0819995117188,1699.0299963378907,1673.0950191614918,65.15336228419861,27.162698476417745,15.599065074082798,11.563633402334947,1767.775679851967,1537.8543250308455,1652.8150024414062,0.021536140940981552,HOLD
2025-10-31,1773.7030029296875,1778.300048828125,1794.9000244140625,1759.0,1760.0,1586130,1661.9500061035155,1644.66,1697.2799963378907,1683.1145457964092,68.29072054754818,31.98974033063223,18.877200125392683,13.112540205239547,1785.95303710191,1537.946975105121,1661.9500061035155,0.01599725716670508,HOLD
2025-11-03,1802.8275146484373,1807.5,1817.5999755859373,1777.0999755859375,1791.5,418317,1672.0550048828125,1647.6719995117187,1696.250746459961,1694.9607795300844,71.20255067101101,37.73639611809358,22.64903932393286,15.08735679416072,1808.3109689882708,1535.799040777354,1672.0550048828125,0.016420148664516576,SELL
2025-11-04,1776.4957275390625,1781.0999755859375,1833.699951171875,1777.5,1815.0,356588,1679.9950012207032,1650.1,1695.2799963378907,1703.1645124877848,65.358813097557,39.702732509791076,26.059777961104505,13.642954548686571,1822.1096154715015,1537.880386969905,1679.9950012207032,-0.01460582263571919,HOLD
2025-11-06,1775.797607421875,1780.4000244140625,1796.9000244140625,1768.5,1790.0,352524,1687.1850036621095,1652.56,1694.1477465820312,1710.5202755283826,65.20601044891394,40.735020101999226,28.994826389283453,11.740193712715772,1834.2543312928115,1540.1156760314075,1687.1850036621095,-0.0003929881429843851,HOLD
2025-11-07,1788.265380859375,1792.9000244140625,1801.0999755859375,1756.4000244140625,1760.0,290632,1697.9550048828125,1654.9640014648437,1693.2877465820313,1718.3659658984475,66.70313199705168,42.07672667592851,31.61120644661247,10.465520229316041,1842.849409679604,1553.0606000860212,1697.9550048828125,0.00702089408480755,HOLD
2025-11-10,1782.5799560546875,1787.199951171875,1813.0,1782.9000244140625,1794.0,202911,1707.7450012207032,1657.9440014648437,1692.2792462158204,1724.9215835435357,65.32283369081173,42.19370773104424,33.727706703498825,8.466001027545417,1848.9298153591967,1566.5601870822097,1707.7450012207032,-0.0031792476794963997,HOLD
2025-11-11,1758.143310546875,1762.699951171875,1795.0,1758.0,1795.0,408478,1715.9,1660.8219995117188,1691.0782458496094,1728.5195233176632,59.612825069408544,39.850103626294185,34.9521860880579,4.897917538236285,1849.8107005204506,1581.9892994795496,1715.9,-0.013708594823950815,HOLD
2025-11-12,1734.205322265625,1738.699951171875,1783.199951171875,1731.0,1770.199951171875,242614,1723.4349975585938,1663.3799975585937,1690.4814953613281,1729.4890878752071,54.57975294286064,35.6452844145806,35.090805753362446,0.5544786612181554,1844.005543363668,1602.8644517535195,1723.4349975585938,-0.013615476635172263,HOLD
2025-11-13,1739.691162109375,1744.199951171875,1764.699951171875,1735.199951171875,1735.199951171875,240206,1732.0949951171874,1665.4999975585938,1690.3867449951172,1730.8901224748897,55.50684484085237,32.38344275965301,34.54933315462056,-2.1658903949675548,1830.4628010724314,1633.7271891619434,1732.0949951171874,0.00316328300135571,HOLD
2025-11-14,1747.8699951171875,1752.4000244140625,1763.699951171875,1733.800048828125,1748.0,183727,1739.6449951171876,1667.5119970703124,1690.039244995117,1732.9386845643348,56.918736746220596,30.112963627566387,33.66205924920973,-3.549095621643346,1817.8398735810588,1661.4501166533164,1739.6449951171876,0.0047013378464311195,HOLD
2025-11-17,1740.6885986328125,1745.199951171875,1778.4000244140625,1740.199951171875,1760.4000244140625,150217,1742.5499938964845,1669.2819970703124,1689.9814947509765,1734.1064242412433,55.260572708455534,27.416565716981495,32.41296054276409,-4.996394825782595,1816.9452802941769,1668.154707498792,1742.5499938964845,-0.004108692731041752,HOLD
2025-11-18,1705.978515625,1710.4000244140625,1753.0,1705.4000244140625,1745.0,233440,1743.0449951171875,1670.2519970703124,1690.1082446289063,1731.84867187675,47.9844668060882,22.21550122268627,30.37346867874853,-8.15796745606226,1816.4395606078688,1669.6504296265061,1743.0449951171875,-0.01994036656627507,HOLD
2025-11-19,1704.282958984375,1708.699951171875,1722.699951171875,1689.0999755859375,1701.9000244140625,334415,1743.5199951171876,1671.8539965820312,1690.2869946289063,1729.644031809619,47.65435563825677,17.751806659714248,27.849136274941674,-10.097329615227427,1815.8891776230976,1671.1508126112776,1743.5199951171876,-0.0009939623584663826,HOLD
2025-11-20,1704.08349609375,1708.5,1724.9000244140625,1698.0,1715.0,154835,1743.9949951171875,1673.5579956054687,1690.237494506836,1727.6303144944172,47.612867410288345,14.036359752966064,25.086580970546557,-11.050221217580493,1815.3060748673104,1672.6839153670646,1743.9949951171875,-0.00011701947538411694,HOLD
2025-11-21,1651.1207275390625,1655.4000244140625,1715.0,1649.0,1714.9000244140625,204081,1743.0649963378905,1674.3179956054687,1689.7359948730468,1720.7512392486692,38.12117574235608,6.7295430726985614,21.41517339097696,-14.685630318278399,1818.3761137289964,1667.7538789467847,1743.0649963378905,-0.031079880354660472,HOLD
2025-11-24,1602.945556640625,1607.0999755859375,1668.5999755859375,1600.0999755859375,1655.4000244140625,808792,1738.4249938964845,1674.22599609375,1688.7082446289062,1709.927309376028,31.893099210724657,-2.924856148247045,16.54716748313216,-19.472023631379205,1832.8193810466264,1644.0306067463425,1738.4249938964845,-0.029177267195716672,HOLD
2025-11-25,1625.3873291015625,1629.5999755859375,1649.0,1604.699951171875,1613.0,660500,1733.1049926757812,1674.7419946289062,1687.634994506836,1702.277087110305,37.052351840557655,-8.660640652996335,11.505605855906461,-20.166246508902795,1838.7671499340752,1627.4428354174872,1733.1049926757812,0.014000373555974166,HOLD
2025-11-26,1658.501708984375,1662.800048828125,1666.4000244140625,1631.699951171875,1637.5999755859375,166675,1730.8399963378906,1675.9599951171874,1686.929744873047,1698.5173691786688,43.815562574833244,-10.407353261010257,7.123014032523118,-17.530367293533374,1840.4186324527172,1621.261360223064,1730.8399963378906,0.02037314294279491,HOLD
2025-11-27,1657.3046875,1661.5999755859375,1680.0,1651.699951171875,1680.0,419476,1728.2499938964843,1676.3919946289063,1686.1167449951172,1695.001426931742,43.6330710975516,-11.752990312124439,3.347813163593607,-15.100803475718045,1841.7341364574831,1614.7658513354854,1728.2499938964843,-0.0007217183106491554,HOLD
2025-11-28,1642.9417724609375,1647.199951171875,1666.800048828125,1641.5999755859375,1665.0,225018,1723.094989013672,1676.4759936523437,1685.2104949951172,1690.4489054308021,41.40461976159054,-13.82204703976413,-0.08615887707794023,-13.735888162686189,1841.3698181704815,1604.8201598568623,1723.094989013672,-0.00866636051134062,HOLD
2025-12-01,1614.715087890625,1618.9000244140625,1656.199951171875,1612.0,1649.0,393897,1715.1249877929688,1675.7199951171874,1684.3167449951172,1683.6347262863508,37.36568290751749,-17.543130689794452,-3.577553239621243,-13.96557745017321,1838.8046139971257,1591.445361588812,1715.1249877929688,-0.017180626272893518,HOLD
2025-12-02,1628.379638671875,1632.5999755859375,1640.0,1616.0,1618.9000244140625,575858,1706.3799865722656,1675.2079956054688,1683.3554949951172,1678.7742738386924,40.39682335993599,-19.165714302861943,-6.695185452269383,-12.47052885059256,1827.4014586526534,1585.3585144918777,1706.3799865722656,0.008462506001155612,HOLD
2025-12-03,1636.35888671875,1640.5999755859375,1645.5999755859375,1620.0,1632.5999755859375,295186,1699.3549865722657,1674.61599609375,1682.5162451171875,1675.138626386049,42.15717276236237,-19.58037993358016,-9.27222434853154,-10.308155585048622,1818.508588372362,1580.2013847721694,1699.3549865722657,0.004900159328453224,HOLD
2025-12-04,1659.399169921875,1663.699951171875,1675.5,1630.5999755859375,1633.0,221691,1693.5199829101562,1674.4119946289063,1682.3109948730469,1674.0492287466038,47.02265485440356,-17.839389085451785,-10.985657295915589,-6.853731789536196,1807.5462449251572,1579.493720895155,1693.5199829101562,0.014080199884001221,HOLD
2025-12-05,1653.4146728515625,1657.699951171875,1706.0,1643.199951171875,1661.0,644702,1686.7599792480469,1674.2459936523437,1682.3982446289062,1672.4921546918679,45.94169930843202,-16.75069951400701,-12.138665739533874,-4.612033774473137,1792.1190521176845,1581.4009063784092,1686.7599792480469,-0.0036064195324245762,HOLD
2025-12-08,1605.8380126953125,1610.0,1671.0,1595.0,1660.0,542113,1677.8999816894532,1674.043994140625,1682.304994506836,1666.54052091169,38.38672317093029,-19.511970746511906,-13.61332674092948,-5.898644005582426,1777.6362203382862,1578.1637430406201,1677.8999816894532,-0.028774779861792554,HOLD
2025-12-09,1623.79150390625,1628.0,1650.0,1611.0,1612.9000244140625,776484,1671.1649841308595,1674.6059936523438,1682.5917443847657,1662.8699951105766,42.24634513465278,-20.017103811904235,-14.894082155124433,-5.123021656779802,1765.1100276458726,1577.2199406158463,1671.1649841308595,0.011180124223602483,HOLD
2025-12-10,1622.19580078125,1626.4000244140625,1656.300048828125,1616.0999755859375,1639.5999755859375,583559,1665.5499877929688,1675.5799951171875,1682.772494506836,1659.3966645680514,41.99452602718294,-20.312381572990944,-15.977742038697738,-4.334639534293206,1756.0383540871107,1575.0616214988268,1665.5499877929688,-0.000982785986448076,HOLD
2025-12-11,1628.5792236328125,1632.800048828125,1650.0,1613.0999755859375,1626.4000244140625,421136,1659.9799926757812,1676.2199951171874,1682.983744506836,1656.8636535452015,43.44667326511838,-19.801701158213746,-16.74253386260094,-3.0591672956128058,1743.8930036138984,1576.066981737664,1659.9799926757812,0.003935086275203448,HOLD
2025-12-12,1655.5093994140625,1659.800048828125,1677.0,1640.0999755859375,1640.0999755859375,374480,1655.3499938964844,1677.7739965820313,1683.2719946289062,1657.1433102388132,49.222089817315634,-17.02208885423488,-16.79844486092773,-0.22364399330714946,1727.7886567263033,1582.9113310666655,1655.3499938964844,0.01653601126443993,HOLD
2025-12-15,1651.619384765625,1655.9000244140625,1658.4000244140625,1637.5,1653.800048828125,205973,1650.8849975585938,1678.9799975585938,1683.4672448730469,1657.0249020650276,48.45237740114958,-14.961459066720863,-16.43104770208636,1.469588635365497,1710.4926534898495,1591.277341627338,1650.8849975585938,-0.002349695324335044,HOLD
2025-12-16,1622.5946044921875,1626.800048828125,1658.0,1620.0999755859375,1655.300048828125,179405,1646.7049987792968,1679.407998046875,1683.6922448730468,1654.1463446138941,43.04373382273003,-15.497870145276465,-16.244412190724383,0.7465420454479172,1700.4710880288212,1592.9389095297724,1646.7049987792968,-0.017573509968534795,HOLD
2025-12-17,1605.73828125,1609.9000244140625,1649.0999755859375,1599.199951171875,1628.0,265395,1641.7650024414063,1679.1599975585937,1683.8239947509765,1649.9324093567673,40.23472139367679,-17.089671426232144,-16.413464037825936,-0.6762073884062083,1689.6755910527766,1593.854413830036,1641.7650024414063,-0.010388507442101735,HOLD
2025-12-18,1653.9134521484375,1658.199951171875,1671.0,1597.800048828125,1615.9000244140625,516729,1639.25,1679.5919970703126,1684.3982446289062,1650.7197942915395,50.23115544999541,-14.289069481329534,-15.988585126526655,1.6995156451971205,1677.110706280951,1601.389293719049,1639.25,0.030001817519936802,HOLD
2025-12-19,1670.96923828125,1675.300048828125,1679.0,1646.4000244140625,1650.5999755859375,430811,1640.2450012207032,1681.547998046875,1685.2359948730468,1653.0607709140713,53.21476361463337,-10.567916925350573,-14.904451486291439,4.336534560940866,1680.7076941212342,1599.7823083201722,1640.2450012207032,0.01031244612217308,HOLD
2025-12-22,1658.501708984375,1662.800048828125,1692.0,1658.0999755859375,1680.0,391434,1643.0300048828126,1682.9759985351564,1686.1274951171874,1653.9883211916,50.816562406014484,-8.529202906559703,-13.629401770345092,5.100198863785389,1681.6076152911764,1604.4523944744487,1643.0300048828126,-0.007461349988465482,HOLD
2025-12-23,1658.202392578125,1662.5,1676.0999755859375,1655.300048828125,1676.0999755859375,292963,1644.6750061035157,1684.2339990234375,1686.908245239258,1654.7989572685906,50.7574307942762,-6.858656468935351,-12.275252710063144,5.4165962411277935,1683.6256275792339,1605.7243846277975,1644.6750061035157,-0.0001804479307878637,HOLD
2025-12-24,1668.0767822265625,1672.4000244140625,1692.0,1659.0999755859375,1668.9000244140625,325645,1645.1550048828126,1685.9219995117187,1687.695245361328,1656.475249377683,52.712619606799876,-4.68191692529922,-10.75658555311036,6.074668627811141,1685.2082346070483,1605.1017751585769,1645.1550048828126,0.005954901903195475,HOLD
2025-12-26,1676.255615234375,1680.5999755859375,1700.0,1663.5999755859375,1671.0,314160,1646.1050048828124,1688.1139990234376,1688.2514953613281,1658.7728423498977,54.330095393811334,-2.2690118682803586,-9.05907081614436,6.790058947864001,1688.5058655897146,1603.7041441759102,1646.1050048828124,0.004903103953701526,HOLD
2025-12-29,1666.181640625,1670.5,1696.5999755859375,1664.199951171875,1688.0,258029,1647.2700073242188,1689.4959985351563,1688.7787451171876,1659.8897145070503,51.9720294332992,-1.158397561308675,-7.478936165177223,6.320538603868548,1690.9871371683714,1603.5528774800662,1647.2700073242188,-0.00600974397992371,HOLD
2025-12-30,1641.9443359375,1646.199951171875,1675.0,1638.199951171875,1675.0,205339,1648.6350036621093,1688.677998046875,1689.2939947509765,1658.5859275227479,46.71823132338982,-2.2135224687874597,-6.4258534258992706,4.212330957111811,1690.3841641299555,1606.885843194263,1648.6350036621093,-0.014546572180858974,HOLD
2025-12-31,1666.2813720703125,1670.5999755859375,1675.699951171875,1640.0,1640.0,162447,1650.5350036621094,1688.0799975585937,1690.0267443847656,1659.730122576385,51.968675713984425,-1.0685212610605959,-5.354386992931536,4.28586573187094,1692.6493714362089,1608.4206358880099,1650.5350036621094,0.01482202960624135,HOLD
2026-01-01,1691.5159912109375,1695.9000244140625,1703.0,1650.0,1677.0,115765,1653.3000061035157,1688.0139990234375,1690.5982446289063,1663.1748751323544,56.729924403557256,1.8589738510665939,-3.9117148241319097,5.770688675198503,1699.504930992517,1607.0950812145143,1653.3000061035157,0.015144288996683075,HOLD
2026-01-02,1725.52783203125,1730.0,1736.0,1680.300048828125,1699.0,404480,1656.615008544922,1688.6339990234376,1691.3942443847657,1669.5391727387969,62.172684795371914,6.851636463137993,-1.7590445666779293,8.610681029815922,1713.5876700635065,1599.6423470263373,1656.615008544922,0.020107302963050078,HOLD
2026-01-05,1735.501953125,1740.0,1757.0999755859375,1726.300048828125,1745.0,259143,1660.7300109863281,1689.9539990234375,1692.4267443847657,1676.2497277160544,63.617955749846,11.482906185266302,0.8893455837109168,10.593560601555385,1728.3208914365182,1593.139130536138,1660.7300109863281,0.005780346820809301,HOLD
2026-01-06,1721.8375244140625,1726.300048828125,1752.199951171875,1715.199951171875,1740.0,166994,1666.5450134277344,1690.4819995117186,1693.4559948730468,1681.016424964823,60.22317961508522,13.887660931795608,3.489008653327855,10.398652278467754,1735.671341813074,1597.4186850423948,1666.5450134277344,-0.00787353515625,HOLD
2026-01-07,1704.282958984375,1708.699951171875,1732.4000244140625,1695.699951171875,1720.0,298613,1670.580010986328,1689.9359985351562,1694.397244873047,1683.6529512702566,56.08278491755227,14.20946770442606,5.633100463547496,8.576367240878565,1739.656697343303,1601.503324629353,1670.580010986328,-0.010195271481453938,HOLD
2026-01-08,1717.5484619140625,1722.0,1746.9000244140625,1707.9000244140625,1710.0,564739,1675.360009765625,1690.2139990234375,1694.9359948730469,1687.3050511492797,58.40976303074073,15.360636817939394,7.578607734425876,7.7820290835135175,1744.7763180517009,1605.943701479549,1675.360009765625,0.007783724005495207,HOLD
2026-01-09,1682.539306640625,1686.9000244140625,1732.199951171875,1665.300048828125,1725.5,857630,1678.065008544922,1689.6839990234375,1695.157244873047,1687.2664771744971,50.76505919030961,13.287501896395952,8.720386566819892,4.56711532957606,1744.8012064820266,1611.3288106078173,1678.065008544922,-0.020383261083587345,HOLD
2026-01-12,1653.31494140625,1657.5999755859375,1690.800048828125,1638.0999755859375,1686.9000244140625,464576,1677.9550048828125,1687.8299975585937,1695.1827447509766,1684.4410960708249,45.42092440750582,9.174500534009667,8.811209360257847,0.3632911737518203,1744.8183990233206,1611.0916107423045,1677.9550048828125,-0.01736916735080507,HOLD
2026-01-13,1652.8162841796875,1657.0999755859375,1681.800048828125,1629.0999755859375,1670.0,443321,1678.0150024414063,1685.40599609375,1695.0929943847657,1681.837179834169,45.33322120964546,5.807624816652606,8.210492451536798,-2.402867634884192,1744.8012367555227,1611.2287681272899,1678.0150024414063,-0.00030164093108364654,HOLD
2026-01-14,1644.1387939453125,1648.4000244140625,1666.9000244140625,1637.5,1654.0,212916,1679.0950012207031,1682.2239965820313,1695.1789947509765,1678.652688841778,43.750255356187594,2.4095622686402294,7.050306414957484,-4.640744146317255,1743.1773747285315,1615.0126277128747,1679.0950012207031,-0.005250106390713549,HOLD
2026-01-15,1644.1387939453125,1648.4000244140625,1648.4000244140625,1648.4000244140625,1648.4000244140625,0,1681.020001220703,1679.5699975585937,1695.3224951171876,1675.771482705805,43.750255356187594,-0.28019684753598995,5.584205762458789,-5.864402609994779,1738.661786859027,1623.3782155823792,1681.020001220703,0.0,HOLD
2026-01-16,1660.1971435546875,1664.5,1686.4000244140625,1640.199951171875,1645.0,290688,1681.3350036621093,1677.2519970703124,1695.429744873047,1674.6980081623951,47.671895500599945,-1.1000363152056707,4.247357346925897,-5.347393662131568,1738.541731383963,1624.1282759402557,1681.3350036621093,0.009767031877872201,HOLD
2026-01-19,1650.6219482421875,1654.9000244140625,1670.800048828125,1631.199951171875,1660.0,443429,1680.3150024414062,1674.4919970703124,1695.5172448730468,1672.8124859006493,45.62912796269715,-2.495634676329928,2.8987589422747324,-5.39439361860466,1738.6324576009097,1621.9975472819028,1680.3150024414062,-0.005767483079565983,HOLD
2026-01-20,1519.8609619140625,1523.800048828125,1616.0,1505.4000244140625,1616.0,4119917,1673.3650024414062,1669.2239990234375,1695.2664953613282,1658.6208252270756,27.99001294057291,-14.018729625076503,-0.4847387711955151,-13.533990853880988,1763.0630904766556,1583.6669144061568,1673.3650024414062,-0.07921927225323178,BUY
2026-01-21,1498.7156982421875,1502.5999755859375,1547.4000244140625,1493.0,1528.300048828125,1474447,1665.3700012207032,1664.0219995117188,1694.6734954833985,1643.7616966898242,26.224536683452712,-24.578211799396286,-5.303433376835669,-19.274778422560615,1781.983019545772,1548.7569828956343,1665.3700012207032,-0.013912634573342686,BUY
2026-01-22,1476.37353515625,1480.199951171875,1519.9000244140625,1472.0,1515.0999755859375,1544248,1655.7599975585938,1658.8519995117188,1694.1194952392577,1628.1843875928766,24.46839301061786,-34.35811332171579,-11.114369365811694,-23.243743955904097,1797.4529494056683,1514.0670457115193,1655.7599975585938,-0.014907510167719518,BUY
2026-01-23,1452.1036376953125,1453.9000244140625,1484.5999755859375,1442.0,1481.0,1123854,1644.425,1653.0460009765625,1693.6359954833983,1611.585876813942,22.558321074827546,-43.726883733595514,-17.636872239368458,-26.090011494227056,1810.52451467246,1478.3254853275398,1644.425,-0.01776782031170232,BUY
2026-01-27,1465.7867431640625,1467.5999755859375,1485.0,1425.5,1454.800048828125,933670,1634.2799987792969,1647.35,1693.5577453613282,1597.8729338398464,25.807355342637706,-49.475902809151194,-24.004678353325005,-25.47122445582619,1816.7486297879213,1451.8113677706724,1634.2799987792969,0.009422897683350806,BUY
2026-01-28,1481.367431640625,1483.199951171875,1500.0999755859375,1454.0,1468.699951171875,494506,1626.1299987792968,1642.11,1693.3332452392578,1586.9516973952777,29.437652181204584,-52.171849584464326,-29.638112599552873,-22.533736984911453,1819.9488069640695,1432.311190594524,1626.1299987792968,0.010629582887332178,BUY
2026-01-29,1500.0443115234375,1501.9000244140625,1506.0,1467.4000244140625,1479.9000244140625,1167446,1617.695001220703,1637.94,1693.3767456054688,1578.8515380637334,33.62999880511795,-52.1977638696269,-34.150042853567676,-18.04772101605922,1817.6255771955466,1417.7644252458595,1617.695001220703,0.012607924661413694,HOLD
2026-01-30,1489.0579833984375,1490.9000244140625,1496.9000244140625,1475.5999755859375,1496.9000244140625,661202,1607.445001220703,1633.5840014648438,1693.0944958496093,1570.4752034304315,32.4101682519117,-52.50071365008603,-37.82017701287135,-14.68053663721468,1811.2688793797097,1403.6211230616964,1607.445001220703,-0.00732405607642983,HOLD
2026-02-02,1472.1788330078125,1474.0,1480.0,1429.0,1450.0,1040919,1594.645001220703,1628.8940014648438,1692.34099609375,1561.2870888180094,30.57522894883708,-53.4879188313389,-40.95372537656486,-12.53419345477404,1798.2288449627297,1391.0611574786765,1594.645001220703,-0.011335451161927801,HOLD
2026-02-03,1526.112060546875,1528.0,1550.4000244140625,1510.0,1510.0,810972,1584.0450012207032,1626.3460009765624,1691.7739959716796,1558.116889882961,41.89516123594933,-49.344128943929036,-42.6318060900377,-6.712322853891337,1778.105913143465,1389.9840892979414,1584.0450012207032,0.03663500678426046,HOLD
2026-02-04,1543.091064453125,1545.0,1549.9000244140625,1505.5999755859375,1528.0,425682,1574.979998779297,1625.1040014648438,1691.2954962158203,1556.86766227506,44.93894466843175,-44.179118303434734,-42.94126853271711,-1.2378497707176237,1758.251772845437,1391.7082247131568,1574.979998779297,0.011125654450261813,HOLD
2026-02-05,1546.986328125,1548.9000244140625,1558.800048828125,1511.199951171875,1551.0,508888,1566.9900024414062,1623.4900024414062,1690.7589965820312,1556.1088396216314,45.642445229670486,-39.31787875088935,-42.216590576351564,2.8987118254622146,1739.885956362937,1394.0940485198755,1566.9900024414062,0.0025242876466424757,HOLD
2026-02-06,1530.7064208984375,1532.5999755859375,1552.0999755859375,1505.0,1544.699951171875,899859,1557.520001220703,1620.8860009765624,1689.9234967041016,1553.8699001896607,43.16038946209457,-36.36143708488953,-41.045559878059166,4.684122793169635,1715.5238053228727,1399.5161971185335,1557.520001220703,-0.010523628750210179,HOLD
2026-02-09,1562.3673095703125,1564.300048828125,1571.199951171875,1539.699951171875,1552.0,409080,1551.3900024414063,1618.9400024414062,1689.2149969482423,1554.8632476790383,48.97212878563412,-31.101980511468582,-39.05684400474105,7.9548634932724696,1697.9377772434455,1404.8422276393671,1551.3900024414063,0.020683853417176268,HOLD
2026-02-10,1566.9615478515625,1568.9000244140625,1582.800048828125,1552.5,1570.4000244140625,252206,1546.9550048828125,1617.37400390625,1688.664996948242,1556.2000835585643,49.77465259652007,-26.259935508212266,-36.4974623054353,10.237526797223033,1685.529107733506,1408.3809020321191,1546.9550048828125,0.0029405967156899138,HOLD
2026-02-11,1575.3511962890625,1577.300048828125,1580.199951171875,1551.5,1569.0,174621,1542.9650085449218,1616.5420043945312,1688.5204974365233,1558.2096040604272,51.28144889561792,-21.496964563705205,-33.49736275708928,12.000398193384072,1672.9530199995913,1412.9769970902523,1542.9650085449218,0.00535408520832914,HOLD
2026-02-12,1564.6644287109375,1566.5999755859375,1578.9000244140625,1555.0,1578.0,196740,1538.8750061035157,1615.2220043945313,1688.0694970703125,1559.0086870628568,49.25438525423856,-18.373879614380257,-30.472666128547473,12.098786514167216,1660.1943551835259,1417.5556570235055,1538.8750061035157,-0.006783790598457906,HOLD
2026-02-13,1545.6878662109375,1547.5999755859375,1556.5999755859375,1515.300048828125,1539.0,494872,1533.8350036621093,1613.3620043945311,1687.7049969482423,1557.922143112674,45.792942293965794,-17.233298761041624,-27.824792655046306,10.591493894004682,1644.437250719159,1423.2327566050596,1533.8350036621093,-0.012128175856056411,HOLD
2026-02-16,1562.16748046875,1564.0999755859375,1568.4000244140625,1536.9000244140625,1544.800048828125,217779,1528.8150024414062,1611.3700048828125,1687.3174969482423,1558.5105081101276,49.13595623240263,-14.827051098043512,-25.22524434364575,10.398193245602236,1623.1578922453507,1434.4721126374618,1528.8150024414062,0.01066166985028083,HOLD
2026-02-17,1548.9837646484375,1550.9000244140625,1567.300048828125,1542.800048828125,1563.0999755859375,82828,1523.6150024414062,1609.2340063476563,1687.0534973144531,1557.785700139074,46.65698174615537,-13.825832639627151,-22.94536200284203,9.11952936321488,1599.1827465025917,1448.0472583802207,1523.6150024414062,-0.008439327011005249,HOLD
2026-02-18,1539.395751953125,1541.300048828125,1557.4000244140625,1526.9000244140625,1546.300048828125,232076,1524.4900024414062,1607.8600073242187,1686.634497680664,1556.2156381094599,44.88344058279294,-13.64965289541965,-21.086220181357557,7.436567285937908,1600.4502997499596,1448.5297051328528,1524.4900024414062,-0.00618993838082138,HOLD
2026-02-19,1500.84326171875,1502.699951171875,1540.0,1494.5,1540.0,430460,1524.4950012207032,1605.3540063476562,1686.351997680664,1551.1189060201662,38.53981908893228,-16.435278801791128,-20.156031905444273,3.720753103653145,1600.4495486748997,1448.5404537665067,1524.4950012207032,-0.02504385676598031,HOLD
2026-02-20,1521.3179931640625,1523.199951171875,1532.9000244140625,1494.0,1499.0999755859375,546965,1526.645001220703,1603.2900048828126,1686.0604974365235,1548.4599579393764,43.13640689542377,-16.79512498140639,-19.483850520636697,2.688725539230308,1599.8469712634,1453.443031178006,1526.645001220703,0.013642111310387062,HOLD
2026-02-23,1519.9197998046875,1521.800048828125,1533.0,1505.0,1530.0,179026,1530.0400024414062,1601.0700048828126,1685.8959979248048,1545.9209189764001,42.90045028979932,-16.997331434664602,-18.98654670344228,1.9892152687776772,1595.299121862335,1464.7808830204774,1530.0400024414062,-0.0009190535639611586,HOLD
2026-02-24,1510.031982421875,1511.9000244140625,1529.9000244140625,1497.0,1510.0,428982,1532.2550048828125,1598.1120043945311,1685.7844982910156,1542.680833779987,41.18472576316389,-17.751799048627618,-18.739597172479346,0.9877981238517286,1591.6282993354316,1472.8817104301934,1532.2550048828125,-0.006505469901703642,HOLD
2026-02-25,1516.2242431640625,1518.0999755859375,1529.699951171875,1492.9000244140625,1511.9000244140625,228439,1534.0000061035157,1595.3560034179689,1685.2864984130858,1540.339799666268,42.72945966014517,-17.646023449860877,-18.520882427955655,0.8748589780947782,1589.423839326046,1478.5761728809855,1534.0000061035157,0.004100767955393048,HOLD
2026-02-26,1542.4918212890625,1544.4000244140625,1548.0,1505.4000244140625,1525.0,460946,1536.1250061035157,1593.7080029296876,1685.0774987792968,1540.7264877374864,48.864772492341736,-15.264046952288936,-17.869515332822314,2.6054683805333774,1589.69075169114,1482.5592605158915,1536.1250061035157,0.01732431938020018,HOLD
2026-02-27,1520.9185791015625,1522.800048828125,1553.699951171875,1501.0999755859375,1540.0,788586,1537.7200073242188,1591.9660034179688,1684.624998779297,1539.0192078413568,44.63548615557585,-14.946951772131342,-17.28500262068412,2.338050848552779,1587.5754392077938,1487.8645754406439,1537.7200073242188,-0.013985997956800333,HOLD
2026-03-02,1488.858154296875,1490.699951171875,1511.0999755859375,1465.0,1490.0,442316,1538.5550048828125,1588.6160034179688,1683.9109985351563,1534.4173738728348,39.20487114437766,-17.088871295616173,-17.245776355670532,0.15690506005435978,1584.5213455468304,1492.5886642187945,1538.5550048828125,-0.021079653682013366,HOLD
2026-03-04,1452.60302734375,1454.4000244140625,1466.0,1429.0,1461.0,807048,1534.8750061035157,1584.1980029296874,1682.8019989013671,1526.7966739243802,34.1456038762764,-21.46798905343576,-18.09021889522358,-3.3777701582121793,1593.636093839381,1476.1139183676505,1534.8750061035157,-0.024350927716390025,HOLD
2026-03-05,1480.268798828125,1482.0999755859375,1490.0,1459.5999755859375,1470.0,1232606,1531.7300048828124,1580.5840014648438,1681.539498901367,1522.5398455111952,40.45977044845915,-22.444589607208172,-18.9610930376205,-3.483496569587672,1594.5777492348152,1468.8822605308096,1531.7300048828124,0.01904562067305693,HOLD
2026-03-06,1472.778076171875,1474.5999755859375,1491.800048828125,1469.300048828125,1482.0999755859375,424324,1528.0150024414063,1576.8260009765625,1680.4164990234376,1517.9741436135514,39.359380880047944,-23.552244290565795,-19.879323288209562,-3.672921002356233,1595.010824198646,1461.0191806841665,1528.0150024414063,-0.005060387371664921,HOLD
2026-03-09,1467.684326171875,1469.5,1475.0,1430.0,1455.0999755859375,569223,1524.8600036621094,1572.7680004882814,1679.1044989013672,1513.3575585074989,38.59078477777804,-24.558498926370476,-20.815158415841744,-3.743340510528732,1596.4785820488296,1453.2414252753892,1524.8600036621094,-0.0034585485354501344,HOLD
2026-03-10,1492.154052734375,1494.0,1506.0,1466.5,1486.800048828125,196842,1521.3450012207031,1569.0360009765625,1677.934498901367,1511.5139815067846,44.22545644546598,-23.11259017748398,-21.27464476817019,-1.8379454093137895,1591.7663355885502,1450.923666852856,1521.3450012207031,0.01667233752977193,HOLD
2026-03-11,1486.9605712890625,1488.800048828125,1516.800048828125,1470.0,1501.0,509201,1517.3400024414063,1565.402001953125,1676.6869989013671,1509.350749823103,43.316985263562856,-22.13117526625524,-21.4459508677872,-0.6852243984680406,1585.564213776697,1449.1157911061157,1517.3400024414063,-0.0034805563399431527,HOLD
2026-03-12,1468.4833984375,1470.300048828125,1490.4000244140625,1452.800048828125,1473.5,480014,1511.9900024414062,1561.88400390625,1675.3314990234376,1505.6316354426287,40.15651308037509,-22.585836800007655,-21.67392805423129,-0.9119087457763655,1577.2859673011965,1446.694037581616,1511.9900024414062,-0.012426114584400905,HOLD
2026-03-13,1450.3057861328125,1452.0999755859375,1470.4000244140625,1440.5999755859375,1460.0,703160,1506.2650024414063,1557.51400390625,1673.835999145508,1500.5333821229437,37.27514228830224,-24.13652234235269,-22.166446911855573,-1.9700754304971184,1571.4828968949346,1441.047107987878,1506.2650024414063,-0.01237847557489613,HOLD
2026-03-16,1416.347900390625,1418.0999755859375,1464.0999755859375,1395.5,1464.0999755859375,1082381,1499.7900024414062,1551.9580029296876,1672.2969989013673,1492.6825815003717,32.57304151570963,-27.788637541143316,-23.29088503771312,-4.4977525034301955,1572.581276973901,1426.9987279089114,1499.7900024414062,-0.02341436579549605,HOLD
2026-03-17,1456.498291015625,1458.300048828125,1469.0999755859375,1427.300048828125,1435.0,552398,1494.5000061035157,1546.52400390625,1670.8839990234376,1489.4080545792053,41.90446665392061,-27.1264582782419,-24.057999685818878,-3.0684585924230205,1563.0839847285702,1425.9160274784613,1494.5000061035157,0.028347841431685783,HOLD
2026-03-18,1470.9803466796875,1472.800048828125,1484.800048828125,1441.0999755859375,1456.800048828125,764797,1490.5950073242188,1541.1800048828125,1669.5164990234375,1487.826339745769,44.86822132663059,-25.141828277071,-24.274765404069306,-0.8670628730016929,1554.6321159272902,1426.5578987211475,1490.5950073242188,0.00994308408043465,HOLD
2026-03-19,1444.013671875,1445.800048828125,1458.0,1424.4000244140625,1458.0,783557,1485.8200073242188,1535.5700048828126,1667.9049993896485,1483.8238358488506,40.7041457899821,-25.454248324278296,-24.510661988111107,-0.9435863361671899,1548.243289781908,1423.3967248665294,1485.8200073242188,-0.018332427420465702,HOLD
2026-03-20,1444.013671875,1445.800048828125,1478.5999755859375,1435.0999755859375,1449.0,758939,1482.9750122070313,1530.3120068359376,1666.1474993896484,1480.2025227992578,40.7041457899821,-25.408944961557154,-24.690318582800316,-0.7186263787568379,1547.2215928060878,1418.728431607975,1482.9750122070313,0.0,HOLD
2026-03-23,1409.7559814453125,1411.5,1445.800048828125,1391.199951171875,1420.0,556616,1477.3900146484375,1524.1020068359376,1664.3184991455078,1473.6594253898047,35.80794237610087,-27.820076478916008,-25.316270162023457,-2.5038063168925504,1545.9537124688377,1408.8263168280373,1477.3900146484375,-0.023723922859130164,HOLD
2026-03-24,1442.01611328125,1443.800048828125,1450.5,1418.0999755859375,1434.0,329509,1473.4900146484374,1519.2400073242188,1662.533499145508,1470.8156752410732,42.78716998206899,-26.815459653191283,-25.616108060257027,-1.1993515929342564,1540.3581505010318,1406.621878795843,1473.4900146484374,0.022883491907987885,HOLD
2026-03-25,1497.8470458984375,1499.699951171875,1507.0,1451.0,1452.9000244140625,435229,1472.8800109863282,1516.0820068359376,1660.4909991455079,1473.5665586630544,52.427180543299365,-21.26352594574928,-24.74559163735548,3.482065691606202,1538.5472445126716,1407.2127774599849,1472.8800109863282,0.03871720491291142,HOLD
2026-03-27,1455.1998291015625,1457.0,1488.300048828125,1451.0,1478.0,1265278,1469.8250122070312,1512.0800073242187,1658.260499267578,1471.988791171335,46.045019574100785,-20.077664861654966,-23.812006282215382,3.7343414205604155,1532.405515552279,1407.2445088617835,1469.8250122070312,-0.028472329507318483,HOLD
2026-03-30,1417.2467041015625,1419.0,1473.5999755859375,1408.0,1436.0,1438928,1463.5550109863282,1507.4920068359374,1655.7669995117187,1466.9422396312077,41.23429268780141,-21.95110515347119,-23.439826056466543,1.4887209029953539,1519.7992784430874,1407.310743529569,1463.5550109863282,-0.026080988332189414,HOLD
2026-04-01,1472.67822265625,1474.5,1498.9000244140625,1428.800048828125,1439.0999755859375,819778,1461.1400085449218,1504.0140063476563,1653.6344995117188,1467.6620263329974,49.528392327920365,-18.74139478206257,-22.500139801585753,3.7587450195231824,1510.7590807823815,1411.520936307462,1461.1400085449218,0.03911205073995783,HOLD
2026-04-02,1505.0382080078125,1506.9000244140625,1513.199951171875,1414.0,1452.0,807999,1461.9500122070312,1500.8620068359376,1651.7179998779297,1471.3989785311942,53.64186202305627,-13.428469953403692,-20.68580583194934,7.25733587854565,1513.9448742111056,1409.955150202957,1461.9500122070312,0.02197356691357233,HOLD
2026-04-06,1518.0220947265625,1519.9000244140625,1526.9000244140625,1483.4000244140625,1506.9000244140625,288582,1465.2250122070313,1498.1620068359375,1649.8020001220702,1476.0181257581341,55.21888760851713,-8.07585397706498,-18.163815460972472,10.087961483907492,1522.8514253753594,1407.5985990387032,1465.2250122070313,0.008626982407180517,HOLD
2026-04-07,1558.3721923828125,1560.300048828125,1569.4000244140625,1498.9000244140625,1503.0999755859375,637494,1469.1350158691407,1498.8920068359375,1647.9590002441407,1484.0449755743239,59.796126809079446,-0.5673824870502813,-14.644528866188034,14.077146379137753,1539.9202588226583,1398.3497729156231,1469.1350158691407,0.02658071173440324,HOLD
2026-04-08,1633.7789306640625,1635.800048828125,1657.800048828125,1607.0999755859375,1633.0,882020,1477.19501953125,1501.5560083007813,1646.5820007324219,1498.4978396937336,66.65548056613954,11.34458101637506,-9.446706889675417,20.791287906050478,1578.6847700933536,1375.7052689691463,1477.19501953125,0.04838812897346556,HOLD
2026-04-09,1651.45703125,1653.5,1668.9000244140625,1616.0,1620.4000244140625,1071322,1486.39501953125,1505.0220092773438,1645.3685009765625,1513.2599501990921,68.03248088360446,21.95999489725523,-3.165366532289288,25.125361429544515,1613.5423987085564,1359.2476403539436,1486.39501953125,0.010820363518484477,HOLD
2026-04-10,1669.634521484375,1671.699951171875,1707.0,1652.5,1652.5,631938,1495.2800170898438,1509.3780078125,1644.3255004882812,1528.3494741012619,69.43040039342986,31.47850620912277,3.763408015993124,27.715098193129645,1645.9674409103934,1344.5925932692942,1495.2800170898438,0.011006925413894697,HOLD
2026-04-13,1683.1177978515625,1685.199951171875,1694.4000244140625,1605.9000244140625,1620.5,627290,1505.1000122070313,1513.7300073242188,1643.1970001220702,1543.2876147746535,70.46220975456124,39.654222978145754,10.94157100842365,28.712651969722103,1676.932747027488,1333.2672773865747,1505.1000122070313,0.00807561188868644,SELL
2026-04-15,1703.592529296875,1705.699951171875,1720.0,1689.199951171875,1705.4000244140625,908276,1516.8700073242187,1518.1800073242186,1642.0454998779296,1558.7554563362935,72.00731830199963,47.24312673760096,18.201882154259113,29.041244583341847,1708.6464845782023,1325.0935300702351,1516.8700073242187,0.012164728574638461,SELL
2026-04-16,1708.2867431640625,1710.4000244140625,1740.0999755859375,1695.0,1715.0,968742,1529.785009765625,1522.3500073242187,1640.6575,1573.1977961532239,72.36425209188405,53.02540046318768,25.16658581604483,27.85881464714285,1736.5766202733646,1322.9933992578856,1529.785009765625,0.0027555099822558216,SELL
2026-04-17,1708.4864501953125,1710.5999755859375,1728.0,1700.5,1725.0999755859375,508006,1544.410009765625,1526.7440063476563,1639.2654998779296,1586.2837180039585,72.38038693544576,56.967344353490034,31.526737523533875,25.44060682995616,1758.772573375414,1330.0474461558363,1544.410009765625,0.000116903162430404,SELL
2026-04-20,1692.805908203125,1694.9000244140625,1719.0,1681.0999755859375,1717.5999755859375,669526,1556.240008544922,1531.1620068359375,1637.8284997558594,1596.628128138254,68.97516579509049,58.15414366860887,36.85221875254888,21.30192491605999,1776.3263030299115,1336.1537140599323,1556.240008544922,-0.00917803776215842,HOLD
2026-04-21,1721.77001953125,1723.9000244140625,1754.0,1710.300048828125,1724.0,1310590,1568.7950073242187,1535.0800073242187,1636.853999633789,1608.7492611169023,71.63017178980195,60.734637221267576,41.62870244629262,19.105934774974955,1796.9111966915684,1340.678817956869,1568.7950073242187,0.01711015374492386,SELL
2026-04-22,1731.4580078125,1733.5999755859375,1751.0,1715.0,1724.0,473102,1583.1850036621095,1538.8520068359376,1635.9939996337891,1620.6398053520486,72.47853877417904,62.8380440899532,45.87057077502474,16.967473314928462,1814.734763806058,1351.635243518161,1583.1850036621095,0.0056267480912484125,SELL
2026-04-23,1705.5899658203125,1707.699951171875,1736.9000244140625,1701.4000244140625,1736.9000244140625,245047,1596.2799987792969,1542.0280053710937,1634.965499267578,1628.9312478110799,66.7396685116416,61.703810554155325,49.03721873085086,12.666591823304465,1824.8740606049878,1367.685936953606,1596.2799987792969,-0.01494002352261714,HOLD
2026-04-24,1684.9156494140625,1687.0,1735.5,1681.699951171875,1712.0999755859375,517538,1610.054998779297,1545.116005859375,1633.9109991455077,1634.4616051624057,62.48150539916312,58.460710561637825,50.921917097008254,7.5387934646295705,1825.2607996687918,1394.849197889802,1610.054998779297,-0.012121538773641194,HOLD
2026-04-27,1721.1707763671875,1723.300048828125,1735.0,1690.0,1697.0,758413,1624.0299987792969,1548.296005859375,1633.1724993896485,1642.9224093210455,66.51607473737369,58.14933172117844,52.36740002184229,5.781931699336148,1830.3527576595218,1417.707239899072,1624.0299987792969,0.021517515606475968,HOLD
2026-04-28,1708.1868896484375,1710.300048828125,1727.4000244140625,1700.0,1725.0,442797,1634.5600036621095,1551.1240063476562,1632.376499633789,1649.339327369339,63.86726406188163,56.205666456189874,53.13505330871182,3.0706131474780562,1835.8619385263617,1433.2580687978573,1634.5600036621095,-0.007543666008040906,HOLD
2026-04-29,1698.19921875,1700.300048828125,1730.300048828125,1693.800048828125,1714.5,371647,1646.7250061035156,1553.5840063476562,1631.656499633789,1654.1927294130328,61.827648277821794,53.24461057671192,53.156964762311844,0.08764581440007646,1832.4381170302402,1461.011895176791,1646.7250061035156,-0.005846927272703861,HOLD
2026-04-30,1667.537109375,1669.5999755859375,1700.0999755859375,1658.0999755859375,1700.0999755859375,482607,1659.2550048828125,1555.6440063476562,1630.7169995117188,1655.6600861914046,55.92311590392651,47.86891012102956,52.09935383405539,-4.230443713025835,1812.8592797492363,1505.6507300163887,1659.2550048828125,-0.01805567979801359,HOLD
2026-05-04,1691.6072998046875,1693.699951171875,1708.9000244140625,1665.4000244140625,1669.0,227992,1670.2150024414063,1558.566005859375,1630.0299993896485,1659.2829304752588,59.21584585744154,45.034169524475374,50.686316972139394,-5.652147447664021,1798.7614748567305,1541.6685300260822,1670.2150024414063,0.014434580700972921,HOLD
2026-05-05,1664.2412109375,1666.300048828125,1691.0999755859375,1656.5999755859375,1684.0,173520,1678.1850036621095,1560.6100073242187,1629.1459997558593,1659.9512274612462,54.25346801379991,40.11426181001593,48.5719059397147,-8.457644129698771,1782.7738216845726,1573.5961856396464,1678.1850036621095,-0.016177542146583845,HOLD
2026-05-06,1671.33251953125,1673.4000244140625,1682.300048828125,1655.5999755859375,1679.0,280328,1685.8600036621094,1563.0600073242188,1628.3354998779296,1661.2320652662763,55.29882200964978,36.368870492893166,46.1312988503504,-9.762428357457232,1761.3381503636917,1610.381856960527,1685.8600036621094,0.0042609226297092295,HOLD
2026-05-07,1672.930419921875,1675.0,1684.4000244140625,1659.5,1681.0,274067,1691.5950012207031,1565.7340063476563,1627.6895001220703,1662.5432971456785,55.54534850474437,33.14762041376434,43.534563163033184,-10.38694274926884,1740.9500143991318,1642.2399880422745,1691.5950012207031,0.0009561226022436475,HOLD
2026-05-08,1700.8958740234375,1703.0,1715.0,1666.9000244140625,1681.0,467360,1694.9549987792968,1569.7400073242188,1627.1040002441407,1666.3963164651377,59.73084086309255,32.47971655788024,41.323593842002595,-8.843877284122357,1737.3125063594282,1652.5974911991655,1694.9549987792968,0.016716417910447756,HOLD
2026-05-11,1632.68017578125,1634.699951171875,1712.800048828125,1630.5999755859375,1712.800048828125,709846,1694.0149963378906,1571.9700073242188,1626.195,1663.3776150086367,47.88695459738738,26.13785389751797,38.28644585310567,-12.148591955587698,1740.631032180911,1647.3989604948702,1694.0149963378906,-0.04010572450271577,HOLD
2026-05-12,1624.6900634765625,1626.699951171875,1712.0,1622.5999755859375,1669.0,863433,1691.7649963378906,1574.0680053710937,1625.135,1659.8845041670404,46.718430953272716,20.233114161934736,34.67577951487148,-14.442665352936743,1746.1660589259145,1637.3639337498666,1691.7649963378906,-0.004893864463790476,HOLD
2026-05-13,1616.699951171875,1618.699951171875,1643.0999755859375,1610.0999755859375,1638.0,324400,1688.4399963378905,1576.20400390625,1624.0534997558593,1655.9621657865484,45.522164637194024,14.738140133634943,30.688251638624173,-15.95011150498923,1751.4823100019862,1625.3976826737949,1688.4399963378905,-0.0049179321572099255,HOLD
2026-05-14,1637.5999755859375,1637.5999755859375,1644.5,1599.4000244140625,1625.4000244140625,242992,1685.0349975585937,1578.59400390625,1623.0684997558594,1654.2133857674426,48.85417883341034,11.77269929396789,26.905141169692918,-15.132441875725029,1751.256727974008,1618.8132671431792,1685.0349975585937,0.011676051760166839,HOLD
2026-05-15,1617.199951171875,1617.199951171875,1652.800048828125,1610.4000244140625,1644.0,151680,1680.3749938964843,1580.0500024414061,1622.0234997558593,1650.6882967583408,45.61142733583958,7.687834018531703,23.061679739460676,-15.373845720928973,1751.7199084235226,1609.030079369446,1680.3749938964843,-0.012457269612967226,HOLD
2026-05-18,1600.699951171875,1600.699951171875,1610.0,1571.0,1610.0,280672,1674.8799926757813,1581.6080004882813,1621.178999633789,1645.927501940582,43.118478752133,3.083591036141115,19.066061998796766,-15.98247096265565,1752.7017714926174,1597.0582138589452,1674.8799926757813,-0.010202819996404044,HOLD
2026-05-19,1622.0,1622.0,1628.5999755859375,1590.699951171875,1600.5999755859375,277433,1671.2349914550782,1584.2340014648437,1620.5449993896484,1643.648692231955,47.135336643735464,1.1402867138776855,15.48090694181295,-14.340620227935265,1751.7469999602617,1590.7229829498947,1671.2349914550782,0.013306709238374959,HOLD
2026-05-20,1626.699951171875,1626.699951171875,1644.800048828125,1596.5,1600.300048828125,230768,1666.3749877929688,1587.68,1620.1874993896483,1642.0345264167092,48.00780729907844,-0.02031500311795753,12.380662552826768,-12.400977555944726,1745.3031690367243,1587.4468065492133,1666.3749877929688,0.002897627109663903,HOLD
2026-05-21,1654.4000244140625,1654.4000244140625,1682.199951171875,1635.0,1639.9000244140625,403175,1662.414990234375,1591.1260009765624,1620.3234997558593,1643.2121928926476,52.93763109079201,1.2803056197310525,10.160591166207626,-8.880285546476573,1735.159554461699,1589.670426007051,1662.414990234375,0.017028385119353118,HOLD
2026-05-22,1659.5999755859375,1659.5999755859375,1678.0,1633.699951171875,1654.4000244140625,286005,1660.009991455078,1594.8260009765625,1620.2974993896485,1644.7729341015324,53.822795477531876,2.699530923483053,8.668379117662711,-5.9688481941796585,1729.7242286823594,1590.2957542277968,1660.009991455078,0.0031431039018006146,HOLD
2026-05-25,1712.4000244140625,1712.4000244140625,1720.0,1671.0,1671.0999755859375,618288,1661.2799926757812,1599.6840014648437,1620.6194995117187,1651.2136093693923,61.69994799262862,7.992665402187868,8.533236374567743,-0.5405709723798751,1733.7842977770435,1588.7756875745188,1661.2799926757812,0.03181492504510519,HOLD
2026-05-26,1693.699951171875,1693.699951171875,1718.0,1685.0999755859375,1713.800048828125,352712,1659.7999877929688,1603.6780004882812,1620.9374993896483,1655.2599276362953,57.93078680829762,10.556879844506739,8.937965068555542,1.6189147759511968,1728.276449947158,1591.3235256387795,1659.7999877929688,-0.010920388329582087,HOLD
2026-05-27,1692.5999755859375,1692.5999755859375,1710.199951171875,1681.0999755859375,1700.0,326144,1658.9149841308595,1607.7539990234375,1621.4534991455077,1658.8161226791183,57.70747258351956,12.357826100499096,9.621937274944253,2.7358888255548433,1725.1796772197076,1592.6502910420113,1658.9149841308595,-0.0006494512709741551,HOLD
2026-05-28,1692.5999755859375,1692.5999755859375,1692.5999755859375,1692.5999755859375,1692.5999755859375,0,1658.52998046875,1612.1999975585939,1621.8684991455077,1662.0336324797677,57.707472583519554,13.627993952339466,10.423148610423297,3.204845341916169,1723.9119936891018,1593.1479672483981,1658.52998046875,0.0,HOLD
2026-05-29,1707.0999755859375,1707.0999755859375,1744.0,1684.199951171875,1691.0,1489810,1660.40498046875,1617.2999975585938,1622.3609991455078,1666.3256651565457,60.06120066306758,15.62453008751504,11.463424905841647,4.161105181673394,1729.0201761582182,1591.7897847792817,1660.40498046875,0.0085667022386553,HOLD
2026-06-01,1649.4000244140625,1649.4000244140625,1711.5999755859375,1641.0999755859375,1707.199951171875,304709,1658.1899841308593,1621.9259985351562,1622.5854992675781,1664.7136993715474,48.49519317116826,12.407865369597175,11.652312998592754,0.7555523710044216,1725.2043933360842,1591.1755749256345,1658.1899841308593,-0.03379998359619818,HOLD
2026-06-02,1674.699951171875,1674.699951171875,1689.4000244140625,1615.5999755859375,1639.0,359161,1658.6099792480468,1626.2539965820313,1622.9064990234374,1665.6647709715785,52.78826288908985,11.764514059947487,11.6747532108637,0.08976084908378645,1725.927039715597,1591.2929187804966,1658.6099792480468,0.015338866486800384,HOLD
2026-06-03,1637.4000244140625,1637.4000244140625,1670.0,1618.199951171875,1670.0,280743,1656.8099792480468,1629.54599609375,1623.236998901367,1662.9728903470532,46.618708276360806,8.150902619456701,10.969983092582302,-2.8190804731256005,1724.373652768669,1589.2463057274247,1656.8099792480468,-0.0222726027618928,HOLD
2026-06-04,1631.9000244140625,1631.9000244140625,1646.800048828125,1620.800048828125,1625.5,212157,1654.65498046875,1633.2679956054687,1623.342999267578,1660.0135697820065,45.76927385038859,4.788091347055342,9.73360474347691,-4.945513396421568,1722.5092338330096,1586.8007271044903,1654.65498046875,-0.0033589837046498205,HOLD
2026-06-05,1633.4000244140625,1633.4000244140625,1657.0,1626.5999755859375,1628.5,241380,1651.174981689453,1637.0199951171876,1623.4404992675782,1657.4789464136306,46.05794961554578,2.2185031268315925,8.230584420147846,-6.012081293316253,1715.8175727752655,1586.5323906036406,1651.174981689453,0.000919173955241881,HOLD
2026-06-08,1600.4000244140625,1600.4000244140625,1635.199951171875,1590.0,1617.0,145282,1649.4599853515624,1640.7979956054687,1623.308999633789,1652.0428586041478,40.899805068197956,-2.452467736612334,6.09397398879581,-8.546441725408144,1717.4911081093433,1581.4288625937816,1649.4599853515624,-0.020203256707944428,HOLD
2026-06-09,1632.5,1632.5,1639.0,1604.5,1604.5,331753,1649.7499877929688,1644.5719946289062,1623.3754998779298,1650.1816339751813,47.1053011068911,-3.5234301300436073,4.170493165027926,-7.693923295071533,1717.4391423708853,1582.0608332150523,1649.7499877929688,0.020057470067641248,HOLD
2026-06-10,1591.5999755859375,1591.5999755859375,1640.300048828125,1586.4000244140625,1639.0,204605,1648.3949890136719,1646.4099951171875,1623.1009997558594,1644.602428414301,41.173233247264434,-7.5850301906339155,1.819388493895558,-9.404418684529473,1719.5141945056264,1577.2757835217174,1648.3949890136719,-0.025053613729900448,HOLD
2026-06-11,1582.699951171875,1582.699951171875,1597.9000244140625,1575.0999755859375,1594.0,162537,1645.6499877929687,1648.923994140625,1622.7674993896485,1638.7069543912128,39.992987385133844,-11.390729847310695,-0.8226351743456923,-10.568094672965003,1722.2506561936186,1569.0493193923187,1645.6499877929687,-0.0055918726756615245,HOLD
2026-06-12,1622.800048828125,1622.800048828125,1635.0,1591.0999755859375,1601.5,524612,1645.9299926757812,1652.9999951171876,1622.5969995117186,1637.192011004252,47.32022596974074,-11.043726291247822,-2.866853397726118,-8.176872893521704,1722.1526390079562,1569.7073463436063,1645.9299926757812,0.025336512853594728,HOLD
2026-06-15,1669.4000244140625,1669.4000244140625,1695.0,1650.0,1671.0,1241710,1649.3649963378907,1656.8979956054689,1622.6454998779298,1640.2594408528055,54.303320379603065,-6.9286260078047235,-3.6792079197418395,-3.249418088062884,1723.2819224124717,1575.4480702633098,1649.3649963378907,0.028715783943677353,HOLD
2026-06-16,1704.800048828125,1704.800048828125,1713.0,1666.0999755859375,1682.0,777948,1653.5049987792968,1660.85599609375,1622.8825,1646.4061654218835,58.7740391591236,-0.801652316716627,-3.1036967991367974,2.3020444824201705,1730.0555956643634,1576.9544018942302,1653.5049987792968,0.02120523774790728,HOLD
2026-06-17,1694.800048828125,1694.800048828125,1697.9000244140625,1650.5999755859375,1668.4000244140625,602476,1656.9100036621094,1664.3539965820312,1622.9930004882813,1651.0151066986684,57.0753177229254,3.2100980374600567,-1.8409378318174268,5.0510358692774835,1734.4404606884405,1579.3795466357783,1656.9100036621094,-0.0058657905405821165,HOLD
2026-06-18,1694.199951171875,1694.199951171875,1709.0,1679.699951171875,1699.0,313625,1658.9,1667.0319946289062,1623.2730004882812,1655.1279490294498,56.96890804264441,6.268753937385554,-0.2189994779768305,6.487753415362385,1738.0958298327855,1579.7041701672147,1658.9,-0.00035408168454142963,HOLD
2026-06-19,1683.5,1683.5,1694.0,1665.4000244140625,1694.0,168755,1660.0950012207031,1667.9859936523437,1623.5965002441405,1657.8300491218831,54.99993607159714,7.740140615212795,1.3728285406610945,6.3673120745517,1740.0149696770868,1580.1750327643194,1660.0950012207031,-0.006315636571984196,HOLD
2026-06-22,1691.0999755859375,1691.0999755859375,1700.0,1675.4000244140625,1690.0,205827,1659.0299987792969,1668.7379931640626,1623.9979998779297,1660.9986135470313,56.15897343999417,9.410995573469108,2.9804619472226976,6.430533626246411,1736.6686684877275,1581.3913290708663,1659.0299987792969,0.00451439001243692,HOLD
2026-06-23,1704.4000244140625,1704.4000244140625,1739.800048828125,1683.0,1690.0,956892,1659.5650024414062,1669.3919946289063,1624.3290002441406,1665.1320812486533,58.188549195594305,11.673794714250107,4.71912850062818,6.954666213621927,1738.2917758025699,1580.8382290802426,1659.5650024414062,0.00786473243458996,HOLD
2026-06-24,1753.0999755859375,1753.0999755859375,1765.699951171875,1693.300048828125,1715.9000244140625,957281,1662.5900024414063,1670.7499951171876,1624.8354998779296,1673.5099759474424,64.64300802890725,17.19850473610245,7.215003747723035,9.983500988379415,1750.2986034675175,1574.8814014152952,1662.5900024414063,0.028573075847389218,HOLD
2026-06-25,1749.199951171875,1749.199951171875,1784.0,1737.5999755859375,1768.4000244140625,806191,1665.4200012207032,1671.6199951171875,1625.2979998779297,1680.718545016436,63.79369875856396,21.019873834311284,9.975977765040685,11.043896069270598,1760.187612078981,1570.6523903624254,1665.4200012207032,-0.0022246446114739804,HOLD
2026-06-26,1749.199951171875,1749.199951171875,1749.199951171875,1749.199951171875,1749.199951171875,0,1667.525,1672.3959936523438,1625.7344995117187,1687.2405836979065,63.79369875856396,23.774281260721864,12.735638464176922,11.038642796544941,1767.6226919738383,1567.4273080261619,1667.525,0.0,HOLD
2026-06-29,1754.0999755859375,1754.0999755859375,1779.0,1739.300048828125,1751.0,576931,1672.7599975585938,1673.2659936523437,1626.3619995117188,1693.6081448301,64.47383039563935,26.052245935404926,15.398959958422525,10.653285976982401,1779.2647837058757,1566.2552114113118,1672.7599975585938,0.0028012946208806344,HOLD
2026-06-30,1769.199951171875,1769.199951171875,1784.9000244140625,1746.0999755859375,1771.800048828125,964898,1677.4849975585937,1674.7519921875,1627.0914990234376,1700.8073644816975,66.55859044411045,28.74464085905879,18.06809613854978,10.67654472050901,1791.9985217330777,1562.9714733841097,1677.4849975585937,0.008608389371246306,HOLD
2026-07-01,1804.5999755859373,1804.5999755859373,1815.0,1758.5,1783.0,580890,1685.8449951171874,1676.3659912109374,1628.0274987792968,1710.6923750630538,70.8738140824857,33.3504263979828,21.124562190436386,12.225864207546415,1811.3203771469703,1560.3696130874046,1685.8449951171874,0.020009057987263823,SELL
2026-07-02,1864.699951171875,1864.699951171875,1874.199951171875,1812.9000244140625,1822.9000244140625,1203886,1697.4849914550782,1678.9879907226561,1629.292498779297,1725.359763263894,76.4336966065821,41.37318603906101,25.17428696016131,16.1988990788997,1842.46057741619,1552.5094054939664,1697.4849914550782,0.033303766152619874,SELL
2026-07-03,1934.4000244140625,1934.4000244140625,1944.300048828125,1864.699951171875,1885.0,900582,1712.5349914550782,1683.5219921875,1630.9454986572266,1745.2683595639098,80.97052563080682,52.7474544376978,30.688920455668608,22.05853398202919,1887.224088118347,1537.8458947918093,1712.5349914550782,0.03737870706672375,SELL
2026-07-06,1953.4000244140625,1953.4000244140625,1986.0999755859373,1946.0,1960.5,1591522,1730.184991455078,1688.8499926757813,1632.7029986572265,1765.090422882972,81.98845349305007,62.57347720657026,37.065831805848944,25.507645400721316,1926.038337474075,1534.331645436081,1730.184991455078,0.00982216695626592,SELL
2026-07-07,1906.4000244140625,1906.4000244140625,1968.4000244140625,1902.0999755859373,1964.0,930378,1743.8799926757813,1692.5119921875,1634.034998779297,1778.5484801716475,71.76223421040447,65.80955228524181,42.81457590172752,22.994976383514285,1948.5997937945974,1539.1601915569652,1743.8799926757813,-0.024060611965077694,SELL
2026-07-08,1870.0999755859373,1870.0999755859373,1925.0,1858.0999755859373,1900.0999755859373,564485,1757.8049926757812,1695.7079907226562,1635.1704986572265,1787.2676702111037,65.01719230444982,64.69924194423379,47.19150911022878,17.50773283400501,1957.0109930028761,1558.5989923486864,1757.8049926757812,-0.019041150001706586,HOLD
2026-07-09,1873.199951171875,1873.199951171875,1919.5,1820.699951171875,1870.0,1719601,1772.3299926757813,1699.1659887695312,1636.2529986572265,1795.4516969692722,65.31699885579965,63.33931888113443,50.421071064409915,12.918247816724516,1960.3990551064855,1584.2609302450771,1772.3299926757813,0.0016576523321789605,HOLD
2026-07-10,1924.800048828125,1924.800048828125,1934.0999755859373,1846.0,1890.0999755859373,752660,1787.4299926757812,1704.269990234375,1637.585999145508,1807.7705876224964,69.93565044073813,65.66828360050249,53.47051357162843,12.19777002887406,1973.5361855516949,1601.3237997998676,1787.4299926757812,0.027546497438230677,HOLD
2026-07-13,1925.199951171875,1925.199951171875,1935.0,1881.800048828125,1905.199951171875,463195,1800.219989013672,1708.899990234375,1638.8609991455078,1818.954336531961,69.96902811164118,66.7765155920954,56.13171397572183,10.644801616373563,1987.2790080763837,1613.1609699509602,1800.219989013672,0.00020776305777503445,HOLD
2026-07-14,1916.5,1916.5,1947.9000244140625,1902.0,1926.5999755859373,698324,1810.8049865722655,1713.9039892578126,1640.0739990234374,1828.2443997193932,68.19522372921887,66.18978938841201,58.14332905825987,8.046460330152136,1999.0232723827448,1622.5867007617862,1810.8049865722655,-0.0045189857638315845,HOLD
2026-07-15,1887.699951171875,1887.699951171875,1937.199951171875,1885.0,1920.5,297705,1820.4499816894531,1718.1899877929689,1641.1824987792968,1833.9068331910582,62.54275722172577,62.67836422956884,59.050336092521675,3.628028137047167,2003.6033529118888,1637.2966104670174,1820.4499816894531,-0.0150274191641665,HOLD
2026-07-16,1861.199951171875,1861.199951171875,1896.0,1855.699951171875,1892.300048828125,420341,1828.799981689453,1721.9139868164064,1642.3879986572265,1836.5061777606597,57.795776425239545,57.09900418512393,58.660069711042134,-1.5610655259182025,2003.1862350225895,1654.4137283563166,1828.799981689453,-0.014038247966022821,HOLD
2026-07-17,1894.800048828125,1894.800048828125,1899.0,1856.0999755859373,1860.0,763441,1839.3649841308593,1725.7499877929688,1643.8624987792969,1842.0579750051802,61.759003873498905,54.75735947119824,57.87952766307336,-3.1221681918751187,2002.4995086248841,1676.2304596368344,1839.3649841308593,0.018052922059821785,HOLD
2026-07-20,1882.699951171875,1882.699951171875,1911.0,1841.0,1865.0,307109,1848.9449829101563,1730.7099877929688,1645.387498779297,1845.9286394020082,59.58884721846106,51.33347209629983,56.570316549718655,-5.236844453418826,1998.0249912860952,1699.8649745342175,1848.9449829101563,-0.006385949622353837,HOLD
2026-07-21,1884.800048828125,1884.800048828125,1897.5999755859373,1871.0,1896.5999755859373,198135,1857.9649841308594,1735.8719897460937,1646.8074987792968,1849.6306783949717,59.852531514974764,48.23347157747571,54.902947555270075,-6.669475977794363,1992.0465837422626,1723.8833845194563,1857.9649841308594,0.0011154712438075087,HOLD
